asof0,asof1,cp,K,T,price0_pde,delta0_pde,price0_bsm,delta0_bsm,S0,S1,T1,price1_pde,price1_bsm,pnl_pde,pnl_bsm,m,T_bucket,m_bucket,pair
2025-09-02,2025-09-03,C,6350.0,0.019178082191780823,111.72429108514412,0.7896909871880202,108.09999999888441,0.7648525344837436,6415.54,6448.26,0.052054794520547946,158.19736095396487,191.4266746753501,16.911310899207805,17.724025071691745,0.9860401559030421,1.0-2.0%,0.98-1.00,2025-09-02→2025-09-03
2025-09-02,2025-09-03,P,6350.0,0.019178082191780823,22.164352887267267,-0.2103090128119352,19.44999999989591,-0.24548211327314023,6415.54,6448.26,0.052054794520547946,47.66386842300711,28.455191629805768,27.781310899206574,28.932174746297214,0.9860401559030421,1.0-2.0%,0.98-1.00,2025-09-02→2025-09-03
2025-09-02,2025-09-03,C,6360.0,0.019178082191780823,105.09357852335489,0.7640327612169886,99.70000006763439,0.7444926914019317,6415.54,6448.26,0.052054794520547946,152.94691416820197,182.24010724378059,18.10084805297995,18.740199137328613,0.9875929750461965,1.0-2.0%,0.98-1.00,2025-09-02→2025-09-03
2025-09-02,2025-09-03,P,6360.0,0.019178082191780823,25.49581365114986,-0.23596723878292944,21.350000008508687,-0.26679079026681657,6415.54,6448.26,0.052054794520547946,52.39409330255093,29.694845648808496,28.670848052977508,29.679394657530302,0.9875929750461965,1.0-2.0%,0.98-1.00,2025-09-02→2025-09-03
2025-09-02,2025-09-03,C,6370.0,0.019178082191780823,98.85550867759167,0.7413280347197351,93.35000000000673,0.7140188004378223,6415.54,6448.26,0.052054794520547946,147.6094661617008,175.9596348807272,17.49374670397008,18.387304849674273,0.9891457941893508,1.0-2.0%,0.98-1.00,2025-09-02→2025-09-03
2025-09-02,2025-09-03,P,6370.0,0.019178082191780823,29.219917131059304,-0.25867196528020037,23.50000000000682,-0.28998797011255395,6415.54,6448.26,0.052054794520547946,57.037316961356,31.102054187994327,29.413746703968222,30.438406382082842,0.9891457941893508,1.0-2.0%,0.98-1.00,2025-09-02→2025-09-03
2025-09-02,2025-09-03,C,6375.0,0.019178082191780823,95.76573066636581,0.7256691078277092,89.49999999999909,0.7018031525188557,6415.54,6448.26,0.01643835616438356,90.04170998254584,108.34501731829732,-20.043893208122828,-19.262999150417134,0.989922203760928,1.0-2.0%,0.98-1.00,2025-09-02→2025-09-03
2025-09-02,2025-09-03,P,6375.0,0.019178082191780823,31.111225782670974,-0.2743308921722119,24.650000000000773,-0.3021915067581165,6415.54,6448.26,0.01643835616438356,12.337019870172186,14.142588964140714,-0.12389320812515514,0.7877061011256519,0.989922203760928,1.0-2.0%,0.98-1.00,2025-09-02→2025-09-03
2025-09-02,2025-09-03,C,6380.0,0.019178082191780823,92.89669867834499,0.7101728413115982,85.6999997825369,0.6891862701597595,6415.54,6448.26,0.01643835616438356,86.23552860177072,104.15669562843232,-19.88685536771568,-19.20017475962751,0.9906986133325052,1.0-2.0%,0.98-1.00,2025-09-02→2025-09-03
2025-09-02,2025-09-03,P,6380.0,0.019178082191780823,33.223280457486,-0.28982715868834613,25.79999978253636,-0.31461076017595035,6415.54,6448.26,0.01643835616438356,13.5273524579327,14.915888865457646,0.18314463228275812,0.9940640729571744,0.9906986133325052,1.0-2.0%,0.98-1.00,2025-09-02→2025-09-03
2025-09-02,2025-09-03,C,6385.0,0.019178082191780823,89.99236978087971,0.7021706940931917,81.89999998229723,0.6763412639681954,6415.54,6448.26,0.01643835616438356,82.40985265922194,99.96989949658382,-19.77502511072942,-18.929886157039537,0.9914750229040824,1.0-2.0%,0.98-1.00,2025-09-02→2025-09-03
2025-09-02,2025-09-03,P,6385.0,0.019178082191780823,35.30003822285788,-0.2978293059067364,27.04999998290623,-0.3276284446420308,6415.54,6448.26,0.01643835616438356,14.698190483926235,15.768305742562461,0.09497488926848874,1.070002708687328,0.9914750229040824,1.0-2.0%,0.98-1.00,2025-09-02→2025-09-03
2025-09-02,2025-09-03,C,6390.0,0.019178082191780823,87.09028586824033,0.6856918209198734,78.14999999891734,0.6630684095606028,6415.54,6448.26,0.01643835616438356,78.6226806815365,95.82335930732188,-19.48583638049844,-18.745598360823102,0.9922514324756596,1.0-2.0%,0.98-1.00,2025-09-02→2025-09-03
2025-09-02,2025-09-03,P,6390.0,0.019178082191780823,37.3790409730545,-0.31430817908001424,28.349999998991734,-0.3410477674182367,6415.54,6448.26,0.01643835616438356,15.907532474779208,16.66183658761406,0.3841636194981479,1.2590829499247942,0.9922514324756596,1.0-2.0%,0.98-1.00,2025-09-02→2025-09-03
2025-09-02,2025-09-03,C,6395.0,0.019178082191780823,84.38267485930466,0.6694349133203328,74.49999999995407,0.6492177529536698,6415.54,6448.26,0.01643835616438356,75.04888444313534,91.75745625371474,-18.603910363841447,-17.94240487664423,0.9930278420472368,1.0-2.0%,0.98-1.00,2025-09-02→2025-09-03
2025-09-02,2025-09-03,P,6395.0,0.019178082191780823,39.652516626954494,-0.33056508667960965,29.649999999955526,-0.35472529923475493,6415.54,6448.26,0.01643835616438356,17.330250204920354,17.55672855536409,0.716089636156914,1.5066117909612746,0.9930278420472368,1.0-2.0%,0.98-1.00,2025-09-02→2025-09-03
2025-09-02,2025-09-03,C,6400.0,0.019178082191780823,81.70236488384748,0.6584296430002998,70.85000025706859,0.6350905856520332,6415.54,6448.26,0.01643835616438356,71.44462517481034,87.69277098852035,-19.043817918969978,-18.28016396253469,0.993804251618814,1.0-2.0%,0.98-1.00,2025-09-02→2025-09-03
2025-09-02,2025-09-03,P,6400.0,0.019178082191780823,41.9532933143334,-0.3415703569996592,31.05000024652645,-0.36897043539287216,6415.54,6448.26,0.01643835616438356,18.72250490513179,18.533013219824852,0.826182081028934,1.7227126460548696,0.993804251618814,1.0-2.0%,0.98-1.00,2025-09-02→2025-09-03
2025-09-02,2025-09-03,C,6405.0,0.019178082191780823,78.99203804894522,0.6446168239190416,67.25000002181605,0.6205199140123168,6415.54,6448.26,0.01643835616438356,67.88656317852012,83.66916331439461,-18.79186247863121,-18.003411586483164,0.9945806611903912,1.0-2.0%,0.98-1.00,2025-09-02→2025-09-03
2025-09-02,2025-09-03,P,6405.0,0.019178082191780823,44.22405314226798,-0.3553831760808526,32.550000020065454,-0.3837464132798435,6415.54,6448.26,0.01643835616438356,20.16095687738212,19.592294388535947,0.9781375213655892,1.906182642516578,0.9945806611903912,1.0-2.0%,0.98-1.00,2025-09-02→2025-09-03
2025-09-02,2025-09-03,C,6410.0,0.019178082191780823,76.40085314594907,0.6279002913707168,63.85000000116361,0.6051888337255726,6415.54,6448.26,0.01643835616438356,64.49926290389557,79.81111922739547,-18.69489753365001,-17.95177863950089,0.9953570707619684,1.0-2.0%,0.98-1.00,2025-09-02→2025-09-03
2025-09-02,2025-09-03,P,6410.0,0.019178082191780823,46.61395490210832,-0.37209970862919567,34.05000000111613,-0.39881198654022537,6415.54,6448.26,0.01643835616438356,21.77017057129588,20.653239497089544,1.2251024663473817,2.0991281995962794,0.9953570707619684,1.0-2.0%,0.98-1.00,2025-09-02→2025-09-03
2025-09-02,2025-09-03,C,6415.0,0.019178082191780823,73.93267478805689,0.6132252257494559,60.45000000003756,0.5895743264569608,6415.54,6448.26,0.01643835616438356,61.15435837736638,75.95539690300211,-18.36472938652236,-17.590871961671912,0.9961334803335457,1.0-2.0%,0.98-1.00,2025-09-02→2025-09-03
2025-09-02,2025-09-03,P,6415.0,0.019178082191780823,49.126863207052644,-0.38677477425045603,35.65000000003465,-0.41439460657145083,6415.54,6448.26,0.01643835616438356,23.421780013306197,21.798491468834754,1.4552706134750206,2.3589915270179773,0.9961334803335457,1.0-2.0%,0.98-1.00,2025-09-02→2025-09-03
2025-09-02,2025-09-03,C,6420.0,0.019178082191780823,71.39372615649516,0.6030645892618636,57.149999999999636,0.5734780743382814,6415.54,6448.26,0.01643835616438356,57.83043444414545,72.18551515824038,-18.33227336064833,-17.364202592348715,0.9969098899051229,1.0-2.0%,0.98-1.00,2025-09-02→2025-09-03
2025-09-02,2025-09-03,P,6420.0,0.019178082191780823,51.569001238327075,-0.3969354107380971,37.350000000000364,-0.43045749121914684,6415.54,6448.26,0.01643835616438356,25.09437004862549,23.0296192765245,1.5377266393506357,2.634569112690592,0.9969098899051229,1.0-2.0%,0.98-1.00,2025-09-02→2025-09-03
2025-09-02,2025-09-03,C,6425.0,0.019178082191780823,68.90165600946743,0.586012843885124,53.8999996975208,0.5569901772534782,6415.54,6448.26,0.01643835616438356,54.61147437256126,68.4600932914309,-18.024340251921416,-17.07471859973396,0.9976862994767,1.0-2.0%,0.98-1.00,2025-09-02→2025-09-03
2025-09-02,2025-09-03,P,6425.0,0.019178082191780823,54.05801775413502,-0.41398715611480014,38.99999969752071,-0.4468068530822375,6415.54,6448.26,0.01643835616438356,26.871923945578164,24.219286528457815,1.8456597480763666,2.9195202328509247,0.9976862994767,1.0-2.0%,0.98-1.00,2025-09-02→2025-09-03
2025-09-02,2025-09-03,C,6430.0,0.019178082191780823,66.60840187001669,0.5693906692099832,50.69999999430138,0.5400955327954213,6415.54,6448.26,0.01643835616438356,51.554543583157844,64.77912840168301,-17.730462696550795,-16.771925833066327,0.9984627090482772,1.0-2.0%,0.98-1.00,2025-09-02→2025-09-03
2025-09-02,2025-09-03,P,6430.0,0.019178082191780823,56.74585027752071,-0.4306093307899985,40.79999999430083,-0.46370149754029405,6415.54,6448.26,0.01643835616438356,28.81150712471569,25.538321638708567,2.189537303448862,3.2723129995185403,0.9984627090482772,1.0-2.0%,0.98-1.00,2025-09-02→2025-09-03
2025-09-02,2025-09-03,C,6435.0,0.019178082191780823,64.24988475444252,0.561399473656038,47.59999999999627,0.5227602223062552,6415.54,6448.26,0.01643835616438356,48.45721629763307,61.18656274921659,-17.768990778025707,-16.5047144738608,0.9992391186198544,1.0-2.0%,0.98-1.00,2025-09-02→2025-09-03
2025-09-02,2025-09-03,P,6435.0,0.019178082191780823,59.36841982478287,-0.4386005263438978,42.69999999999618,-0.48103680802946075,6415.54,6448.26,0.01643835616438356,30.710693807729875,26.945755986242602,2.201009221972445,3.5895243587240753,0.9992391186198544,1.0-2.0%,0.98-1.00,2025-09-02→2025-09-03
2025-09-02,2025-09-03,C,6440.0,0.019178082191780823,61.88928154900397,0.5440527279141962,44.60000000026912,0.5050205315800989,6415.54,6448.26,0.01643835616438356,45.42442539782758,57.68388867628937,-17.40140525735264,-16.124271793300963,1.0000155281914316,1.0-2.0%,1.00-1.02,2025-09-02→2025-09-03
2025-09-02,2025-09-03,P,6440.0,0.019178082191780823,61.98890328218062,-0.4559472720857052,44.70000000026994,-0.49877649875561714,6415.54,6448.26,0.01643835616438356,32.67441687646325,28.443081913315837,2.5185947426443835,3.9199670392839145,1.0000155281914316,1.0-2.0%,1.00-1.02,2025-09-02→2025-09-03
2025-09-02,2025-09-03,C,6445.0,0.019178082191780823,59.694256755131605,0.5272193963809376,41.699999999993,0.48691349585064364,6415.54,6448.26,0.01643835616438356,42.641166216512296,54.27259315599849,-17.100618649584415,-15.781809584233185,1.0007919377630088,1.0-2.0%,1.00-1.02,2025-09-02→2025-09-03
2025-09-02,2025-09-03,P,6445.0,0.019178082191780823,64.77496515114422,-0.4727806036189693,46.79999999999245,-0.5168835344850728,6415.54,6448.26,0.01643835616438356,34.88767166368823,30.031786393024504,2.8193813504127974,4.262429248351715,1.0007919377630088,1.0-2.0%,1.00-1.02,2025-09-02→2025-09-03
2025-09-02,2025-09-03,C,6450.0,0.019178082191780823,57.52232088310496,0.5157249982591475,38.849999989784465,0.46843073123578444,6415.54,6448.26,0.01643835616438356,39.75953036184257,50.90838558995665,-16.97452194303944,-15.427053526034987,1.001568347334586,1.0-2.0%,1.00-1.02,2025-09-02→2025-09-03
2025-09-02,2025-09-03,P,6450.0,0.019178082191780823,67.58411594195454,-0.4842750017408104,49.04999998999665,-0.5352741970924696,6415.54,6448.26,0.01643835616438356,37.00254977755715,31.759116272642586,2.895478056959444,4.564171728865745,1.001568347334586,1.0-2.0%,1.00-1.02,2025-09-02→2025-09-03
2025-09-02,2025-09-03,C,6455.0,0.019178082191780823,55.30609996814719,0.5023465052960879,36.14999939507334,0.44968061636168954,6415.54,6448.26,0.01643835616438356,36.95554544289508,47.68365217682231,-16.736777653288122,-15.013549767354593,1.0023447569061632,1.0-2.0%,1.00-1.02,2025-09-02→2025-09-03
2025-09-02,2025-09-03,P,6455.0,0.019178082191780823,70.3489816898331,-0.49765349470385617,51.19999938869705,-0.5541848486382035,6415.54,6448.26,0.01643835616438356,39.195078827149125,33.39646366660463,3.1832223467102985,5.0329282474421575,1.0023447569061632,1.0-2.0%,1.00-1.02,2025-09-02→2025-09-03
2025-09-02,2025-09-03,C,6460.0,0.019178082191780823,53.182701933643735,0.4854666974805337,33.55000000000291,0.4306773676233362,6415.54,6448.26,0.01643835616438356,34.32786376776723,44.55467224043559,-16.48447034156318,-14.691763468635664,1.0031211664777404,1.0-2.0%,1.00-1.02,2025-09-02→2025-09-03
2025-09-02,2025-09-03,P,6460.0,0.019178082191780823,73.2066703181648,-0.5145333025193699,53.60000000000218,-0.5732112342131387,6415.54,6448.26,0.01643835616438356,41.56391112056066,35.266851199944995,3.4855296584339115,5.405471583454041,1.0031211664777404,1.0-2.0%,1.00-1.02,2025-09-02→2025-09-03
2025-09-02,2025-09-03,C,6465.0,0.019178082191780823,51.191127764959,0.4699287753767998,31.05000000029895,0.4114606652324165,6415.54,6448.26,0.01643835616438356,31.72530929816017,41.5228760290629,-16.22606953032901,-14.312992966404773,1.0038975760493176,1.0-2.0%,1.00-1.02,2025-09-02→2025-09-03
2025-09-02,2025-09-03,P,6465.0,0.019178082191780823,76.196182812318,-0.5300712246231687,56.05000000031305,-0.5925679338317656,6415.54,6448.26,0.01643835616438356,43.95787061949294,37.1867368412677,3.843930469670216,5.888822794975521,1.0038975760493176,1.0-2.0%,1.00-1.02,2025-09-02→2025-09-03
2025-09-02,2025-09-03,C,6470.0,0.019178082191780823,49.120954171023136,0.46119972409290994,28.550000014229227,0.39178918575402627,6415.54,6448.26,0.01643835616438356,29.160094812948884,38.49300630436983,-15.990454972320133,-13.719342157871841,1.0046739856208948,1.0-2.0%,1.00-1.02,2025-09-02→2025-09-03
2025-09-02,2025-09-03,P,6470.0,0.019178082191780823,79.10709588121843,-0.5388002759070131,58.60000001457274,-0.6121492447936436,6415.54,6448.26,0.01643835616438356,46.38917010282104,39.203856089908186,3.8795450276776045,6.279523289648175,1.0046739856208948,1.0-2.0%,1.00-1.02,2025-09-02→2025-09-03
2025-09-02,2025-09-03,C,6475.0,0.019178082191780823,47.078007423995615,0.44436849637931364,26.25000037248128,0.3722154939896826,6415.54,6448.26,0.01643835616438356,26.690011538705335,35.65842551928836,-15.689737201531255,-13.32889096334251,1.005450395192472,1.0-2.0%,1.00-1.02,2025-09-02→2025-09-03
2025-09-02,2025-09-03,P,6475.0,0.019178082191780823,82.04523579702645,-0.5556315036206061,61.30000038168873,-0.6317492149442675,6415.54,6448.26,0.01643835616438356,48.915600797116916,41.36858280863589,4.2802627984663815,6.7708343129766035,1.005450395192472,1.0-2.0%,1.00-1.02,2025-09-02→2025-09-03
2025-09-02,2025-09-03,C,6480.0,0.019178082191780823,45.227284314621734,0.42805065509358065,23.99999999969259,0.35235513379818445,6415.54,6448.26,0.01643835616438356,24.406815670297288,32.87542843385609,-15.255817434662069,-12.779059977876685,1.0062268047640492,1.0-2.0%,1.00-1.02,2025-09-02→2025-09-03
2025-09-02,2025-09-03,P,6480.0,0.019178082191780823,85.17559935048915,-0.5719493449063517,64.09999999969295,-0.6514418965375337,6415.54,6448.26,0.01643835616438356,51.628918897247075,43.63462167088255,4.664182565335977,7.265178854708271,1.0062268047640492,1.0-2.0%,1.00-1.02,2025-09-02→2025-09-03
2025-09-02,2025-09-03,C,6485.0,0.019178082191780823,43.33601257317591,0.41930999624219495,21.89999998031726,0.33261308243858473,6415.54,6448.26,0.01643835616438356,22.10699761214338,30.244142017061222,-15.119823077044725,-12.283100057390575,1.0070032143356265,1.0-2.0%,1.00-1.02,2025-09-02→2025-09-03
2025-09-02,2025-09-03,P,6485.0,0.019178082191780823,88.26541427188,-0.5806900037577962,68.49999999442025,-0.6647201463426867,6415.54,6448.26,0.01643835616438356,54.32561480763312,47.51310887438012,3.300176922955238,6.049643188332876,1.0070032143356265,1.0-2.0%,1.00-1.02,2025-09-02→2025-09-03
2025-09-02,2025-09-03,C,6490.0,0.019178082191780823,41.43920140728792,0.4041037386057804,19.90000077513423,0.312866434793356,6415.54,6448.26,0.01643835616438356,19.919655129071465,27.71688004409134,-14.722274327181237,-11.736989746438688,1.0077796239072037,1.0-2.0%,1.00-1.02,2025-09-02→2025-09-03
2025-09-02,2025-09-03,P,6490.0,0.019178082191780823,91.34968976882755,-0.5958962613941559,71.5999997944482,-0.6831426430214805,6415.54,6448.26,0.01643835616438356,57.13478629310076,50.10925315085342,3.7977256728169344,6.652427279663023,1.0077796239072037,1.0-2.0%,1.00-1.02,2025-09-02→2025-09-03
2025-09-02,2025-09-03,C,6350.0,0.021917808219178082,118.68776512343696,0.764809330880352,111.40333393432229,0.7516750210486852,6415.54,6448.26,0.052054794520547946,158.19736095396487,186.05490735779313,14.425438693594707,14.855193311286847,0.9859552687270484,2.0-3.0%,0.98-1.00,2025-09-02→2025-09-03
2025-09-02,2025-09-03,P,6350.0,0.021917808219178082,28.58322985247966,-0.23519066911961586,22.448851185725516,-0.259053400267213,6415.54,6448.26,0.052054794520547946,47.66386842300711,30.35769647330403,25.59543869359389,26.376227256743277,0.9859552687270484,2.0-3.0%,0.98-1.00,2025-09-02→2025-09-03
2025-09-02,2025-09-03,C,6360.0,0.021917808219178082,112.03383136347357,0.7421510121790872,105.10320874843,0.7235384960416069,6415.54,6448.26,0.052054794520547946,152.94691416820197,179.90846512214102,13.416818881500095,14.025820409518456,0.9875079541896107,2.0-3.0%,0.98-1.00,2025-09-02→2025-09-03
2025-09-02,2025-09-03,P,6360.0,0.021917808219178082,31.890611785002655,-0.2578489878208359,24.498759368900664,-0.2797417133983586,6415.54,6448.26,0.052054794520547946,52.39409330255093,31.798798142869828,26.23681888149781,26.953148862394364,0.9875079541896107,2.0-3.0%,0.98-1.00,2025-09-02→2025-09-03
2025-09-02,2025-09-03,C,6370.0,0.021917808219178082,105.71238999060823,0.7222114468572083,97.20311324004888,0.7020028555943135,6415.54,6448.26,0.052054794520547946,147.6094661617008,171.23834375612296,14.269241458831953,14.930466564953875,0.989060639652173,2.0-3.0%,0.98-1.00,2025-09-02→2025-09-03
2025-09-02,2025-09-03,P,6370.0,0.021917808219178082,35.53048610462356,-0.27778855314271644,26.59866360830779,-0.30133421629632506,6415.54,6448.26,0.052054794520547946,57.037316961356,33.13101196110756,26.939241458829756,27.709655557215832,0.989060639652173,2.0-3.0%,0.98-1.00,2025-09-02→2025-09-03
2025-09-02,2025-09-03,C,6375.0,0.021917808219178082,102.57073566637524,0.708425851174454,93.3530622698172,0.6905705556469217,6415.54,6448.26,0.019178082191780823,93.85269886228394,112.16023003745886,-19.629693850428303,-19.045468580767444,0.9898369823834541,2.0-3.0%,0.98-1.00,2025-09-02→2025-09-03
2025-09-02,2025-09-03,P,6375.0,0.021917808219178082,37.369489626634135,-0.2915741488254801,27.848610966826527,-0.313141383628927,6415.54,6448.26,0.019178082191780823,15.52016509556336,16.954324250549462,0.2903061495697834,0.995986072338571,0.9898369823834541,2.0-3.0%,0.98-1.00,2025-09-02→2025-09-03
2025-09-02,2025-09-03,C,6380.0,0.021917808219178082,99.63194482924081,0.6947439379063084,89.65300873375145,0.6784440108476711,6415.54,6448.26,0.019178082191780823,90.16266635879111,108.08175448185284,-19.482021648294587,-18.948688034935973,0.9906133251147352,2.0-3.0%,0.98-1.00,2025-09-02→2025-09-03
2025-09-02,2025-09-03,P,6380.0,0.021917808219178082,39.41135663574412,-0.30525606209363293,28.998559526944973,-0.3247964400029321,6415.54,6448.26,0.019178082191780823,16.82615413421452,17.7547419508212,0.5879783517037485,1.2273395168960235,0.9906133251147352,2.0-3.0%,0.98-1.00,2025-09-02→2025-09-03
2025-09-02,2025-09-03,C,6385.0,0.021917808219178082,96.65880315481185,0.6877197547358672,85.85295550816045,0.6664371546651753,6415.54,6448.26,0.019178082191780823,86.44475598871658,103.92369635594696,-19.452190374957738,-18.755823700644694,0.9913896678460163,2.0-3.0%,0.98-1.00,2025-09-02→2025-09-03
2025-09-02,2025-09-03,P,6385.0,0.021917808219178082,41.41887280755836,-0.3122802452640818,30.19850611576794,-0.33684587422736184,6415.54,6448.26,0.019178082191780823,18.104265306284205,18.59528248771494,0.6178096250408398,1.4215970047193682,0.9913896678460163,2.0-3.0%,0.98-1.00,2025-09-02→2025-09-03
2025-09-02,2025-09-03,C,6390.0,0.021917808219178082,93.68470288724896,0.6731859158825836,82.15289990181009,0.653898303938698,6415.54,6448.26,0.019178082191780823,82.77426375440336,99.84708005218636,-17.576643167678316,-16.945552504874374,0.9921660105772976,2.0-3.0%,0.98-1.00,2025-09-02→2025-09-03
2025-09-02,2025-09-03,P,6390.0,0.021917808219178082,43.425430386239164,-0.32681408411730456,31.598449074991095,-0.34970824385873134,6415.54,6448.26,0.019178082191780823,19.429794614114673,19.59910041257399,0.7933568323182865,1.5424537390577768,0.9921660105772976,2.0-3.0%,0.98-1.00,2025-09-02→2025-09-03
2025-09-02,2025-09-03,C,6395.0,0.021917808219178082,90.89294939030935,0.6587795695175976,78.50284327408463,0.6409869133886984,6415.54,6448.26,0.019178082191780823,79.29618918836809,95.81193314582288,-18.905267514615957,-18.32309180607837,0.9929423533085787,2.0-3.0%,0.98-1.00,2025-09-02→2025-09-03
2025-09-02,2025-09-03,P,6395.0,0.021917808219178082,45.614334735542144,-0.3412204304823464,32.79839410222212,-0.36226097286993786,6415.54,6448.26,0.019178082191780823,20.947741590224602,20.439201889958667,1.1647324853824657,1.8531790323044621,0.9929423533085787,2.0-3.0%,0.98-1.00,2025-09-02→2025-09-03
2025-09-02,2025-09-03,C,6400.0,0.021917808219178082,88.13047259759978,0.6489907043945575,74.90278379381425,0.6277010632506245,6415.54,6448.26,0.019178082191780823,75.77231175733024,91.81851820986958,-18.7849758477901,-18.088378789560604,0.9937186960398599,2.0-3.0%,0.98-1.00,2025-09-02→2025-09-03
2025-09-02,2025-09-03,P,6400.0,0.021917808219178082,47.832515789075416,-0.35100929560541033,34.29833326916241,-0.3758383361910235,6415.54,6448.26,0.019178082191780823,22.419885701329342,21.527282441133366,1.1850241522091185,1.997430360170389,0.9937186960398599,2.0-3.0%,0.98-1.00,2025-09-02→2025-09-03
2025-09-02,2025-09-03,C,6405.0,0.021917808219178082,85.33892989935057,0.6367260549042789,71.30272358245884,0.6141394051495787,6415.54,6448.26,0.019178082191780823,72.30131782604774,87.82492414386343,-18.483676516468158,-17.74464133649436,0.994495038771141,2.0-3.0%,0.98-1.00,2025-09-02→2025-09-03
2025-09-02,2025-09-03,P,6405.0,0.021917808219178082,50.021630937069304,-0.36327394509563027,35.79827198046951,-0.38964196880010454,6415.54,6448.26,0.019178082191780823,23.944913312189843,22.616772186578146,1.386323483529118,2.2490852191395234,0.994495038771141,2.0-3.0%,0.98-1.00,2025-09-02→2025-09-03
2025-09-02,2025-09-03,C,6410.0,0.021917808219178082,82.66071991519541,0.6218334372330812,67.95266004774749,0.5998145938826225,6415.54,6448.26,0.019178082191780823,68.98038634498593,84.04288634869044,-18.346390066266572,-17.62593351183956,0.9952713815024221,2.0-3.0%,0.98-1.00,2025-09-02→2025-09-03
2025-09-02,2025-09-03,P,6410.0,0.021917808219178082,52.324078799158194,-0.37816656276683636,37.29820956675121,-0.4037139684727883,6415.54,6448.26,0.019178082191780823,25.620003373271494,23.706669947006276,1.623609933730986,2.459521048429739,0.9952713815024221,2.0-3.0%,0.98-1.00,2025-09-02→2025-09-03
2025-09-02,2025-09-03,C,6415.0,0.021917808219178082,80.10394927431966,0.608678642836661,64.40259681723091,0.5855571122351593,6415.54,6448.26,0.019178082191780823,65.68066901305438,80.09077938675819,-17.965965193615713,-17.20942871233457,0.9960477242337032,2.0-3.0%,0.98-1.00,2025-09-02→2025-09-03
2025-09-02,2025-09-03,P,6415.0,0.021917808219178082,54.74796600452724,-0.39132135716326377,38.8981450961428,-0.4182510882409363,6415.54,6448.26,0.019178082191780823,27.316307583484615,24.881803237454733,1.8040348063820897,2.6851756072435435,0.9960477242337032,2.0-3.0%,0.98-1.00,2025-09-02→2025-09-03
2025-09-02,2025-09-03,C,6420.0,0.021917808219178082,77.48712347532161,0.5995210303873705,60.902531584239114,0.5708480213299698,6415.54,6448.26,0.019178082191780823,62.39974553150054,76.17943874754747,-17.76632811427492,-16.828147257916765,0.9968240669649844,2.0-3.0%,0.98-1.00,2025-09-02→2025-09-03
2025-09-02,2025-09-03,P,6420.0,0.021917808219178082,57.11179805177162,-0.40047896961259466,40.54807898670333,-0.43315782754552956,6415.54,6448.26,0.019178082191780823,29.031405644073857,26.10017543475078,1.9536718857242015,3.02292411728984,0.9968240669649844,2.0-3.0%,0.98-1.00,2025-09-02→2025-09-03
2025-09-02,2025-09-03,C,6425.0,0.021917808219178082,74.91289111385257,0.5842448632080094,57.80246263871368,0.5553481926551518,6415.54,6448.26,0.019178082191780823,59.214632432756005,72.61554318830167,-17.666491924166213,-16.720992863676706,0.9976004096962655,2.0-3.0%,0.98-1.00,2025-09-02→2025-09-03
2025-09-02,2025-09-03,P,6425.0,0.021917808219178082,59.51822353654533,-0.41575513679191745,42.24801098924763,-0.4484429838263646,6415.54,6448.26,0.019178082191780823,30.842314087471728,27.361863101250037,2.2535080758316433,3.323054430798763,0.9976004096962655,2.0-3.0%,0.98-1.00,2025-09-02→2025-09-03
2025-09-02,2025-09-03,C,6430.0,0.021917808219178082,72.53417421278998,0.5692427090002505,54.602393326237234,0.539673736973507,6415.54,6448.26,0.019178082191780823,56.15758118060567,68.96575832673852,-17.37562143848834,-16.408124673773283,0.9983767524275466,2.0-3.0%,0.98-1.00,2025-09-02→2025-09-03
2025-09-02,2025-09-03,P,6430.0,0.021917808219178082,62.12016448172606,-0.4307572909997339,44.0479415431364,-0.46414841930994555,6415.54,6448.26,0.019178082191780823,32.781284377466534,28.711165043661367,2.5443785615114063,3.6369362798215388,0.9983767524275466,2.0-3.0%,0.98-1.00,2025-09-02→2025-09-03
2025-09-02,2025-09-03,C,6435.0,0.021917808219178082,70.10465096921716,0.5618904943244247,51.50232211278535,0.5236150832043296,6415.54,6448.26,0.019178082191780823,53.04231326413656,65.40497926714261,-17.335056974295323,-16.0826855224458,0.9991530951588278,2.0-3.0%,0.98-1.00,2025-09-02→2025-09-03
2025-09-02,2025-09-03,P,6435.0,0.021917808219178082,64.67129908439678,-0.43810950567551044,45.947870186402724,-0.4802394002688274,6415.54,6448.26,0.019178082191780823,34.66203800314146,30.14944095185274,2.534943025702809,3.9134331767961505,0.9991530951588278,2.0-3.0%,0.98-1.00,2025-09-02→2025-09-03
2025-09-02,2025-09-03,C,6440.0,0.021917808219178082,67.67481322152084,0.5462362870494667,48.40224933210038,0.5072034774886895,6415.54,6448.26,0.019178082191780823,50.007634193298244,61.84408378983562,-17.022851312258688,-15.74569778343005,0.9999294378901089,2.0-3.0%,0.98-1.00,2025-09-02→2025-09-03
2025-09-02,2025-09-03,P,6440.0,0.021917808219178082,67.22211918294376,-0.45376371295043916,47.94779727730656,-0.49667997613404424,6415.54,6448.26,0.019178082191780823,36.62338047444733,31.67806546253587,2.7971486877384883,4.201368819106058,0.9999294378901089,2.0-3.0%,0.98-1.00,2025-09-02→2025-09-03
2025-09-02,2025-09-03,C,6445.0,0.021917808219178082,65.40532890773787,0.5309606973007448,45.40217398601908,0.4904106503819519,6415.54,6448.26,0.019178082191780823,47.170316429744915,58.37295039765695,-16.67303401568051,-15.346236480497595,1.0007057806213902,2.0-3.0%,1.00-1.02,2025-09-02→2025-09-03
2025-09-02,2025-09-03,P,6445.0,0.021917808219178082,69.9332927154041,-0.4690393026991467,49.94772193122344,-0.5134728032407823,6415.54,6448.26,0.019178082191780823,38.782084253037254,33.20693207035674,3.046965984316195,4.500830122038522,1.0007057806213902,2.0-3.0%,1.00-1.02,2025-09-02→2025-09-03
2025-09-02,2025-09-03,C,6450.0,0.021917808219178082,63.167699520218314,0.5204003210993506,42.552099008698406,0.4733086895997014,6415.54,6448.26,0.019178082191780823,44.214796528444154,55.03913491347612,-16.527498506370886,-14.98666032370235,1.0014821233526712,2.0-3.0%,1.00-1.02,2025-09-02→2025-09-03
2025-09-02,2025-09-03,P,6450.0,0.021917808219178082,72.67632117412813,-0.4795996789006045,52.047646784306835,-0.530612992318736,6415.54,6448.26,0.019178082191780823,40.82258589388002,34.82685707492874,3.2425014936279055,4.911657108669182,1.0014821233526712,2.0-3.0%,1.00-1.02,2025-09-02→2025-09-03
2025-09-02,2025-09-03,C,6455.0,0.021917808219178082,60.89461702154524,0.5081592706473173,39.80202175165823,0.45593245115739733,6415.54,6448.26,0.019178082191780823,41.35314623377351,51.798742904751634,-16.426971335580347,-14.718109801870154,1.0022584660839524,2.0-3.0%,1.00-1.02,2025-09-02→2025-09-03
2025-09-02,2025-09-03,P,6455.0,0.021917808219178082,75.38389652169833,-0.49184072935262624,54.24756918446474,-0.5480656380237511,6415.54,6448.26,0.019178082191780823,42.95695714135257,36.53913811189068,3.4430286644180583,5.282707676137278,1.0022584660839524,2.0-3.0%,1.00-1.02,2025-09-02→2025-09-03
2025-09-02,2025-09-03,C,6460.0,0.021917808219178082,58.708900162099226,0.49277209001859335,37.10194350120628,0.4382431637820607,6415.54,6448.26,0.019178082191780823,38.62095615680827,48.60578679256514,-16.073502785408504,-14.28931631894914,1.0030348088152334,2.0-3.0%,1.00-1.02,2025-09-02→2025-09-03
2025-09-02,2025-09-03,P,6460.0,0.021917808219178082,78.17883750849491,-0.5072279099813131,56.54749076104645,-0.5657948148827857,6415.54,6448.26,0.019178082191780823,45.22078860653227,38.34508011961498,3.796497214588694,5.712806342964896,1.0030348088152334,2.0-3.0%,1.00-1.02,2025-09-02→2025-09-03
2025-09-02,2025-09-03,C,6465.0,0.021917808219178082,56.655102988645424,0.47852036754909455,34.50186399707445,0.4203159734770419,6415.54,6448.26,0.019178082191780823,35.88788995248273,45.50783219571531,-15.807186426206494,-13.902738652168917,1.0038111515465147,2.0-3.0%,1.00-1.02,2025-09-02→2025-09-03
2025-09-02,2025-09-03,P,6465.0,0.021917808219178082,81.10569818128559,-0.5214796324508734,59.04741194228018,-0.5835674801456928,6415.54,6448.26,0.019178082191780823,47.48374394435026,40.34181386841465,3.9628135737927153,5.9943279503672215,1.0038111515465147,2.0-3.0%,1.00-1.02,2025-09-02→2025-09-03
2025-09-02,2025-09-03,C,6470.0,0.021917808219178082,54.53591847727482,0.4703394014593017,32.00178360882455,0.4021889429459335,6415.54,6448.26,0.019178082191780823,33.19788643011259,42.5061851846458,-15.689505215748472,-13.459622213191047,1.0045874942777957,2.0-3.0%,1.00-1.02,2025-09-02→2025-09-03
2025-09-02,2025-09-03,P,6470.0,0.021917808219178082,83.96717151615796,-0.5296605985406241,61.447330492287165,-0.6019339262466827,6415.54,6448.26,0.019178082191780823,49.78976196412417,42.24316536707329,4.1304947842493505,6.4952780667916095,1.0045874942777957,2.0-3.0%,1.00-1.02,2025-09-02→2025-09-03
2025-09-02,2025-09-03,C,6475.0,0.021917808219178082,52.44014247972184,0.45491399145472616,29.651703191637353,0.38404306855707976,6415.54,6448.26,0.019178082191780823,30.582443810109012,39.651251320455685,-15.434785800398753,-13.115889203187745,1.005363837009077,2.0-3.0%,1.00-1.02,2025-09-02→2025-09-03
2025-09-02,2025-09-03,P,6475.0,0.021917808219178082,86.85205336484825,-0.5450860085451985,63.99724861835284,-0.6204094900882162,6415.54,6448.26,0.019178082191780823,52.170340886263794,44.288803493242085,4.485214199599032,6.949798515686592,1.005363837009077,2.0-3.0%,1.00-1.02,2025-09-02→2025-09-03
2025-09-02,2025-09-03,C,6480.0,0.021917808219178082,50.529918292291576,0.4398830773464981,27.30162086847895,0.3654934388007051,6415.54,6448.26,0.019178082191780823,28.106555746886578,36.79703939312458,-14.992974290777532,-12.558945317559166,1.006140179740358,2.0-3.0%,1.00-1.02,2025-09-02→2025-09-03
2025-09-02,2025-09-03,P,6480.0,0.021917808219178082,89.92248702366169,-0.5601169226534272,66.74716734303911,-0.6387216107088217,6415.54,6448.26,0.019178082191780823,54.690474365184244,46.53155332942151,4.727025709220278,7.298971102392809,1.006140179740358,2.0-3.0%,1.00-1.02,2025-09-02→2025-09-03
2025-09-02,2025-09-03,C,6485.0,0.021917808219178082,48.58844172260131,0.43163908049698785,25.10153888468858,0.34700728539464454,6415.54,6448.26,0.019178082191780823,25.603010337469616,34.09215720412476,-14.923230713861553,-12.154078378112859,1.0069165224716392,2.0-3.0%,1.00-1.02,2025-09-02→2025-09-03
2025-09-02,2025-09-03,P,6485.0,0.021917808219178082,92.96166830021541,-0.5683609195030033,71.09711042225626,-0.651556762012605,6415.54,6448.26,0.019178082191780823,57.1829504979121,50.38330587782184,3.346769286138418,6.06893725305261,1.0069165224716392,2.0-3.0%,1.00-1.02,2025-09-02→2025-09-03
2025-09-02,2025-09-03,C,6490.0,0.021917808219178082,46.64125621337398,0.41756582635074363,23.001456701451843,0.32848627288906895,6415.54,6448.26,0.019178082191780823,23.236530730385066,31.488819923971278,-14.562753838196436,-11.648070848930418,1.0076928652029205,2.0-3.0%,1.00-1.02,2025-09-02→2025-09-03
2025-09-02,2025-09-03,P,6490.0,0.021917808219178082,95.9951406372301,-0.5824341736491971,73.99703140911333,-0.6693700256718965,6415.54,6448.26,0.019178082191780823,59.81249243296983,52.79846589536055,3.7072461618018764,6.551787239984623,1.0076928652029205,2.0-3.0%,1.00-1.02,2025-09-02→2025-09-03
2025-09-02,2025-09-03,C,6350.0,0.024657534246575342,126.3937683844933,0.7399281434556579,117.1422686779024,0.7311351478467736,6415.54,6448.26,0.052054794520547946,158.19736095396487,185.52602568706516,9.489551146130701,9.777257962453401,0.9858504251911953,2.0-3.0%,0.98-1.00,2025-09-02→2025-09-03
2025-09-02,2025-09-03,P,6350.0,0.024657534246575342,35.61660521552256,-0.2600718565442994,27.20293222292844,-0.2773098328536127,6415.54,6448.26,0.052054794520547946,47.66386842300711,34.48498787772519,21.659551146129544,22.22357773097028,0.9858504251911953,2.0-3.0%,0.98-1.00,2025-09-02→2025-09-03
2025-09-02,2025-09-03,C,6360.0,0.024657534246575342,119.78151771741302,0.719356563627953,110.69252732852146,0.70667425643769,6415.54,6448.26,0.052054794520547946,152.94691416820197,179.0043901538529,8.562653238093205,8.977618329358613,0.9874029455458271,2.0-3.0%,0.98-1.00,2025-09-02→2025-09-03
2025-09-02,2025-09-03,P,6360.0,0.024657534246575342,38.96461098439549,-0.280643436371969,29.353136779918714,-0.29665523779182584,6415.54,6448.26,0.052054794520547946,52.39409330255093,36.03078839890827,22.132653238090892,22.656559380548615,0.9874029455458271,2.0-3.0%,0.98-1.00,2025-09-02→2025-09-03
2025-09-02,2025-09-03,C,6370.0,0.024657534246575342,113.44201311333234,0.7013882324424173,102.84273797996684,0.6867408641584649,6415.54,6448.26,0.052054794520547946,147.6094661617008,170.40029855222656,9.300577034483926,9.779838924734854,0.9889554659004589,2.0-3.0%,0.98-1.00,2025-09-02→2025-09-03
2025-09-02,2025-09-03,P,6370.0,0.024657534246575342,42.5853628162694,-0.29861176755751073,31.65335283556942,-0.3171000219023797,6415.54,6448.26,0.052054794520547946,57.037316961356,37.63297737277071,22.57057703448183,23.175512716645947,0.9889554659004589,2.0-3.0%,0.98-1.00,2025-09-02→2025-09-03
2025-09-02,2025-09-03,C,6375.0,0.024657534246575342,110.28617265199775,0.6890093332594001,99.14285328895676,0.675846215349609,6415.54,6448.26,0.021917808219178082,97.78015946353528,117.56020842986163,-18.74438538424775,-18.31368816623938,0.9897317260777748,2.0-3.0%,0.98-1.00,2025-09-02→2025-09-03
2025-09-02,2025-09-03,P,6375.0,0.024657534246575342,44.409650572911545,-0.3109906667405346,32.853465265588966,-0.32772220671148083,6415.54,6448.26,0.021917808219178082,18.539620514853766,21.309813908124625,1.0756146157503768,1.6230706035997429,0.9897317260777748,2.0-3.0%,0.98-1.00,2025-09-02→2025-09-03
2025-09-02,2025-09-03,C,6380.0,0.024657534246575342,107.3025492687345,0.6767615167762284,95.44297009062029,0.6648012957440241,6415.54,6448.26,0.021917808219178082,94.18503215405994,113.51997536607541,-17.693636828918365,-17.302298396744636,0.9905079862550907,2.0-3.0%,0.98-1.00,2025-09-02→2025-09-03
2025-09-02,2025-09-03,P,6380.0,0.024657534246575342,46.40615540762663,-0.3232384832237079,34.15358235398162,-0.33879413346864473,6415.54,6448.26,0.021917808219178082,19.93980258659502,22.26866841409469,1.1763631710797995,1.6853440470941354,0.9905079862550907,2.0-3.0%,0.98-1.00,2025-09-02→2025-09-03
2025-09-02,2025-09-03,C,6385.0,0.024657534246575342,104.28850666642263,0.6704822153014593,91.6930874247173,0.6537049204166329,6415.54,6448.26,0.021917808219178082,90.5474774968183,109.43819438528772,-18.638178084663924,-18.089224996032396,0.9912842464324066,2.0-3.0%,0.98-1.00,2025-09-02→2025-09-03
2025-09-02,2025-09-03,P,6385.0,0.024657534246575342,48.372241023292105,-0.3295177846984881,35.45370126869602,-0.35003996684089195,6415.54,6448.26,0.021917808219178082,21.297557310568195,23.228064036916976,1.1818219153346128,1.853307715034072,0.9912842464324066,2.0-3.0%,0.98-1.00,2025-09-02→2025-09-03
2025-09-02,2025-09-03,C,6390.0,0.024657534246575342,101.27193131869033,0.6575092414424584,88.04321018836163,0.6421651537025425,6415.54,6448.26,0.021917808219178082,86.97246517225322,105.44050401925415,-18.3637023799974,-17.861643829147347,0.9920605066097226,2.0-3.0%,0.98-1.00,2025-09-02→2025-09-03
2025-09-02,2025-09-03,P,6390.0,0.024657534246575342,50.335793893537456,-0.3424907585574242,36.753823068568636,-0.3614848458632934,6415.54,6448.26,0.021917808219178082,22.71785436722084,24.18739710225077,1.4062976199990107,2.027784156647055,0.9920605066097226,2.0-3.0%,0.98-1.00,2025-09-02→2025-09-03
2025-09-02,2025-09-03,C,6395.0,0.024657534246575342,98.41337439524385,0.6446607790236188,84.29333157663086,0.6306260695189164,6415.54,6448.26,0.021917808219178082,83.56865139586552,101.3573564140097,-17.993300689652965,-17.534084994659096,0.9928367667870385,2.0-3.0%,0.98-1.00,2025-09-02→2025-09-03
2025-09-02,2025-09-03,P,6395.0,0.024657534246575342,52.45736518806692,-0.3553392209763286,38.003944712259454,-0.3730512513426563,6415.54,6448.26,0.021917808219178082,24.309349972051855,25.103376571726812,1.7766993103455597,2.3562369439318083,0.9928367667870385,2.0-3.0%,0.98-1.00,2025-09-02→2025-09-03
2025-09-02,2025-09-03,C,6400.0,0.024657534246575342,95.58206182987348,0.6359187590604652,80.8934633410804,0.6181551886480154,6415.54,6448.26,0.021917808219178082,80.10482871825121,97.57317627542398,-18.107261796458594,-17.526037772563235,0.9936130269643543,2.0-3.0%,0.98-1.00,2025-09-02→2025-09-03
2025-09-02,2025-09-03,P,6400.0,0.024657534246575342,54.6061808406741,-0.3640812409394905,39.45407381868063,-0.3852712557367686,6415.54,6448.26,0.021917808219178082,25.840836675653534,26.18921306624202,1.912738203540222,2.6060754877071677,0.9936130269643543,2.0-3.0%,0.98-1.00,2025-09-02→2025-09-03
2025-09-02,2025-09-03,C,6405.0,0.024657534246575342,92.72258628896729,0.6249915419461216,77.39359517667117,0.605686205210829,6415.54,6448.26,0.021917808219178082,76.70093101863799,93.70405336875683,-17.94972325247726,-17.318052634498482,0.9943892871416702,2.0-3.0%,0.98-1.00,2025-09-02→2025-09-03
2025-09-02,2025-09-03,P,6405.0,0.024657534246575342,56.72683351774565,-0.375008458053782,41.05420808623967,-0.3979703346228454,6415.54,6448.26,0.021917808219178082,27.432248357255748,27.40473676073475,1.9702767475198453,2.721589348859606,0.9943892871416702,2.0-3.0%,0.98-1.00,2025-09-02→2025-09-03
2025-09-02,2025-09-03,C,6410.0,0.024657534246575342,89.96407026033289,0.6117121292592935,73.89372953211159,0.5929799321197066,6415.54,6448.26,0.021917808219178082,73.42956371867581,89.83458963356588,-17.615220869364233,-17.002303378956945,0.9951655473189861,2.0-3.0%,0.98-1.00,2025-09-02→2025-09-03
2025-09-02,2025-09-03,P,6410.0,0.024657534246575342,58.94844570708812,-0.3882878707406179,42.65434443283266,-0.4108648942404067,6415.54,6448.26,0.021917808219178082,29.156190438510833,28.621261853356827,2.154779130633111,2.8934993395462065,0.9951655473189861,2.0-3.0%,0.98-1.00,2025-09-02→2025-09-03
2025-09-02,2025-09-03,C,6415.0,0.024657534246575342,87.31416085491335,0.5999599692078971,70.4938680630571,0.579878896434252,6415.54,6448.26,0.021917808219178082,70.16167010939894,86.05199032242308,-17.430690192482555,-16.773637491328884,0.995941807496302,2.0-3.0%,0.98-1.00,2025-09-02→2025-09-03
2025-09-02,2025-09-03,P,6415.0,0.024657534246575342,61.27866451964613,-0.4000400307920221,44.20448254529174,-0.4239263678311304,6415.54,6448.26,0.021917808219178082,30.883606210451166,29.79397847349037,2.389309807515062,3.1708707554346915,0.995941807496302,2.0-3.0%,0.98-1.00,2025-09-02→2025-09-03
2025-09-02,2025-09-03,C,6420.0,0.024657534246575342,84.61236734015496,0.5917642484241701,67.24401146459968,0.5663640467274677,6415.54,6448.26,0.021917808219178082,66.91055498416546,82.4018227485567,-17.412526208439008,-16.581431608922898,0.9967180676736179,2.0-3.0%,0.98-1.00,2025-09-02→2025-09-03
2025-09-02,2025-09-03,P,6420.0,0.024657534246575342,63.5569992228653,-0.4082357515757867,45.95462628076439,-0.43747635845220983,6415.54,6448.26,0.021917808219178082,32.62780046643527,31.142728056722717,2.407473791559841,3.3642264485564137,0.9967180676736179,2.0-3.0%,0.98-1.00,2025-09-02→2025-09-03
2025-09-02,2025-09-03,C,6425.0,0.024657534246575342,81.94726525077115,0.5781187126259165,63.994156221352114,0.5526172609883009,6415.54,6448.26,0.021917808219178082,63.75022159545835,78.75220126865679,-17.01604427712013,-16.18163677953734,0.9974943278509338,2.0-3.0%,0.98-1.00,2025-09-02→2025-09-03
2025-09-02,2025-09-03,P,6425.0,0.024657534246575342,65.872025351457,-0.4218812873740099,47.60477064398947,-0.4511828361371047,6415.54,6448.26,0.021917808219178082,34.462776458944504,32.40258469648825,2.7539557228777056,3.7127023984061758,0.9974943278509338,2.0-3.0%,0.98-1.00,2025-09-02→2025-09-03
2025-09-02,2025-09-03,C,6430.0,0.024657534246575342,79.45955696458398,0.5646812154503189,60.74430455662923,0.5385990671935236,6415.54,6448.26,0.021917808219178082,60.689498927910975,75.10217175498019,-16.82636936953458,-15.97296147857223,0.9982705880282498,2.0-3.0%,0.98-1.00,2025-09-02→2025-09-03
2025-09-02,2025-09-03,P,6430.0,0.024657534246575342,68.3644452832477,-0.4353187845496634,49.40491991105364,-0.4652887058254436,6415.54,6448.26,0.021917808219178082,36.39736317261441,33.79580101966576,3.043630630465101,4.0242464546086385,0.9982705880282498,2.0-3.0%,0.98-1.00,2025-09-02→2025-09-03
2025-09-02,2025-09-03,C,6435.0,0.024657534246575342,76.93011341510659,0.5580294790168818,57.59445638513398,0.5242407960194,6415.54,6448.26,0.021917808219178082,57.553563158859816,71.54165529543025,-16.758724553432515,-15.653158845754902,0.9990468482055657,2.0-3.0%,0.98-1.00,2025-09-02→2025-09-03
2025-09-02,2025-09-03,P,6435.0,0.024657534246575342,70.81512995174755,-0.44197052098305945,51.355072555501465,-0.4797241039041675,6415.54,6448.26,0.021917808219178082,38.256736784779015,35.32470295654866,2.9612754465658178,4.196572679744483,0.9990468482055657,2.0-3.0%,0.98-1.00,2025-09-02→2025-09-03
2025-09-02,2025-09-03,C,6440.0,0.024657534246575342,74.39686495604826,0.5439929018762112,54.394611492788044,0.5095723857983315,6415.54,6448.26,0.021917808219178082,54.52412763603819,67.93423920773921,-16.24944774938977,-15.12320846332154,0.9998231083828816,2.0-3.0%,0.98-1.00,2025-09-02→2025-09-03
2025-09-02,2025-09-03,P,6440.0,0.024657534246575342,73.26200971066687,-0.45600709812369133,53.25522793114396,-0.49441782914252197,6415.54,6448.26,0.021917808219178082,40.22261064317345,36.808240960503554,3.270552250607299,4.527351369543446,0.9998231083828816,2.0-3.0%,0.98-1.00,2025-09-02→2025-09-03
2025-09-02,2025-09-03,C,6445.0,0.024657534246575342,72.01102247560137,0.5302461284569269,51.69476908246406,0.4946636674572796,6415.54,6448.26,0.021917808219178082,51.63570786853619,64.78651063471762,-16.349653323110783,-15.185395199202315,1.0005993685601975,2.0-3.0%,1.00-1.02,2025-09-02→2025-09-03
2025-09-02,2025-09-03,P,6445.0,0.024657534246575342,75.85629544819719,-0.4697538715429746,55.25538644885364,-0.509414717199866,6415.54,6448.26,0.021917808219178082,42.329500256889304,38.38286713503703,3.570346676886251,4.868049546779748,1.0005993685601975,2.0-3.0%,1.00-1.02,2025-09-02→2025-09-03
2025-09-02,2025-09-03,C,6450.0,0.024657534246575342,69.66018550027609,0.5206661706075546,48.794929650989616,0.47948388015595883,6415.54,6448.26,0.021917808219178082,48.629489573042946,61.4559122556052,-16.18619710227932,-14.838712558703094,1.0013756287375133,2.0-3.0%,1.00-1.02,2025-09-02→2025-09-03
2025-09-02,2025-09-03,P,6450.0,0.024657534246575342,78.48558669084935,-0.47933382939239993,57.20554886944046,-0.52476938552095,6415.54,6448.26,0.021917808219178082,44.31859134261208,39.90973071975259,3.7838028977194416,5.27045429424561,1.0013756287375133,2.0-3.0%,1.00-1.02,2025-09-02→2025-09-03
2025-09-02,2025-09-03,C,6455.0,0.024657534246575342,67.27462369596205,0.5095807448854651,45.79509443846973,0.46389619026888523,6415.54,6448.26,0.021917808219178082,45.73831092457654,58.03043253151054,-15.873481972652545,-14.378683345598038,1.0021518889148293,2.0-3.0%,1.00-1.02,2025-09-02→2025-09-03
2025-09-02,2025-09-03,P,6455.0,0.024657534246575342,81.08015310451272,-0.49041925511447954,59.50571228164927,-0.5402270243811683,6415.54,6448.26,0.021917808219178082,46.42272207536224,41.76309171789762,3.846518027345894,5.476228237751961,1.0021518889148293,2.0-3.0%,1.00-1.02,2025-09-02→2025-09-03
2025-09-02,2025-09-03,C,6460.0,0.024657534246575342,64.96980559857488,0.49565140797155666,43.04525984465545,0.44816758869774803,6415.54,6448.26,0.021917808219178082,42.92660371402564,54.838924586248595,-15.517714068829456,-13.964043502190426,1.0029281490921451,2.0-3.0%,1.00-1.02,2025-09-02→2025-09-03
2025-09-02,2025-09-03,P,6460.0,0.024657534246575342,83.75546322510174,-0.5043485920283541,61.65587941779586,-0.5561232468994146,6415.54,6448.26,0.021917808219178082,48.60632424602849,43.475151976213965,4.252285931167869,5.94635263854898,1.0029281490921451,2.0-3.0%,1.00-1.02,2025-09-02→2025-09-03
2025-09-02,2025-09-03,C,6465.0,0.024657534246575342,62.790893837012376,0.48268291350637593,40.34542994967887,0.4321706396753729,6415.54,6448.26,0.021917808219178082,40.09967656768493,51.694529636135485,-15.343384929928748,-13.690623330178315,1.0037044092694611,2.0-3.0%,1.00-1.02,2025-09-02→2025-09-03
2025-09-02,2025-09-03,P,6465.0,0.024657534246575342,86.55667968151712,-0.5173170864935864,63.956050434596364,-0.5722023343196816,6415.54,6448.26,0.021917808219178082,50.774706480904484,45.32848209062149,4.576615070070279,6.372460378940126,1.0037044092694611,2.0-3.0%,1.00-1.02,2025-09-02→2025-09-03
2025-09-02,2025-09-03,C,6470.0,0.024657534246575342,60.55742133731749,0.47512852870988526,37.84559913336716,0.4161710426273809,6415.54,6448.26,0.021917808219178082,37.330069761886946,48.74249124318658,-15.346205459387571,-13.417116514768013,1.004480669446777,2.0-3.0%,1.00-1.02,2025-09-02→2025-09-03
2025-09-02,2025-09-03,P,6470.0,0.024657534246575342,89.30333539979965,-0.5248714712900389,66.50621951172843,-0.5881918377848964,6415.54,6448.26,0.021917808219178082,53.00040905632444,47.422602250649106,4.4737945406102035,6.545636932321955,1.004480669446777,2.0-3.0%,1.00-1.02,2025-09-02→2025-09-03
2025-09-02,2025-09-03,C,6475.0,0.024657534246575342,58.34397779826418,0.4610596988134932,35.345771518771016,0.39986899869332093,6415.54,6448.26,0.021917808219178082,34.61332247590204,45.79109558619757,-15.085873345177614,-13.083713637245562,1.0052569296240927,2.0-3.0%,1.00-1.02,2025-09-02→2025-09-03
2025-09-02,2025-09-03,P,6475.0,0.024657534246575342,92.07002007872356,-0.5389403011864288,68.85639618061305,-0.6048989624174081,6415.54,6448.26,0.021917808219178082,55.278971151554316,49.32238858648998,4.8841266548200934,7.042294050297755,1.0052569296240927,2.0-3.0%,1.00-1.02,2025-09-02→2025-09-03
2025-09-02,2025-09-03,C,6480.0,0.024657534246575342,56.30620111487014,0.4472810101003182,32.94594515200379,0.38345514256303675,6415.54,6448.26,0.021917808219178082,31.990486675221835,42.93757532475502,-14.685034650482528,-12.596652264662664,1.0060331898014088,2.0-3.0%,1.00-1.02,2025-09-02→2025-09-03
2025-09-02,2025-09-03,P,6480.0,0.024657534246575342,95.01237161330634,-0.5527189898996043,71.55656842583812,-0.6211808442163166,6415.54,6448.26,0.021917808219178082,57.651444732092045,51.56433074525512,5.134965349515198,7.375037222758042,1.0060331898014088,2.0-3.0%,1.00-1.02,2025-09-02→2025-09-03
2025-09-02,2025-09-03,C,6485.0,0.024657534246575342,54.246420988782795,0.43958268818275037,30.646119402022123,0.3669696230538761,6415.54,6448.26,0.021917808219178082,29.332312799455515,40.18317069714021,-14.633145557339704,-12.257246066322919,1.0068094499787246,2.0-3.0%,1.00-1.02,2025-09-02→2025-09-03
2025-09-02,2025-09-03,P,6485.0,0.024657534246575342,97.93271970519554,-0.5604173118172308,74.20674524360584,-0.6379099416392758,6415.54,6448.26,0.021917808219178082,59.988580237541974,53.75741125485774,5.236854442659947,7.772413290437282,1.0068094499787246,2.0-3.0%,1.00-1.02,2025-09-02→2025-09-03
2025-09-02,2025-09-03,C,6490.0,0.024657534246575342,52.18173110849395,0.4266002518945291,28.3962958041584,0.35028741313987377,6415.54,6448.26,0.021917808219178082,26.841121404934047,37.47867698226128,-14.258360241989099,-11.761404157936756,1.0075857101560406,2.0-3.0%,1.00-1.02,2025-09-02→2025-09-03
2025-09-02,2025-09-03,P,6490.0,0.024657534246575342,100.84815804288336,-0.5733997481054012,78.6068658890099,-0.6493187505430597,6415.54,6448.26,0.021917808219178082,62.49269822423714,57.712705529839695,4.011639758008879,6.495709517769086,1.0075857101560406,2.0-3.0%,1.00-1.02,2025-09-02→2025-09-03
2025-09-02,2025-09-03,C,6350.0,0.0273972602739726,132.5400255329558,0.7290664049790155,122.79832220054868,0.7220254632974625,6415.54,6448.26,0.052054794520547946,158.19736095396487,186.3027748068207,4.194947229086452,4.425326840906866,0.9854972569033046,2.0-3.0%,0.98-1.00,2025-09-02→2025-09-03
2025-09-02,2025-09-03,P,6350.0,0.0273972602739726,39.49709708626443,-0.2709335950209412,29.60065797759944,-0.2831578435811236,6415.54,6448.26,0.052054794520547946,47.66386842300711,34.969521253699895,19.614947229085267,20.01492464197444,0.9854972569033046,2.0-3.0%,0.98-1.00,2025-09-02→2025-09-03
2025-09-02,2025-09-03,C,6360.0,0.0273972602739726,125.93616847115145,0.7096023839710274,115.29836755229644,0.7025085711150155,6415.54,6448.26,0.052054794520547946,152.94691416820197,178.3109141627083,4.281809996467818,4.513919553116526,0.9870492210874043,2.0-3.0%,0.98-1.00,2025-09-02→2025-09-03
2025-09-02,2025-09-03,P,6360.0,0.0273972602739726,42.84992832611777,-0.2903976160288879,31.700700332834458,-0.301385216329745,6415.54,6448.26,0.052054794520547946,52.39409330255093,36.45711917866811,20.101809996465285,20.461324278309334,0.9870492210874043,2.0-3.0%,0.98-1.00,2025-09-02→2025-09-03
2025-09-02,2025-09-03,C,6370.0,0.0273972602739726,119.5763074005247,0.6926223566744455,107.64841284801241,0.6829928083821825,6415.54,6448.26,0.052054794520547946,147.6094661617008,169.9984019572339,4.787396489611957,5.102475309734803,0.988601185271504,2.0-3.0%,0.98-1.00,2025-09-02→2025-09-03
2025-09-02,2025-09-03,P,6370.0,0.0273972602739726,46.44675555715014,-0.3073776433254792,34.000745404847294,-0.3208073797109595,6415.54,6448.26,0.052054794520547946,57.037316961356,38.08098210412163,20.50739648960976,20.94681746414268,0.988601185271504,2.0-3.0%,0.98-1.00,2025-09-02→2025-09-03
2025-09-02,2025-09-03,C,6375.0,0.0273972602739726,116.40705698934114,0.6809835552407363,103.54843444034486,0.6737201518219839,6415.54,6448.26,0.024657534246575342,102.18889540773083,122.02107347804667,-17.73178192747707,-17.494123367615487,0.9893771673635539,2.0-3.0%,0.98-1.00,2025-09-02→2025-09-03
2025-09-02,2025-09-03,P,6375.0,0.0273972602739726,48.2558492967954,-0.3190164447591945,35.20076888852191,-0.3308910938724858,6415.54,6448.26,0.024657534246575342,20.680138969894166,23.60598638197348,1.5882180725209238,1.976756591507817,0.9893771673635539,2.0-3.0%,0.98-1.00,2025-09-02→2025-09-03
2025-09-02,2025-09-03,C,6380.0,0.0273972602739726,113.3942830538777,0.6694775286866981,99.94845945559518,0.6629581441721765,6415.54,6448.26,0.024657534246575342,98.5985103626982,118.08393986235842,-18.105304738628934,-17.891990477313787,0.9901531494556037,2.0-3.0%,0.98-1.00,2025-09-02→2025-09-03
2025-09-02,2025-09-03,P,6380.0,0.0273972602739726,50.22141951216319,-0.3305224713132294,36.40079272669573,-0.34114677102702645,6415.54,6448.26,0.024657534246575342,22.08328431196739,24.499452343355642,1.8146952613689447,2.162322348004386,0.9901531494556037,2.0-3.0%,0.98-1.00,2025-09-02→2025-09-03
2025-09-02,2025-09-03,C,6385.0,0.0273972602739726,110.35273891973392,0.6635383838133614,96.44848528917237,0.6518411394912479,6415.54,6448.26,0.024657534246575342,94.95523268455892,114.23358716452822,-18.26097591837335,-17.878242084153793,0.9909291315476535,2.0-3.0%,0.98-1.00,2025-09-02→2025-09-03
2025-09-02,2025-09-03,P,6385.0,0.0273972602739726,52.158219528847724,-0.3364616161865877,37.7008175400033,-0.35182470406851424,6415.54,6448.26,0.024657534246575342,23.4335370209366,25.477454793934157,1.8590240816252326,2.3617043171218732,0.9909291315476535,2.0-3.0%,0.98-1.00,2025-09-02→2025-09-03
2025-09-02,2025-09-03,C,6390.0,0.0273972602739726,107.30662039063265,0.6513807032606245,92.34850910374189,0.641877969038008,6415.54,6448.26,0.024657534246575342,91.3874560610781,109.86854311602656,-17.663176610687792,-17.35224714692378,0.9917051136397034,2.0-3.0%,0.98-1.00,2025-09-02→2025-09-03
2025-09-02,2025-09-03,P,6390.0,0.0273972602739726,54.09044515057569,-0.3486192967392742,39.00084341829188,-0.36268523785147033,6415.54,6448.26,0.024657534246575342,24.859290784563022,26.455039161844525,2.056823389309139,2.517060982500201,0.9917051136397034,2.0-3.0%,0.98-1.00,2025-09-02→2025-09-03
2025-09-02,2025-09-03,C,6395.0,0.0273972602739726,104.4051500574824,0.6393423388593807,88.89853543459412,0.6303051737424266,6415.54,6448.26,0.024657534246575342,87.9678336620161,106.06104225242234,-17.569281327479107,-17.273585284852363,0.9924810957317532,2.0-3.0%,0.98-1.00,2025-09-02→2025-09-03
2025-09-02,2025-09-03,P,6395.0,0.0273972602739726,56.167318968255216,-0.3606576611405545,40.40086905015096,-0.373947224252911,6415.54,6448.26,0.024657534246575342,26.43319877260858,27.51822695389569,2.1507186725190284,2.5855531775553366,0.9924810957317532,2.0-3.0%,0.98-1.00,2025-09-02→2025-09-03
2025-09-02,2025-09-03,C,6400.0,0.0273972602739726,101.52871549140411,0.6311204160109498,85.2985619506344,0.6188561302728255,6415.54,6448.26,0.024657534246575342,84.48228526565926,102.12405038881298,-17.500260011878446,-17.098972582527015,0.9932570778238031,2.0-3.0%,0.98-1.00,2025-09-02→2025-09-03
2025-09-02,2025-09-03,P,6400.0,0.0273972602739726,58.26922855300524,-0.3688795839890042,41.80089558524696,-0.38540510235634234,6415.54,6448.26,0.024657534246575342,27.94118076335978,28.580954074338706,2.4197399881203143,2.9604549490996206,0.9932570778238031,2.0-3.0%,0.98-1.00,2025-09-02→2025-09-03
2025-09-02,2025-09-03,C,6405.0,0.0273972602739726,98.62364550975286,0.6208803338005247,81.74858924293585,0.6071058458412135,6415.54,6448.26,0.024657534246575342,81.0645448703583,98.22984355745575,-17.265204521953315,-16.81450327592465,0.9940330599158529,2.0-3.0%,0.98-1.00,2025-09-02→2025-09-03
2025-09-02,2025-09-03,P,6405.0,0.0273972602739726,60.34250272218417,-0.3791196661993735,43.25092289864233,-0.39716455061093314,6415.54,6448.26,0.024657534246575342,29.516970755165126,29.68645910659484,2.4547954780435948,3.0452240959898305,0.9940330599158529,2.0-3.0%,0.98-1.00,2025-09-02→2025-09-03
2025-09-02,2025-09-03,C,6410.0,0.0273972602739726,95.81186418723028,0.6084498943010059,78.29861740856768,0.5949843932660076,6415.54,6448.26,0.024657534246575342,77.76354931196428,94.42279503506961,-17.008480541529078,-16.56788934766393,0.9948090420079028,2.0-3.0%,0.98-1.00,2025-09-02→2025-09-03
2025-09-02,2025-09-03,P,6410.0,0.0273972602739726,62.50906555049112,-0.3915501056989065,44.80095108663454,-0.40929563491508186,6415.54,6448.26,0.024657534246575342,31.209505583877537,30.879109587503535,2.7615194584683245,3.342153174421586,0.9948090420079028,2.0-3.0%,0.98-1.00,2025-09-02→2025-09-03
2025-09-02,2025-09-03,C,6415.0,0.0273972602739726,93.0996868711783,0.597433424023461,75.09864678611802,0.5823419178354122,6415.54,6448.26,0.024657534246575342,74.45701799700157,90.83748767135512,-17.048021634047796,-16.554227551574836,0.9955850240999526,2.0-3.0%,0.98-1.00,2025-09-02→2025-09-03
2025-09-02,2025-09-03,P,6415.0,0.0273972602739726,64.77523238526956,-0.40256657597645046,46.45098007137449,-0.42176907564236266,6415.54,6448.26,0.024657534246575342,32.89650465602352,32.16001462280428,2.8719783659495572,3.5002841550182087,0.9955850240999526,2.0-3.0%,0.98-1.00,2025-09-02→2025-09-03
2025-09-02,2025-09-03,C,6420.0,0.0273972602739726,90.33985239449268,0.5897245254099049,71.49867559337554,0.5699448801835857,6415.54,6448.26,0.024657534246575342,71.17099767155966,86.89544661409673,-16.695786471412244,-16.048596479607074,0.9963610061920025,2.0-3.0%,0.98-1.00,2025-09-02→2025-09-03
2025-09-02,2025-09-03,P,6420.0,0.0273972602739726,66.99374205941267,-0.41027547459004854,48.051009434065236,-0.43440513028463756,6415.54,6448.26,0.024657534246575342,34.604014717689694,33.3959300249694,3.0242135285864933,3.813735862913454,0.9963610061920025,2.0-3.0%,0.98-1.00,2025-09-02→2025-09-03
2025-09-02,2025-09-03,C,6425.0,0.0273972602739726,87.61269450502479,0.5769484418656562,68.39870588334816,0.5568091736021352,6415.54,6448.26,0.024657534246575342,67.97410625356062,83.40044040692692,-16.677753017844427,-16.018796160262017,0.9971369882840523,2.0-3.0%,0.98-1.00,2025-09-02→2025-09-03
2025-09-02,2025-09-03,P,6425.0,0.0273972602739726,69.24492832077307,-0.4230515581342596,49.751039354328896,-0.44738501135785186,6415.54,6448.26,0.024657534246575342,36.40065368679793,34.72044738505792,3.2422469821530804,4.038437571629025,0.9971369882840523,2.0-3.0%,0.98-1.00,2025-09-02→2025-09-03
2025-09-02,2025-09-03,C,6430.0,0.0273972602739726,85.0500718786483,0.5643567210653136,64.99873663577591,0.5436712673169691,6415.54,6448.26,0.024657534246575342,64.85608173254802,79.63418726069949,-16.365751913257213,-15.688923866611376,0.9979129703761022,2.0-3.0%,0.98-1.00,2025-09-02→2025-09-03
2025-09-02,2025-09-03,P,6430.0,0.0273972602739726,71.6606498452259,-0.4356432789346697,51.50107041127194,-0.4606507271216839,6415.54,6448.26,0.024657534246575342,38.2761595528929,36.08922779487739,3.5042480867425034,4.322491791421616,0.9979129703761022,2.0-3.0%,0.98-1.00,2025-09-02→2025-09-03
2025-09-02,2025-09-03,C,6435.0,0.0273972602739726,82.45085448602079,0.5580636691638651,61.99876826945638,0.5300623101325266,6415.54,6448.26,0.024657534246575342,61.66369200148193,76.23083245806492,-16.359843255041802,-15.4436387875364,0.998688952468152,2.0-3.0%,0.98-1.00,2025-09-02→2025-09-03
2025-09-02,2025-09-03,P,6435.0,0.0273972602739726,74.03977660342825,-0.44193633083606515,53.35110195716106,-0.4742218765900763,6415.54,6448.26,0.024657534246575342,40.0773002089342,37.548160477273996,3.4101567449561596,4.4665398020274125,0.998688952468152,2.0-3.0%,0.98-1.00,2025-09-02→2025-09-03
2025-09-02,2025-09-03,C,6440.0,0.0273972602739726,79.84681816126619,0.5449053586893216,58.69880027762065,0.5162877494557507,6415.54,6448.26,0.024657534246575342,58.600477201170975,72.551755646115,-15.879303336314745,-14.942935162192299,0.9994649345602019,2.0-3.0%,0.98-1.00,2025-09-02→2025-09-03
2025-09-02,2025-09-03,P,6440.0,0.0273972602739726,76.41408442950326,-0.45509464131058097,55.301134128989816,-0.48806684763163555,6415.54,6448.26,0.024657534246575342,42.007615795730906,39.098373133580935,3.6906966636823295,4.769547254507243,0.9994649345602019,2.0-3.0%,0.98-1.00,2025-09-02→2025-09-03
2025-09-02,2025-09-03,C,6445.0,0.0273972602739726,77.38085411813643,0.5320016055089687,55.69883305645271,0.5021818078156902,6415.54,6448.26,0.024657534246575342,55.637390516862695,69.14754300202912,-15.65709253225359,-14.68138875172951,1.0002409166522517,2.0-3.0%,1.00-1.02,2025-09-02→2025-09-03
2025-09-02,2025-09-03,P,6445.0,0.0273972602739726,78.92646453720248,-0.4679983944909261,57.25116689714241,-0.5021682026525338,6415.54,6448.26,0.024657534246575342,44.038059498530316,40.64802641289998,3.8629074677432182,4.980943590791032,1.0002409166522517,2.0-3.0%,1.00-1.02,2025-09-02→2025-09-03
2025-09-02,2025-09-03,C,6450.0,0.0273972602739726,74.94903802046753,0.5229616404660811,52.798866374715544,0.48784340607849935,6415.54,6448.26,0.024657534246575342,52.57134650381048,65.83618350267898,-15.7113048760503,-14.562236246888617,1.0010168987443016,2.0-3.0%,1.00-1.02,2025-09-02→2025-09-03
2025-09-02,2025-09-03,P,6450.0,0.0273972602739726,81.47299259036278,-0.47703835953386575,59.301200263290866,-0.5165272147238404,6415.54,6448.26,0.024657534246575342,45.96554587258552,42.289802393213904,4.058695123948212,5.350770465764192,1.0010168987443016,2.0-3.0%,1.00-1.02,2025-09-02→2025-09-03
2025-09-02,2025-09-03,C,6455.0,0.0273972602739726,72.48528727009246,0.5125158743424614,49.89890030757488,0.4732392606863761,6415.54,6448.26,0.024657534246575342,49.64299612355599,62.52435234506174,-15.469519408485471,-14.18438860965835,1.0017928808363514,2.0-3.0%,1.00-1.02,2025-09-02→2025-09-03
2025-09-02,2025-09-03,P,6455.0,0.0273972602739726,83.98758599081722,-0.4874841256574799,61.451234148264575,-0.531110749781848,6415.54,6448.26,0.024657534246575342,48.03072587943786,44.024835755933054,4.05048059151286,5.477943732862197,1.0017928808363514,2.0-3.0%,1.00-1.02,2025-09-02→2025-09-03
2025-09-02,2025-09-03,C,6460.0,0.0273972602739726,70.09717739936525,0.49940702173620916,47.148934498640756,0.4584657164573839,6415.54,6448.26,0.024657534246575342,46.75944245136734,59.35379930650606,-15.240597751208888,-13.900998242485716,1.0025688629284013,2.0-3.0%,1.00-1.02,2025-09-02→2025-09-03
2025-09-02,2025-09-03,P,6460.0,0.0273972602739726,86.57782027091872,-0.5005929782636979,63.60126855864564,-0.545979729245537,6415.54,6448.26,0.024657534246575342,50.14070259435745,45.7590115833209,4.479402248788322,5.964456740914109,1.0025688629284013,2.0-3.0%,1.00-1.02,2025-09-02→2025-09-03
2025-09-02,2025-09-03,C,6465.0,0.0273972602739726,67.82830508921361,0.4871748851900541,44.39896961600243,0.4434142692401404,6415.54,6448.26,0.024657534246575342,43.858013838923384,56.182763466297274,-15.140362243418696,-13.70851488953751,1.0033448450204512,2.0-3.0%,1.00-1.02,2025-09-02→2025-09-03
2025-09-02,2025-09-03,P,6465.0,0.0273972602739726,89.28729211159754,-0.5128251148099038,65.80130388993439,-0.5611221927941218,6415.54,6448.26,0.024657534246575342,52.232804369021146,47.53913101898797,4.779637756580183,6.359918148223809,1.0033448450204512,2.0-3.0%,1.00-1.02,2025-09-02→2025-09-03
2025-09-02,2025-09-03,C,6470.0,0.0273972602739726,65.5098489356634,0.47998584365255476,41.69900517855103,0.42811019456687643,6415.54,6448.26,0.024657534246575342,41.039454163783304,53.058414961559265,-14.955136804311714,-13.257765566228306,1.0041208271125008,2.0-3.0%,1.00-1.02,2025-09-02→2025-09-03
2025-09-02,2025-09-03,P,6470.0,0.0273972602739726,91.9471801088761,-0.520014156347366,68.05133973737793,-0.576548872813829,6415.54,6448.26,0.024657534246575342,54.4077750809893,49.36507442085758,4.864863195685942,6.714679118468627,1.0041208271125008,2.0-3.0%,1.00-1.02,2025-09-02→2025-09-03
2025-09-02,2025-09-03,C,6475.0,0.0273972602739726,63.20887162331348,0.46670266522363135,39.24904049462248,0.41291231854598337,6415.54,6448.26,0.024657534246575342,38.261314352212075,50.17613649377472,-14.670511206117336,-12.91049106282468,1.0048968092045507,2.0-3.0%,1.00-1.02,2025-09-02→2025-09-03
2025-09-02,2025-09-03,P,6475.0,0.0273972602739726,94.6245469473549,-0.5332973347762778,70.65137497871046,-0.5917145755229418,6415.54,6448.26,0.024657534246575342,56.62316565652454,51.52998930585363,4.999488793879944,6.910900911110804,1.0048968092045507,2.0-3.0%,1.00-1.02,2025-09-02→2025-09-03
2025-09-02,2025-09-03,C,6480.0,0.0273972602739726,61.075628662026126,0.45366561837053104,36.64907716465768,0.3971344411767851,6415.54,6448.26,0.024657534246575342,35.5441611954992,47.14649538489539,-14.293939033083888,-12.444238915304505,1.0056727912966006,2.0-3.0%,1.00-1.02,2025-09-02→2025-09-03
2025-09-02,2025-09-03,P,6480.0,0.0273972602739726,97.46964813689873,-0.5463343816294058,73.10141151065363,-0.6074329167921397,6415.54,6448.26,0.024657534246575342,58.89954288691964,53.54833536594015,5.276060966914304,7.2752050374389725,1.0056727912966006,2.0-3.0%,1.00-1.02,2025-09-02→2025-09-03
2025-09-02,2025-09-03,C,6485.0,0.0273972602739726,58.923703909674366,0.4463071781394101,34.24911372530278,0.3814442021085787,6415.54,6448.26,0.024657534246575342,32.80089230061045,44.31235817413926,-14.303170868721615,-12.180854292992795,1.0064487733886505,2.0-3.0%,1.00-1.02,2025-09-02→2025-09-03
2025-09-02,2025-09-03,P,6485.0,0.0273972602739726,100.29606753537517,-0.5536928218605711,75.70144815281083,-0.6231565180378313,6415.54,6448.26,0.024657534246575342,61.149804379138516,55.71329145625896,5.316829131278023,7.589681270197996,1.0064487733886505,2.0-3.0%,1.00-1.02,2025-09-02→2025-09-03
2025-09-02,2025-09-03,C,6490.0,0.0273972602739726,56.7655155368635,0.43398150724194484,31.99914988138562,0.3658384716921324,6415.54,6448.26,0.024657534246575342,30.259222450835754,41.62738988870615,-13.949874916956546,-11.720234793766666,1.0072247554807003,2.0-3.0%,1.00-1.02,2025-09-02→2025-09-03
2025-09-02,2025-09-03,P,6490.0,0.0273972602739726,103.11622331339366,-0.5660184927579998,78.40148471507655,-0.6389388789494623,6415.54,6448.26,0.024657534246575342,63.60166491647125,57.97716028260675,5.620125083041891,8.006080119226564,1.0072247554807003,2.0-3.0%,1.00-1.02,2025-09-02→2025-09-03
2025-09-02,2025-09-03,C,6350.0,0.03561643835616438,139.7525360827232,0.7063969736851624,126.10082979636263,0.7097360611874916,6415.54,6448.26,0.052054794520547946,158.19736095396487,171.63540465944243,1.6366910210213348,1.5274360779451257,0.985565550641033,3.0-4.0%,0.98-1.00,2025-09-02→2025-09-03
2025-09-02,2025-09-03,P,6350.0,0.03561643835616438,47.14774884218216,-0.293603026314801,33.09965562806451,-0.29454435389343525,6415.54,6448.26,0.052054794520547946,47.66386842300711,32.995329315970594,16.85669102102037,16.887491259393283,0.985565550641033,3.0-4.0%,0.98-1.00,2025-09-02→2025-09-03
2025-09-02,2025-09-03,C,6360.0,0.03561643835616438,133.1934491884031,0.6883098770296142,118.35080871921309,0.691935802843065,6415.54,6448.26,0.052054794520547946,152.94691416820197,163.34868405815814,1.9285008235908663,1.8098605309747526,0.9871176223743259,3.0-4.0%,0.98-1.00,2025-09-02→2025-09-03
2025-09-02,2025-09-03,P,6360.0,0.03561643835616438,50.54604023567114,-0.31169012297031046,35.349634550914516,-0.3123446122378629,6415.54,6448.26,0.052054794520547946,52.39409330255093,34.70860871468744,17.14850082358864,17.169915712422956,0.9871176223743259,3.0-4.0%,0.98-1.00,2025-09-02→2025-09-03
2025-09-02,2025-09-03,C,6370.0,0.03561643835616438,126.82968285716731,0.6726095911551403,110.55078765417056,0.6736973866465032,6415.54,6448.26,0.052054794520547946,147.6094661617008,154.9303753607719,2.542214177403636,2.5066215089262407,0.9886696941076188,3.0-4.0%,0.98-1.00,2025-09-02→2025-09-03
2025-09-02,2025-09-03,P,6370.0,0.03561643835616438,54.13965219224574,-0.3273904088447872,37.499613628359384,-0.33046100136401735,6415.54,6448.26,0.052054794520547946,57.037316961356,36.233919516177366,17.662214177401523,17.762683964630735,0.9886696941076188,3.0-4.0%,0.98-1.00,2025-09-02→2025-09-03
2025-09-02,2025-09-03,C,6375.0,0.03561643835616438,123.65479725018011,0.6619082009704581,106.80077629225343,0.6639741942478865,6415.54,6448.26,0.03287671232876712,106.68817911489786,125.8862894848844,-17.80763633575355,-17.875235635791007,0.9894457299742654,3.0-4.0%,0.98-1.00,2025-09-02→2025-09-03
2025-09-02,2025-09-03,P,6375.0,0.03561643835616438,55.94345572916306,-0.3380917990294815,38.699602393366604,-0.34007574968032417,6415.54,6448.26,0.03287671232876712,25.832641940452906,27.06555930656259,2.3123636642447174,2.3772785295402894,0.9894457299742654,3.0-4.0%,0.98-1.00,2025-09-02→2025-09-03
2025-09-02,2025-09-03,C,6380.0,0.03561643835616438,120.61636382901615,0.6513480419266799,102.80076537854256,0.6546389539300741,6415.54,6448.26,0.03287671232876712,103.17589125077582,121.62056212419066,-17.36210793184113,-17.469786572592188,0.9902217658409118,3.0-4.0%,0.98-1.00,2025-09-02→2025-09-03
2025-09-02,2025-09-03,P,6380.0,0.03561643835616438,57.88371145190483,-0.3486519580732697,40.14959032333127,-0.35040006932162865,6415.54,6448.26,0.03287671232876712,27.314396792272245,28.192254658012644,2.157892068157466,2.215090268203772,0.9902217658409118,3.0-4.0%,0.98-1.00,2025-09-02→2025-09-03
2025-09-02,2025-09-03,C,6385.0,0.03561643835616438,117.54671778147211,0.6458807996258975,99.30075383345275,0.6440455192955985,6415.54,6448.26,0.03287671232876712,99.59382997689312,117.7896794156477,-17.533219763759522,-17.473169391352137,0.9909978017075584,3.0-4.0%,0.98-1.00,2025-09-02→2025-09-03
2025-09-02,2025-09-03,P,6385.0,0.03561643835616438,59.79275454826574,-0.35411920037404987,41.34957953409685,-0.3603358759928957,6415.54,6448.26,0.03287671232876712,28.726378234331,29.099699748357807,2.2367802362390012,2.440189862487637,0.9909978017075584,3.0-4.0%,0.98-1.00,2025-09-02→2025-09-03
2025-09-02,2025-09-03,C,6390.0,0.03561643835616438,114.47400696497067,0.6347611296296601,95.45074140610814,0.6339911432495902,6415.54,6448.26,0.03287671232876712,96.1268766014776,113.65027442162773,-17.169384161482647,-17.14419020712676,0.9917738375742048,3.0-4.0%,0.98-1.00,2025-09-02→2025-09-03
2025-09-02,2025-09-03,P,6390.0,0.03561643835616438,61.69873287566964,-0.3652388703702374,42.69956667671477,-0.3707583617778451,6415.54,6448.26,0.03287671232876712,30.25346757485785,30.1369835283258,2.6006158385142584,2.7812135973711847,0.9917738375742048,3.0-4.0%,0.98-1.00,2025-09-02→2025-09-03
2025-09-02,2025-09-03,C,6395.0,0.03561643835616438,111.53025812785127,0.6237613103497864,92.00072841600286,0.6230029759328636,6415.54,6448.26,0.03287671232876712,92.79367228385091,109.86210914898948,-17.109470074645174,-17.08465737252346,0.9925498734408513,3.0-4.0%,0.98-1.00,2025-09-02→2025-09-03
2025-09-02,2025-09-03,P,6395.0,0.03561643835616438,63.73367318245513,-0.37623868965015317,44.099554046224966,-0.38144911018386457,6415.54,6448.26,0.03287671232876712,31.914305973172873,31.216978872353366,2.7605299253531026,2.9310148852161415,0.9925498734408513,3.0-4.0%,0.98-1.00,2025-09-02→2025-09-03
2025-09-02,2025-09-03,C,6400.0,0.03561643835616438,108.6021052917363,0.6162427721100706,88.20071602293501,0.6124216117085693,6415.54,6448.26,0.03287671232876712,89.35579045936055,105.76150354625224,-16.813463503441675,-16.68843513510455,0.9933259093074978,3.0-4.0%,0.98-1.00,2025-09-02→2025-09-03
2025-09-02,2025-09-03,P,6400.0,0.03561643835616438,65.78420949024495,-0.3837572278898918,45.34954157946595,-0.3920940302015899,6415.54,6448.26,0.03287671232876712,33.47046686462335,32.161422899879426,2.956536496557357,3.2293166681961196,0.9933259093074978,3.0-4.0%,0.98-1.00,2025-09-02→2025-09-03
2025-09-02,2025-09-03,C,6405.0,0.03561643835616438,105.65205241053602,0.6068953586084979,84.95070242397878,0.6007929244856071,6415.54,6448.26,0.03287671232876712,86.01919303625182,102.15000304414662,-17.007616133670197,-16.80794448916921,0.9941019451741443,3.0-4.0%,0.98-1.00,2025-09-02→2025-09-03
2025-09-02,2025-09-03,P,6405.0,0.03561643835616438,67.81284575294968,-0.39310464139141355,46.849528418804766,-0.40334797455635163,6415.54,6448.26,0.03287671232876712,35.127912157455846,33.32639584835033,3.0123838663271503,3.3475457274839258,0.9941019451741443,3.0-4.0%,0.98-1.00,2025-09-02→2025-09-03
2025-09-02,2025-09-03,C,6410.0,0.03561643835616438,102.78600911497412,0.5955644711411179,81.40068912094466,0.5894149402452413,6415.54,6448.26,0.03287671232876712,82.83950318372821,98.26848777371924,-16.636869495737535,-16.43565684482445,0.9948779810407907,3.0-4.0%,0.98-1.00,2025-09-02→2025-09-03
2025-09-02,2025-09-03,P,6410.0,0.03561643835616438,69.92549160129393,-0.40443552885879125,48.34951502432614,-0.4148041670570126,6415.54,6448.26,0.03287671232876712,36.9422650208739,34.48949094416639,3.183130504259749,3.522392346105555,0.9948779810407907,3.0-4.0%,0.98-1.00,2025-09-02→2025-09-03
2025-09-02,2025-09-03,C,6415.0,0.03561643835616438,100.00563922859921,0.5855204903926051,78.00067534820528,0.5776349863373255,6415.54,6448.26,0.03287671232876712,79.56847685248856,94.52012096821,-16.508230445646184,-16.25021675295743,0.9956540169074373,3.0-4.0%,0.98-1.00,2025-09-02→2025-09-03
2025-09-02,2025-09-03,P,6415.0,0.03561643835616438,72.12381085882433,-0.41447950960731733,50.04950111877042,-0.42669772083695007,6415.54,6448.26,0.03287671232876712,38.66528140557695,35.83165546722694,3.211769554351534,3.611549425785121,0.9956540169074373,3.0-4.0%,0.98-1.00,2025-09-02→2025-09-03
2025-09-02,2025-09-03,C,6420.0,0.03561643835616438,97.18591839957004,0.5784708200830935,74.6006602733305,0.5656363184834291,6415.54,6448.26,0.03287671232876712,76.33520162655019,90.76963006383767,-16.27756523311896,-15.857620340777938,0.9964300527740837,3.0-4.0%,0.98-1.00,2025-09-02→2025-09-03
2025-09-02,2025-09-03,P,6420.0,0.03561643835616438,74.28277917369998,-0.4215291799168678,51.69948602004979,-0.4387303145257077,6415.54,6448.26,0.03287671232876712,40.426048895579875,37.12712469014605,3.292434766880021,3.855255891281267,0.9964300527740837,3.0-4.0%,0.98-1.00,2025-09-02→2025-09-03
2025-09-02,2025-09-03,C,6425.0,0.03561643835616438,94.39819360793194,0.5668272360034309,71.30064683391038,0.5533230897935385,6415.54,6448.26,0.03287671232876712,73.32105943436943,87.10821873187388,-16.296587162032402,-15.854731498044721,0.9972060886407302,3.0-4.0%,0.98-1.00,2025-09-02→2025-09-03
2025-09-02,2025-09-03,P,6425.0,0.03561643835616438,76.47374352596611,-0.4331727639964926,53.39947258854909,-0.4510244325695814,6415.54,6448.26,0.03287671232876712,42.40594941934074,38.466288761863325,3.4734128379653537,4.057519433676823,0.9972060886407302,3.0-4.0%,0.98-1.00,2025-09-02→2025-09-03
2025-09-02,2025-09-03,C,6430.0,0.03561643835616438,91.75783532093398,0.5553552822009402,68.10063218941787,0.5407233478987962,6415.54,6448.26,0.03287671232876712,70.24054472695069,83.53685651374417,-16.021224833614898,-15.542467943248742,0.9979821245073767,3.0-4.0%,0.98-1.00,2025-09-02→2025-09-03
2025-09-02,2025-09-03,P,6430.0,0.03561643835616438,78.81207438287365,-0.44464471779903314,55.09945802112043,-0.4635570671821319,6415.54,6448.26,0.03287671232876712,44.31947742786372,39.80298670869115,3.7487751663844726,4.367587238199469,0.9979821245073767,3.0-4.0%,0.98-1.00,2025-09-02→2025-09-03
2025-09-02,2025-09-03,C,6435.0,0.03561643835616438,89.08544202462636,0.5495760214454722,64.900617191935,0.527893309703038,6415.54,6448.26,0.03287671232876712,67.0668702720137,79.96340594373305,-15.982127421695992,-15.27266909348354,0.9987581603740232,3.0-4.0%,0.98-1.00,2025-09-02→2025-09-03
2025-09-02,2025-09-03,P,6435.0,0.03561643835616438,81.11837023047171,-0.45042397855446126,56.89944302363756,-0.47638710537789003,6415.54,6448.26,0.03287671232876712,46.13984568886806,41.22953613868003,3.837872578302088,4.6873860879646845,0.9987581603740232,3.0-4.0%,0.98-1.00,2025-09-02→2025-09-03
2025-09-02,2025-09-03,C,6440.0,0.03561643835616438,86.41650960602824,0.5375726795957724,61.80060184647073,0.5147944524125662,6415.54,6448.26,0.03287671232876712,64.21365358146033,76.4807813605903,-15.789378076373804,-15.04407448293929,0.9995341962406696,3.0-4.0%,0.98-1.00,2025-09-02→2025-09-03
2025-09-02,2025-09-03,P,6440.0,0.03561643835616438,83.42812695577788,-0.4624273204041401,58.8994276719136,-0.4894913413950871,6415.54,6448.26,0.03287671232876712,48.280671714256016,42.84068793704364,3.930621923623585,4.816156690447379,0.9995341962406696,3.0-4.0%,0.98-1.00,2025-09-02→2025-09-03
2025-09-02,2025-09-03,C,6445.0,0.03561643835616438,83.87373940407521,0.5257978347270829,58.700586255545204,0.5014400807837023,6415.54,6448.26,0.03287671232876712,61.390340490314024,72.99556911402533,-15.504105152270288,-14.70711944324287,1.000310232107316,3.0-4.0%,1.00-1.02,2025-09-02→2025-09-03
2025-09-02,2025-09-03,P,6445.0,0.03561643835616438,85.86404589772998,-0.4742021652728097,60.69941208724822,-0.5028403342972259,6415.54,6448.26,0.03287671232876712,50.451401339051785,44.261699308973675,4.415894847726452,5.352935738205357,1.000310232107316,3.0-4.0%,1.00-1.02,2025-09-02→2025-09-03
2025-09-02,2025-09-03,C,6450.0,0.03561643835616438,81.36054631349474,0.5175141264919196,55.600571063908774,0.48779262687730246,6415.54,6448.26,0.03287671232876712,58.324199746701886,69.50679920820494,-15.233062218815746,-14.260574751425464,1.0010862679739627,3.0-4.0%,1.00-1.02,2025-09-02→2025-09-03
2025-09-02,2025-09-03,P,6450.0,0.03561643835616438,88.329541951055,-0.4824858735080305,62.69939696463916,-0.5164479335911832,6415.54,6448.26,0.03287671232876712,52.37930331138013,45.8680177472238,4.386937781182876,5.498176387103641,1.0010862679739627,3.0-4.0%,1.00-1.02,2025-09-02→2025-09-03
2025-09-02,2025-09-03,C,6455.0,0.03561643835616438,78.82762771710375,0.5079403376906466,52.85055421951347,0.4740339479144548,6415.54,6448.26,0.03287671232876712,55.49059127728422,66.34863284588391,-15.269807849238084,-14.16039077576108,1.0018623038406091,3.0-4.0%,1.00-1.02,2025-09-02→2025-09-03
2025-09-02,2025-09-03,P,6455.0,0.03561643835616438,90.7753124985693,-0.49205966230929576,64.7993800139966,-0.5302782852009729,6415.54,6448.26,0.03287671232876712,54.539737557903095,47.566870495079,4.550192150760271,5.8007054917759575,1.0018623038406091,3.0-4.0%,1.00-1.02,2025-09-02→2025-09-03
2025-09-02,2025-09-03,C,6460.0,0.03561643835616438,76.36600686697156,0.4959491497219075,50.00053770081422,0.4599809400543264,6415.54,6448.26,0.03287671232876712,53.029843717584605,63.09316690948481,-15.027456178900938,-13.850576358577673,1.0026383397072556,3.0-4.0%,1.00-1.02,2025-09-02→2025-09-03
2025-09-02,2025-09-03,P,6460.0,0.03561643835616438,93.29238079234109,-0.5040508502779961,66.99936353251769,-0.5442994750266011,6415.54,6448.26,0.03287671232876712,57.073032714146635,49.35929710443361,4.742543821096163,6.059478822870528,1.0026383397072556,3.0-4.0%,1.00-1.02,2025-09-02→2025-09-03
2025-09-02,2025-09-03,C,6465.0,0.03561643835616438,74.01253937494585,0.48474800445284905,47.20052205340653,0.4456882102426928,6415.54,6448.26,0.03287671232876712,50.113985905370015,59.88299574294433,-14.76095470569735,-13.482918239141027,1.003414375573902,3.0-4.0%,1.00-1.02,2025-09-02→2025-09-03
2025-09-02,2025-09-03,P,6465.0,0.03561643835616438,95.91760244422198,-0.5152519955471166,69.14934780642398,-0.5586493532944987,6415.54,6448.26,0.03287671232876712,59.15121761787392,51.100505049666026,5.009045294301778,6.429006839796131,1.003414375573902,3.0-4.0%,1.00-1.02,2025-09-02→2025-09-03
2025-09-02,2025-09-03,C,6470.0,0.03561643835616438,71.61962909632884,0.47809657597922767,44.55050424690535,0.43129012692881313,6415.54,6448.26,0.03287671232876712,47.32623632922044,56.816039535267464,-14.743319966040445,-13.21181295311087,1.0041904114405487,3.0-4.0%,1.00-1.02,2025-09-02→2025-09-03
2025-09-02,2025-09-03,P,6470.0,0.03561643835616438,98.50338130950942,-0.5219034240206959,71.54933007860836,-0.5729902881521148,6415.54,6448.26,0.03287671232876712,61.357510757665274,53.0821697302149,5.076680033957302,6.748242228337343,1.0041904114405487,3.0-4.0%,1.00-1.02,2025-09-02→2025-09-03
2025-09-02,2025-09-03,C,6475.0,0.03561643835616438,69.24586647264363,0.46591347280605716,41.950487180985874,0.41669335175652233,6415.54,6448.26,0.03287671232876712,45.208758015133824,53.795750696594496,-14.344688830214311,-12.734206469473518,1.004966447307195,3.0-4.0%,1.00-1.02,2025-09-02→2025-09-03
2025-09-02,2025-09-03,P,6475.0,0.03561643835616438,101.10830782972961,-0.5340865271938697,73.94931301268798,-0.5875870633244055,6415.54,6448.26,0.03287671232876712,64.23407515952087,55.06188089154193,5.225311169783552,6.975848711974695,1.004966447307195,3.0-4.0%,1.00-1.02,2025-09-02→2025-09-03
2025-09-02,2025-09-03,C,6480.0,0.03561643835616438,67.02644947440395,0.4539450890537094,39.45046999286615,0.40199012290945974,6415.54,6448.26,0.03287671232876712,42.51058409694169,50.87183891464338,-14.203083313837489,-12.503116821597626,1.0057424831738415,3.0-4.0%,1.00-1.02,2025-09-02→2025-09-03
2025-09-02,2025-09-03,P,6480.0,0.03561643835616438,103.86757997539458,-0.5460549109462097,76.49929593946626,-0.6021919827720115,6415.54,6448.26,0.03287671232876712,66.52994395726995,57.18776827845204,5.416916686160118,7.253721676300366,1.0057424831738415,3.0-4.0%,1.00-1.02,2025-09-02→2025-09-03
2025-09-02,2025-09-03,C,6485.0,0.03561643835616438,64.79224831973761,0.44711656484533496,36.95045249331224,0.3869906504622838,6415.54,6448.26,0.03287671232876712,39.70419781869634,47.944983724358735,-14.079654001739478,-12.112334083126028,1.006518519040488,3.0-4.0%,1.00-1.02,2025-09-02→2025-09-03
2025-09-02,2025-09-03,P,6485.0,0.03561643835616438,106.61206796463355,-0.5528834351546518,78.8992781929719,-0.6174033319126898,6415.54,6448.26,0.03287671232876712,68.71760039496557,59.160886739005946,5.640345998260344,7.751437020183364,1.006518519040488,3.0-4.0%,1.00-1.02,2025-09-02→2025-09-03
2025-09-02,2025-09-03,C,6490.0,0.03561643835616438,62.556504001422965,0.43575819512930036,34.650435565329644,0.37215609063941446,6415.54,6448.26,0.03287671232876712,37.87541677793202,45.21636792736763,-13.908008144630825,-11.826947285721742,1.0072945549071344,3.0-4.0%,1.00-1.02,2025-09-02→2025-09-03
2025-09-02,2025-09-03,P,6490.0,0.03561643835616438,109.35501279022321,-0.5642418048706338,81.54926111318673,-0.6323819790820062,6415.54,6448.26,0.03287671232876712,71.88286207014258,61.38118000765644,5.911991855367283,8.141538355563409,1.0072945549071344,3.0-4.0%,1.00-1.02,2025-09-02→2025-09-03
