asof,timestamp,cp,K,T,bid,ask,mid,S,expiry,symbol
20250902,2025-09-02 15:59:59,C,6345.0,0.005479452054794521,94.1,98.3,96.19999999999999,6415.54,2025-09-04,SPX
20250902,2025-09-02 15:59:59,P,6345.0,0.005479452054794521,4.2,4.5,4.35,6415.54,2025-09-04,SPX
20250902,2025-09-02 15:59:59,C,6350.0,0.005479452054794521,89.4,93.7,91.55000000000001,6415.54,2025-09-04,SPX
20250902,2025-09-02 15:59:59,P,6350.0,0.005479452054794521,4.6,4.9,4.75,6415.54,2025-09-04,SPX
20250902,2025-09-02 15:59:59,C,6355.0,0.005479452054794521,82.0,89.1,85.55,6415.54,2025-09-04,SPX
20250902,2025-09-02 15:59:59,P,6355.0,0.005479452054794521,5.0,5.3,5.15,6415.54,2025-09-04,SPX
20250902,2025-09-02 15:59:59,C,6360.0,0.005479452054794521,80.4,84.6,82.5,6415.54,2025-09-04,SPX
20250902,2025-09-02 15:59:59,P,6360.0,0.005479452054794521,5.5,5.8,5.65,6415.54,2025-09-04,SPX
20250902,2025-09-02 15:59:59,C,6365.0,0.005479452054794521,75.9,80.1,78.0,6415.54,2025-09-04,SPX
20250902,2025-09-02 15:59:59,P,6365.0,0.005479452054794521,6.0,6.3,6.15,6415.54,2025-09-04,SPX
20250902,2025-09-02 15:59:59,C,6370.0,0.005479452054794521,71.5,75.7,73.6,6415.54,2025-09-04,SPX
20250902,2025-09-02 15:59:59,P,6370.0,0.005479452054794521,6.6,6.9,6.75,6415.54,2025-09-04,SPX
20250902,2025-09-02 15:59:59,C,6375.0,0.005479452054794521,67.2,71.3,69.25,6415.54,2025-09-04,SPX
20250902,2025-09-02 15:59:59,P,6375.0,0.005479452054794521,7.2,7.6,7.4,6415.54,2025-09-04,SPX
20250902,2025-09-02 15:59:59,C,6380.0,0.005479452054794521,62.9,67.0,64.95,6415.54,2025-09-04,SPX
20250902,2025-09-02 15:59:59,P,6380.0,0.005479452054794521,8.0,8.3,8.15,6415.54,2025-09-04,SPX
20250902,2025-09-02 15:59:59,C,6385.0,0.005479452054794521,58.7,62.8,60.75,6415.54,2025-09-04,SPX
20250902,2025-09-02 15:59:59,P,6385.0,0.005479452054794521,8.7,9.1,8.899999999999999,6415.54,2025-09-04,SPX
20250902,2025-09-02 15:59:59,C,6390.0,0.005479452054794521,54.5,58.7,56.6,6415.54,2025-09-04,SPX
20250902,2025-09-02 15:59:59,P,6390.0,0.005479452054794521,9.6,10.0,9.8,6415.54,2025-09-04,SPX
20250902,2025-09-02 15:59:59,C,6395.0,0.005479452054794521,50.5,54.6,52.55,6415.54,2025-09-04,SPX
20250902,2025-09-02 15:59:59,P,6395.0,0.005479452054794521,10.5,10.9,10.7,6415.54,2025-09-04,SPX
20250902,2025-09-02 15:59:59,C,6400.0,0.005479452054794521,48.5,49.1,48.8,6415.54,2025-09-04,SPX
20250902,2025-09-02 15:59:59,P,6400.0,0.005479452054794521,11.6,12.0,11.8,6415.54,2025-09-04,SPX
20250902,2025-09-02 15:59:59,C,6405.0,0.005479452054794521,44.7,45.2,44.95,6415.54,2025-09-04,SPX
20250902,2025-09-02 15:59:59,P,6405.0,0.005479452054794521,12.7,13.1,12.899999999999999,6415.54,2025-09-04,SPX
20250902,2025-09-02 15:59:59,C,6410.0,0.005479452054794521,41.0,41.5,41.25,6415.54,2025-09-04,SPX
20250902,2025-09-02 15:59:59,P,6410.0,0.005479452054794521,14.0,14.4,14.2,6415.54,2025-09-04,SPX
20250902,2025-09-02 15:59:59,C,6415.0,0.005479452054794521,37.4,37.8,37.599999999999994,6415.54,2025-09-04,SPX
20250902,2025-09-02 15:59:59,P,6415.0,0.005479452054794521,15.4,15.8,15.600000000000001,6415.54,2025-09-04,SPX
20250902,2025-09-02 15:59:59,C,6420.0,0.005479452054794521,33.9,34.3,34.099999999999994,6415.54,2025-09-04,SPX
20250902,2025-09-02 15:59:59,P,6420.0,0.005479452054794521,16.9,17.3,17.1,6415.54,2025-09-04,SPX
20250902,2025-09-02 15:59:59,C,6425.0,0.005479452054794521,30.6,30.9,30.75,6415.54,2025-09-04,SPX
20250902,2025-09-02 15:59:59,P,6425.0,0.005479452054794521,18.5,19.0,18.75,6415.54,2025-09-04,SPX
20250902,2025-09-02 15:59:59,C,6430.0,0.005479452054794521,27.4,27.7,27.549999999999997,6415.54,2025-09-04,SPX
20250902,2025-09-02 15:59:59,P,6430.0,0.005479452054794521,20.4,20.8,20.6,6415.54,2025-09-04,SPX
20250902,2025-09-02 15:59:59,C,6435.0,0.005479452054794521,24.3,24.6,24.450000000000003,6415.54,2025-09-04,SPX
20250902,2025-09-02 15:59:59,P,6435.0,0.005479452054794521,22.3,22.8,22.55,6415.54,2025-09-04,SPX
20250902,2025-09-02 15:59:59,C,6440.0,0.005479452054794521,21.5,21.8,21.65,6415.54,2025-09-04,SPX
20250902,2025-09-02 15:59:59,P,6440.0,0.005479452054794521,24.4,24.9,24.65,6415.54,2025-09-04,SPX
20250902,2025-09-02 15:59:59,C,6445.0,0.005479452054794521,18.8,19.3,19.05,6415.54,2025-09-04,SPX
20250902,2025-09-02 15:59:59,P,6445.0,0.005479452054794521,26.7,27.2,26.95,6415.54,2025-09-04,SPX
20250902,2025-09-02 15:59:59,C,6450.0,0.005479452054794521,16.3,16.6,16.450000000000003,6415.54,2025-09-04,SPX
20250902,2025-09-02 15:59:59,P,6450.0,0.005479452054794521,29.2,29.7,29.45,6415.54,2025-09-04,SPX
20250902,2025-09-02 15:59:59,C,6455.0,0.005479452054794521,14.0,14.4,14.2,6415.54,2025-09-04,SPX
20250902,2025-09-02 15:59:59,P,6455.0,0.005479452054794521,31.9,32.4,32.15,6415.54,2025-09-04,SPX
20250902,2025-09-02 15:59:59,C,6460.0,0.005479452054794521,11.9,12.2,12.05,6415.54,2025-09-04,SPX
20250902,2025-09-02 15:59:59,P,6460.0,0.005479452054794521,33.9,35.9,34.9,6415.54,2025-09-04,SPX
20250902,2025-09-02 15:59:59,C,6465.0,0.005479452054794521,10.0,10.3,10.15,6415.54,2025-09-04,SPX
20250902,2025-09-02 15:59:59,P,6465.0,0.005479452054794521,36.1,40.3,38.2,6415.54,2025-09-04,SPX
20250902,2025-09-02 15:59:59,C,6470.0,0.005479452054794521,8.3,8.6,8.45,6415.54,2025-09-04,SPX
20250902,2025-09-02 15:59:59,P,6470.0,0.005479452054794521,39.4,43.6,41.5,6415.54,2025-09-04,SPX
20250902,2025-09-02 15:59:59,C,6475.0,0.005479452054794521,6.8,7.1,6.949999999999999,6415.54,2025-09-04,SPX
20250902,2025-09-02 15:59:59,P,6475.0,0.005479452054794521,42.9,47.1,45.0,6415.54,2025-09-04,SPX
20250902,2025-09-02 15:59:59,C,6480.0,0.005479452054794521,5.5,5.8,5.65,6415.54,2025-09-04,SPX
20250902,2025-09-02 15:59:59,P,6480.0,0.005479452054794521,46.6,50.8,48.7,6415.54,2025-09-04,SPX
20250902,2025-09-02 15:59:59,C,6485.0,0.005479452054794521,4.4,4.7,4.550000000000001,6415.54,2025-09-04,SPX
20250902,2025-09-02 15:59:59,P,6485.0,0.005479452054794521,50.5,55.0,52.75,6415.54,2025-09-04,SPX
20250902,2025-09-02 15:59:59,C,6490.0,0.005479452054794521,3.5,3.7,3.6,6415.54,2025-09-04,SPX
20250902,2025-09-02 15:59:59,P,6490.0,0.005479452054794521,56.1,57.0,56.55,6415.54,2025-09-04,SPX
20250902,2025-09-02 15:59:59,C,6345.0,0.00821917808219178,104.2,105.0,104.6,6415.54,2025-09-05,SPX
20250902,2025-09-02 15:59:59,P,6345.0,0.00821917808219178,10.7,11.1,10.899999999999999,6415.54,2025-09-05,SPX
20250902,2025-09-02 15:59:59,C,6350.0,0.00821917808219178,100.0,100.8,100.4,6415.54,2025-09-05,SPX
20250902,2025-09-02 15:59:59,P,6350.0,0.00821917808219178,11.5,11.9,11.7,6415.54,2025-09-05,SPX
20250902,2025-09-02 15:59:59,C,6355.0,0.00821917808219178,95.8,96.6,96.19999999999999,6415.54,2025-09-05,SPX
20250902,2025-09-02 15:59:59,P,6355.0,0.00821917808219178,12.3,12.7,12.5,6415.54,2025-09-05,SPX
20250902,2025-09-02 15:59:59,C,6360.0,0.00821917808219178,91.6,92.4,92.0,6415.54,2025-09-05,SPX
20250902,2025-09-02 15:59:59,P,6360.0,0.00821917808219178,13.1,13.5,13.3,6415.54,2025-09-05,SPX
20250902,2025-09-02 15:59:59,C,6365.0,0.00821917808219178,87.5,88.3,87.9,6415.54,2025-09-05,SPX
20250902,2025-09-02 15:59:59,P,6365.0,0.00821917808219178,14.0,14.5,14.25,6415.54,2025-09-05,SPX
20250902,2025-09-02 15:59:59,C,6370.0,0.00821917808219178,83.5,84.3,83.9,6415.54,2025-09-05,SPX
20250902,2025-09-02 15:59:59,P,6370.0,0.00821917808219178,15.0,15.4,15.2,6415.54,2025-09-05,SPX
20250902,2025-09-02 15:59:59,C,6375.0,0.00821917808219178,79.5,80.3,79.9,6415.54,2025-09-05,SPX
20250902,2025-09-02 15:59:59,P,6375.0,0.00821917808219178,16.0,16.4,16.2,6415.54,2025-09-05,SPX
20250902,2025-09-02 15:59:59,C,6380.0,0.00821917808219178,75.6,76.4,76.0,6415.54,2025-09-05,SPX
20250902,2025-09-02 15:59:59,P,6380.0,0.00821917808219178,17.1,17.5,17.3,6415.54,2025-09-05,SPX
20250902,2025-09-02 15:59:59,C,6385.0,0.00821917808219178,71.8,72.4,72.1,6415.54,2025-09-05,SPX
20250902,2025-09-02 15:59:59,P,6385.0,0.00821917808219178,18.2,18.7,18.45,6415.54,2025-09-05,SPX
20250902,2025-09-02 15:59:59,C,6390.0,0.00821917808219178,68.0,68.6,68.3,6415.54,2025-09-05,SPX
20250902,2025-09-02 15:59:59,P,6390.0,0.00821917808219178,19.4,19.9,19.65,6415.54,2025-09-05,SPX
20250902,2025-09-02 15:59:59,C,6395.0,0.00821917808219178,64.3,64.9,64.6,6415.54,2025-09-05,SPX
20250902,2025-09-02 15:59:59,P,6395.0,0.00821917808219178,20.7,21.1,20.9,6415.54,2025-09-05,SPX
20250902,2025-09-02 15:59:59,C,6400.0,0.00821917808219178,60.7,61.2,60.95,6415.54,2025-09-05,SPX
20250902,2025-09-02 15:59:59,P,6400.0,0.00821917808219178,22.0,22.5,22.25,6415.54,2025-09-05,SPX
20250902,2025-09-02 15:59:59,C,6405.0,0.00821917808219178,57.1,57.7,57.400000000000006,6415.54,2025-09-05,SPX
20250902,2025-09-02 15:59:59,P,6405.0,0.00821917808219178,23.4,23.9,23.65,6415.54,2025-09-05,SPX
20250902,2025-09-02 15:59:59,C,6410.0,0.00821917808219178,53.6,54.2,53.900000000000006,6415.54,2025-09-05,SPX
20250902,2025-09-02 15:59:59,P,6410.0,0.00821917808219178,24.9,25.4,25.15,6415.54,2025-09-05,SPX
20250902,2025-09-02 15:59:59,C,6415.0,0.00821917808219178,50.2,50.7,50.45,6415.54,2025-09-05,SPX
20250902,2025-09-02 15:59:59,P,6415.0,0.00821917808219178,26.5,27.0,26.75,6415.54,2025-09-05,SPX
20250902,2025-09-02 15:59:59,C,6420.0,0.00821917808219178,46.9,47.4,47.15,6415.54,2025-09-05,SPX
20250902,2025-09-02 15:59:59,P,6420.0,0.00821917808219178,28.2,28.7,28.45,6415.54,2025-09-05,SPX
20250902,2025-09-02 15:59:59,C,6425.0,0.00821917808219178,43.7,44.2,43.95,6415.54,2025-09-05,SPX
20250902,2025-09-02 15:59:59,P,6425.0,0.00821917808219178,30.0,30.5,30.25,6415.54,2025-09-05,SPX
20250902,2025-09-02 15:59:59,C,6430.0,0.00821917808219178,40.6,41.0,40.8,6415.54,2025-09-05,SPX
20250902,2025-09-02 15:59:59,P,6430.0,0.00821917808219178,31.8,32.4,32.1,6415.54,2025-09-05,SPX
20250902,2025-09-02 15:59:59,C,6435.0,0.00821917808219178,37.5,38.0,37.75,6415.54,2025-09-05,SPX
20250902,2025-09-02 15:59:59,P,6435.0,0.00821917808219178,33.8,34.3,34.05,6415.54,2025-09-05,SPX
20250902,2025-09-02 15:59:59,C,6440.0,0.00821917808219178,34.6,35.1,34.85,6415.54,2025-09-05,SPX
20250902,2025-09-02 15:59:59,P,6440.0,0.00821917808219178,35.9,36.4,36.15,6415.54,2025-09-05,SPX
20250902,2025-09-02 15:59:59,C,6445.0,0.00821917808219178,31.8,32.3,32.05,6415.54,2025-09-05,SPX
20250902,2025-09-02 15:59:59,P,6445.0,0.00821917808219178,38.0,38.6,38.3,6415.54,2025-09-05,SPX
20250902,2025-09-02 15:59:59,C,6450.0,0.00821917808219178,29.1,29.6,29.35,6415.54,2025-09-05,SPX
20250902,2025-09-02 15:59:59,P,6450.0,0.00821917808219178,40.3,40.9,40.599999999999994,6415.54,2025-09-05,SPX
20250902,2025-09-02 15:59:59,C,6455.0,0.00821917808219178,26.5,27.0,26.75,6415.54,2025-09-05,SPX
20250902,2025-09-02 15:59:59,P,6455.0,0.00821917808219178,42.7,43.3,43.0,6415.54,2025-09-05,SPX
20250902,2025-09-02 15:59:59,C,6460.0,0.00821917808219178,24.0,24.5,24.25,6415.54,2025-09-05,SPX
20250902,2025-09-02 15:59:59,P,6460.0,0.00821917808219178,45.2,45.8,45.5,6415.54,2025-09-05,SPX
20250902,2025-09-02 15:59:59,C,6465.0,0.00821917808219178,21.7,22.2,21.95,6415.54,2025-09-05,SPX
20250902,2025-09-02 15:59:59,P,6465.0,0.00821917808219178,47.9,48.5,48.2,6415.54,2025-09-05,SPX
20250902,2025-09-02 15:59:59,C,6470.0,0.00821917808219178,19.5,19.9,19.7,6415.54,2025-09-05,SPX
20250902,2025-09-02 15:59:59,P,6470.0,0.00821917808219178,50.7,51.2,50.95,6415.54,2025-09-05,SPX
20250902,2025-09-02 15:59:59,C,6475.0,0.00821917808219178,17.4,17.9,17.65,6415.54,2025-09-05,SPX
20250902,2025-09-02 15:59:59,P,6475.0,0.00821917808219178,53.5,54.3,53.9,6415.54,2025-09-05,SPX
20250902,2025-09-02 15:59:59,C,6480.0,0.00821917808219178,15.4,15.9,15.65,6415.54,2025-09-05,SPX
20250902,2025-09-02 15:59:59,P,6480.0,0.00821917808219178,56.6,57.4,57.0,6415.54,2025-09-05,SPX
20250902,2025-09-02 15:59:59,C,6485.0,0.00821917808219178,13.6,14.0,13.8,6415.54,2025-09-05,SPX
20250902,2025-09-02 15:59:59,P,6485.0,0.00821917808219178,59.7,60.6,60.150000000000006,6415.54,2025-09-05,SPX
20250902,2025-09-02 15:59:59,C,6490.0,0.00821917808219178,11.9,12.4,12.15,6415.54,2025-09-05,SPX
20250902,2025-09-02 15:59:59,P,6490.0,0.00821917808219178,63.0,63.9,63.45,6415.54,2025-09-05,SPX
20250902,2025-09-02 15:59:59,C,6345.0,0.01643835616438356,100.1,116.1,108.1,6415.54,2025-09-08,SPX
20250902,2025-09-02 15:59:59,P,6345.0,0.01643835616438356,14.7,15.1,14.899999999999999,6415.54,2025-09-08,SPX
20250902,2025-09-02 15:59:59,C,6350.0,0.01643835616438356,104.6,105.5,105.05,6415.54,2025-09-08,SPX
20250902,2025-09-02 15:59:59,P,6350.0,0.01643835616438356,15.5,16.0,15.75,6415.54,2025-09-08,SPX
20250902,2025-09-02 15:59:59,C,6355.0,0.01643835616438356,94.2,104.2,99.2,6415.54,2025-09-08,SPX
20250902,2025-09-02 15:59:59,P,6355.0,0.01643835616438356,16.4,16.9,16.65,6415.54,2025-09-08,SPX
20250902,2025-09-02 15:59:59,C,6360.0,0.01643835616438356,90.2,100.2,95.2,6415.54,2025-09-08,SPX
20250902,2025-09-02 15:59:59,P,6360.0,0.01643835616438356,17.4,17.8,17.6,6415.54,2025-09-08,SPX
20250902,2025-09-02 15:59:59,C,6365.0,0.01643835616438356,86.2,96.2,91.2,6415.54,2025-09-08,SPX
20250902,2025-09-02 15:59:59,P,6365.0,0.01643835616438356,18.3,18.8,18.55,6415.54,2025-09-08,SPX
20250902,2025-09-02 15:59:59,C,6370.0,0.01643835616438356,88.2,89.2,88.7,6415.54,2025-09-08,SPX
20250902,2025-09-02 15:59:59,P,6370.0,0.01643835616438356,19.4,19.8,19.6,6415.54,2025-09-08,SPX
20250902,2025-09-02 15:59:59,C,6375.0,0.01643835616438356,79.9,89.9,84.9,6415.54,2025-09-08,SPX
20250902,2025-09-02 15:59:59,P,6375.0,0.01643835616438356,20.4,20.9,20.65,6415.54,2025-09-08,SPX
20250902,2025-09-02 15:59:59,C,6380.0,0.01643835616438356,80.7,81.3,81.0,6415.54,2025-09-08,SPX
20250902,2025-09-02 15:59:59,P,6380.0,0.01643835616438356,21.6,22.1,21.85,6415.54,2025-09-08,SPX
20250902,2025-09-02 15:59:59,C,6385.0,0.01643835616438356,76.9,77.5,77.2,6415.54,2025-09-08,SPX
20250902,2025-09-02 15:59:59,P,6385.0,0.01643835616438356,22.8,23.2,23.0,6415.54,2025-09-08,SPX
20250902,2025-09-02 15:59:59,C,6390.0,0.01643835616438356,73.2,73.7,73.45,6415.54,2025-09-08,SPX
20250902,2025-09-02 15:59:59,P,6390.0,0.01643835616438356,24.0,24.4,24.2,6415.54,2025-09-08,SPX
20250902,2025-09-02 15:59:59,C,6395.0,0.01643835616438356,69.5,70.1,69.8,6415.54,2025-09-08,SPX
20250902,2025-09-02 15:59:59,P,6395.0,0.01643835616438356,25.3,25.8,25.55,6415.54,2025-09-08,SPX
20250902,2025-09-02 15:59:59,C,6400.0,0.01643835616438356,65.9,66.4,66.15,6415.54,2025-09-08,SPX
20250902,2025-09-02 15:59:59,P,6400.0,0.01643835616438356,26.7,27.1,26.9,6415.54,2025-09-08,SPX
20250902,2025-09-02 15:59:59,C,6405.0,0.01643835616438356,62.3,62.8,62.55,6415.54,2025-09-08,SPX
20250902,2025-09-02 15:59:59,P,6405.0,0.01643835616438356,28.1,28.6,28.35,6415.54,2025-09-08,SPX
20250902,2025-09-02 15:59:59,C,6410.0,0.01643835616438356,58.8,59.3,59.05,6415.54,2025-09-08,SPX
20250902,2025-09-02 15:59:59,P,6410.0,0.01643835616438356,29.6,30.1,29.85,6415.54,2025-09-08,SPX
20250902,2025-09-02 15:59:59,C,6415.0,0.01643835616438356,55.4,56.0,55.7,6415.54,2025-09-08,SPX
20250902,2025-09-02 15:59:59,P,6415.0,0.01643835616438356,31.2,31.7,31.45,6415.54,2025-09-08,SPX
20250902,2025-09-02 15:59:59,C,6420.0,0.01643835616438356,52.0,52.6,52.3,6415.54,2025-09-08,SPX
20250902,2025-09-02 15:59:59,P,6420.0,0.01643835616438356,32.8,33.4,33.099999999999994,6415.54,2025-09-08,SPX
20250902,2025-09-02 15:59:59,C,6425.0,0.01643835616438356,48.8,49.3,49.05,6415.54,2025-09-08,SPX
20250902,2025-09-02 15:59:59,P,6425.0,0.01643835616438356,34.5,35.1,34.8,6415.54,2025-09-08,SPX
20250902,2025-09-02 15:59:59,C,6430.0,0.01643835616438356,45.6,46.1,45.85,6415.54,2025-09-08,SPX
20250902,2025-09-02 15:59:59,P,6430.0,0.01643835616438356,36.4,36.9,36.65,6415.54,2025-09-08,SPX
20250902,2025-09-02 15:59:59,C,6435.0,0.01643835616438356,42.5,43.1,42.8,6415.54,2025-09-08,SPX
20250902,2025-09-02 15:59:59,P,6435.0,0.01643835616438356,38.3,38.9,38.599999999999994,6415.54,2025-09-08,SPX
20250902,2025-09-02 15:59:59,C,6440.0,0.01643835616438356,39.6,40.1,39.85,6415.54,2025-09-08,SPX
20250902,2025-09-02 15:59:59,P,6440.0,0.01643835616438356,40.3,40.9,40.599999999999994,6415.54,2025-09-08,SPX
20250902,2025-09-02 15:59:59,C,6445.0,0.01643835616438356,36.7,37.2,36.95,6415.54,2025-09-08,SPX
20250902,2025-09-02 15:59:59,P,6445.0,0.01643835616438356,42.4,43.0,42.7,6415.54,2025-09-08,SPX
20250902,2025-09-02 15:59:59,C,6450.0,0.01643835616438356,33.9,34.5,34.2,6415.54,2025-09-08,SPX
20250902,2025-09-02 15:59:59,P,6450.0,0.01643835616438356,45.0,45.2,45.1,6415.54,2025-09-08,SPX
20250902,2025-09-02 15:59:59,C,6455.0,0.01643835616438356,31.3,31.7,31.5,6415.54,2025-09-08,SPX
20250902,2025-09-02 15:59:59,P,6455.0,0.01643835616438356,47.0,47.6,47.3,6415.54,2025-09-08,SPX
20250902,2025-09-02 15:59:59,C,6460.0,0.01643835616438356,28.7,29.2,28.95,6415.54,2025-09-08,SPX
20250902,2025-09-02 15:59:59,P,6460.0,0.01643835616438356,49.4,50.0,49.7,6415.54,2025-09-08,SPX
20250902,2025-09-02 15:59:59,C,6465.0,0.01643835616438356,26.3,26.8,26.55,6415.54,2025-09-08,SPX
20250902,2025-09-02 15:59:59,P,6465.0,0.01643835616438356,52.0,52.6,52.3,6415.54,2025-09-08,SPX
20250902,2025-09-02 15:59:59,C,6470.0,0.01643835616438356,24.0,24.5,24.25,6415.54,2025-09-08,SPX
20250902,2025-09-02 15:59:59,P,6470.0,0.01643835616438356,54.6,55.2,54.900000000000006,6415.54,2025-09-08,SPX
20250902,2025-09-02 15:59:59,C,6475.0,0.01643835616438356,21.7,22.2,21.95,6415.54,2025-09-08,SPX
20250902,2025-09-02 15:59:59,P,6475.0,0.01643835616438356,57.4,58.0,57.7,6415.54,2025-09-08,SPX
20250902,2025-09-02 15:59:59,C,6480.0,0.01643835616438356,19.6,20.1,19.85,6415.54,2025-09-08,SPX
20250902,2025-09-02 15:59:59,P,6480.0,0.01643835616438356,60.3,61.1,60.7,6415.54,2025-09-08,SPX
20250902,2025-09-02 15:59:59,C,6485.0,0.01643835616438356,17.6,18.1,17.85,6415.54,2025-09-08,SPX
20250902,2025-09-02 15:59:59,P,6485.0,0.01643835616438356,63.4,64.3,63.849999999999994,6415.54,2025-09-08,SPX
20250902,2025-09-02 15:59:59,C,6490.0,0.01643835616438356,15.8,16.2,16.0,6415.54,2025-09-08,SPX
20250902,2025-09-02 15:59:59,P,6490.0,0.01643835616438356,66.4,67.3,66.85,6415.54,2025-09-08,SPX
20250902,2025-09-02 15:59:59,C,6345.0,0.019178082191780823,103.7,119.7,111.7,6415.54,2025-09-09,SPX
20250902,2025-09-02 15:59:59,P,6345.0,0.019178082191780823,18.3,18.8,18.55,6415.54,2025-09-09,SPX
20250902,2025-09-02 15:59:59,C,6350.0,0.019178082191780823,100.1,116.1,108.1,6415.54,2025-09-09,SPX
20250902,2025-09-02 15:59:59,P,6350.0,0.019178082191780823,19.2,19.7,19.45,6415.54,2025-09-09,SPX
20250902,2025-09-02 15:59:59,C,6355.0,0.019178082191780823,100.1,110.1,105.1,6415.54,2025-09-09,SPX
20250902,2025-09-02 15:59:59,P,6355.0,0.019178082191780823,20.2,20.6,20.4,6415.54,2025-09-09,SPX
20250902,2025-09-02 15:59:59,C,6360.0,0.019178082191780823,94.7,104.7,99.7,6415.54,2025-09-09,SPX
20250902,2025-09-02 15:59:59,P,6360.0,0.019178082191780823,21.1,21.6,21.35,6415.54,2025-09-09,SPX
20250902,2025-09-02 15:59:59,C,6365.0,0.019178082191780823,90.7,100.7,95.7,6415.54,2025-09-09,SPX
20250902,2025-09-02 15:59:59,P,6365.0,0.019178082191780823,22.2,22.7,22.45,6415.54,2025-09-09,SPX
20250902,2025-09-02 15:59:59,C,6370.0,0.019178082191780823,93.0,93.7,93.35,6415.54,2025-09-09,SPX
20250902,2025-09-02 15:59:59,P,6370.0,0.019178082191780823,23.3,23.7,23.5,6415.54,2025-09-09,SPX
20250902,2025-09-02 15:59:59,C,6375.0,0.019178082191780823,89.2,89.8,89.5,6415.54,2025-09-09,SPX
20250902,2025-09-02 15:59:59,P,6375.0,0.019178082191780823,24.4,24.9,24.65,6415.54,2025-09-09,SPX
20250902,2025-09-02 15:59:59,C,6380.0,0.019178082191780823,85.4,86.0,85.7,6415.54,2025-09-09,SPX
20250902,2025-09-02 15:59:59,P,6380.0,0.019178082191780823,25.6,26.0,25.8,6415.54,2025-09-09,SPX
20250902,2025-09-02 15:59:59,C,6385.0,0.019178082191780823,81.6,82.2,81.9,6415.54,2025-09-09,SPX
20250902,2025-09-02 15:59:59,P,6385.0,0.019178082191780823,26.8,27.3,27.05,6415.54,2025-09-09,SPX
20250902,2025-09-02 15:59:59,C,6390.0,0.019178082191780823,77.9,78.4,78.15,6415.54,2025-09-09,SPX
20250902,2025-09-02 15:59:59,P,6390.0,0.019178082191780823,28.1,28.6,28.35,6415.54,2025-09-09,SPX
20250902,2025-09-02 15:59:59,C,6395.0,0.019178082191780823,74.2,74.8,74.5,6415.54,2025-09-09,SPX
20250902,2025-09-02 15:59:59,P,6395.0,0.019178082191780823,29.4,29.9,29.65,6415.54,2025-09-09,SPX
20250902,2025-09-02 15:59:59,C,6400.0,0.019178082191780823,70.6,71.1,70.85,6415.54,2025-09-09,SPX
20250902,2025-09-02 15:59:59,P,6400.0,0.019178082191780823,30.8,31.3,31.05,6415.54,2025-09-09,SPX
20250902,2025-09-02 15:59:59,C,6405.0,0.019178082191780823,67.0,67.5,67.25,6415.54,2025-09-09,SPX
20250902,2025-09-02 15:59:59,P,6405.0,0.019178082191780823,32.3,32.8,32.55,6415.54,2025-09-09,SPX
20250902,2025-09-02 15:59:59,C,6410.0,0.019178082191780823,63.6,64.1,63.849999999999994,6415.54,2025-09-09,SPX
20250902,2025-09-02 15:59:59,P,6410.0,0.019178082191780823,33.8,34.3,34.05,6415.54,2025-09-09,SPX
20250902,2025-09-02 15:59:59,C,6415.0,0.019178082191780823,60.2,60.7,60.45,6415.54,2025-09-09,SPX
20250902,2025-09-02 15:59:59,P,6415.0,0.019178082191780823,35.4,35.9,35.65,6415.54,2025-09-09,SPX
20250902,2025-09-02 15:59:59,C,6420.0,0.019178082191780823,56.9,57.4,57.15,6415.54,2025-09-09,SPX
20250902,2025-09-02 15:59:59,P,6420.0,0.019178082191780823,37.1,37.6,37.35,6415.54,2025-09-09,SPX
20250902,2025-09-02 15:59:59,C,6425.0,0.019178082191780823,53.6,54.2,53.900000000000006,6415.54,2025-09-09,SPX
20250902,2025-09-02 15:59:59,P,6425.0,0.019178082191780823,38.7,39.3,39.0,6415.54,2025-09-09,SPX
20250902,2025-09-02 15:59:59,C,6430.0,0.019178082191780823,50.4,51.0,50.7,6415.54,2025-09-09,SPX
20250902,2025-09-02 15:59:59,P,6430.0,0.019178082191780823,40.5,41.1,40.8,6415.54,2025-09-09,SPX
20250902,2025-09-02 15:59:59,C,6435.0,0.019178082191780823,47.3,47.9,47.599999999999994,6415.54,2025-09-09,SPX
20250902,2025-09-02 15:59:59,P,6435.0,0.019178082191780823,42.4,43.0,42.7,6415.54,2025-09-09,SPX
20250902,2025-09-02 15:59:59,C,6440.0,0.019178082191780823,44.3,44.9,44.599999999999994,6415.54,2025-09-09,SPX
20250902,2025-09-02 15:59:59,P,6440.0,0.019178082191780823,44.4,45.0,44.7,6415.54,2025-09-09,SPX
20250902,2025-09-02 15:59:59,C,6445.0,0.019178082191780823,41.4,42.0,41.7,6415.54,2025-09-09,SPX
20250902,2025-09-02 15:59:59,P,6445.0,0.019178082191780823,46.5,47.1,46.8,6415.54,2025-09-09,SPX
20250902,2025-09-02 15:59:59,C,6450.0,0.019178082191780823,38.6,39.1,38.85,6415.54,2025-09-09,SPX
20250902,2025-09-02 15:59:59,P,6450.0,0.019178082191780823,48.8,49.3,49.05,6415.54,2025-09-09,SPX
20250902,2025-09-02 15:59:59,C,6455.0,0.019178082191780823,35.9,36.4,36.15,6415.54,2025-09-09,SPX
20250902,2025-09-02 15:59:59,P,6455.0,0.019178082191780823,50.9,51.5,51.2,6415.54,2025-09-09,SPX
20250902,2025-09-02 15:59:59,C,6460.0,0.019178082191780823,33.3,33.8,33.55,6415.54,2025-09-09,SPX
20250902,2025-09-02 15:59:59,P,6460.0,0.019178082191780823,53.3,53.9,53.599999999999994,6415.54,2025-09-09,SPX
20250902,2025-09-02 15:59:59,C,6465.0,0.019178082191780823,30.8,31.3,31.05,6415.54,2025-09-09,SPX
20250902,2025-09-02 15:59:59,P,6465.0,0.019178082191780823,55.7,56.4,56.05,6415.54,2025-09-09,SPX
20250902,2025-09-02 15:59:59,C,6470.0,0.019178082191780823,28.3,28.8,28.55,6415.54,2025-09-09,SPX
20250902,2025-09-02 15:59:59,P,6470.0,0.019178082191780823,58.3,58.9,58.599999999999994,6415.54,2025-09-09,SPX
20250902,2025-09-02 15:59:59,C,6475.0,0.019178082191780823,26.0,26.5,26.25,6415.54,2025-09-09,SPX
20250902,2025-09-02 15:59:59,P,6475.0,0.019178082191780823,61.0,61.6,61.3,6415.54,2025-09-09,SPX
20250902,2025-09-02 15:59:59,C,6480.0,0.019178082191780823,23.7,24.3,24.0,6415.54,2025-09-09,SPX
20250902,2025-09-02 15:59:59,P,6480.0,0.019178082191780823,63.8,64.4,64.1,6415.54,2025-09-09,SPX
20250902,2025-09-02 15:59:59,C,6485.0,0.019178082191780823,21.7,22.1,21.9,6415.54,2025-09-09,SPX
20250902,2025-09-02 15:59:59,P,6485.0,0.019178082191780823,63.5,73.5,68.5,6415.54,2025-09-09,SPX
20250902,2025-09-02 15:59:59,C,6490.0,0.019178082191780823,19.7,20.1,19.9,6415.54,2025-09-09,SPX
20250902,2025-09-02 15:59:59,P,6490.0,0.019178082191780823,66.6,76.6,71.6,6415.54,2025-09-09,SPX
20250902,2025-09-02 15:59:59,C,6345.0,0.021917808219178082,107.5,123.5,115.5,6415.54,2025-09-10,SPX
20250902,2025-09-02 15:59:59,P,6345.0,0.021917808219178082,21.3,21.8,21.55,6415.54,2025-09-10,SPX
20250902,2025-09-02 15:59:59,C,6350.0,0.021917808219178082,103.4,119.4,111.4,6415.54,2025-09-10,SPX
20250902,2025-09-02 15:59:59,P,6350.0,0.021917808219178082,22.2,22.7,22.45,6415.54,2025-09-10,SPX
20250902,2025-09-02 15:59:59,C,6355.0,0.021917808219178082,100.1,116.1,108.1,6415.54,2025-09-10,SPX
20250902,2025-09-02 15:59:59,P,6355.0,0.021917808219178082,23.1,23.9,23.5,6415.54,2025-09-10,SPX
20250902,2025-09-02 15:59:59,C,6360.0,0.021917808219178082,100.1,110.1,105.1,6415.54,2025-09-10,SPX
20250902,2025-09-02 15:59:59,P,6360.0,0.021917808219178082,24.1,24.9,24.5,6415.54,2025-09-10,SPX
20250902,2025-09-02 15:59:59,C,6365.0,0.021917808219178082,100.6,101.7,101.15,6415.54,2025-09-10,SPX
20250902,2025-09-02 15:59:59,P,6365.0,0.021917808219178082,25.2,26.0,25.6,6415.54,2025-09-10,SPX
20250902,2025-09-02 15:59:59,C,6370.0,0.021917808219178082,96.7,97.7,97.2,6415.54,2025-09-10,SPX
20250902,2025-09-02 15:59:59,P,6370.0,0.021917808219178082,26.3,26.9,26.6,6415.54,2025-09-10,SPX
20250902,2025-09-02 15:59:59,C,6375.0,0.021917808219178082,92.9,93.8,93.35,6415.54,2025-09-10,SPX
20250902,2025-09-02 15:59:59,P,6375.0,0.021917808219178082,27.5,28.2,27.85,6415.54,2025-09-10,SPX
20250902,2025-09-02 15:59:59,C,6380.0,0.021917808219178082,89.1,90.2,89.65,6415.54,2025-09-10,SPX
20250902,2025-09-02 15:59:59,P,6380.0,0.021917808219178082,28.6,29.4,29.0,6415.54,2025-09-10,SPX
20250902,2025-09-02 15:59:59,C,6385.0,0.021917808219178082,85.4,86.3,85.85,6415.54,2025-09-10,SPX
20250902,2025-09-02 15:59:59,P,6385.0,0.021917808219178082,29.9,30.5,30.2,6415.54,2025-09-10,SPX
20250902,2025-09-02 15:59:59,C,6390.0,0.021917808219178082,81.7,82.6,82.15,6415.54,2025-09-10,SPX
20250902,2025-09-02 15:59:59,P,6390.0,0.021917808219178082,31.2,32.0,31.6,6415.54,2025-09-10,SPX
20250902,2025-09-02 15:59:59,C,6395.0,0.021917808219178082,78.0,79.0,78.5,6415.54,2025-09-10,SPX
20250902,2025-09-02 15:59:59,P,6395.0,0.021917808219178082,32.5,33.1,32.8,6415.54,2025-09-10,SPX
20250902,2025-09-02 15:59:59,C,6400.0,0.021917808219178082,74.4,75.4,74.9,6415.54,2025-09-10,SPX
20250902,2025-09-02 15:59:59,P,6400.0,0.021917808219178082,34.0,34.6,34.3,6415.54,2025-09-10,SPX
20250902,2025-09-02 15:59:59,C,6405.0,0.021917808219178082,70.8,71.8,71.3,6415.54,2025-09-10,SPX
20250902,2025-09-02 15:59:59,P,6405.0,0.021917808219178082,35.4,36.2,35.8,6415.54,2025-09-10,SPX
20250902,2025-09-02 15:59:59,C,6410.0,0.021917808219178082,67.4,68.5,67.95,6415.54,2025-09-10,SPX
20250902,2025-09-02 15:59:59,P,6410.0,0.021917808219178082,36.9,37.7,37.3,6415.54,2025-09-10,SPX
20250902,2025-09-02 15:59:59,C,6415.0,0.021917808219178082,64.0,64.8,64.4,6415.54,2025-09-10,SPX
20250902,2025-09-02 15:59:59,P,6415.0,0.021917808219178082,38.5,39.3,38.9,6415.54,2025-09-10,SPX
20250902,2025-09-02 15:59:59,C,6420.0,0.021917808219178082,60.6,61.2,60.900000000000006,6415.54,2025-09-10,SPX
20250902,2025-09-02 15:59:59,P,6420.0,0.021917808219178082,40.1,41.0,40.55,6415.54,2025-09-10,SPX
20250902,2025-09-02 15:59:59,C,6425.0,0.021917808219178082,57.4,58.2,57.8,6415.54,2025-09-10,SPX
20250902,2025-09-02 15:59:59,P,6425.0,0.021917808219178082,41.8,42.7,42.25,6415.54,2025-09-10,SPX
20250902,2025-09-02 15:59:59,C,6430.0,0.021917808219178082,54.2,55.0,54.6,6415.54,2025-09-10,SPX
20250902,2025-09-02 15:59:59,P,6430.0,0.021917808219178082,43.6,44.5,44.05,6415.54,2025-09-10,SPX
20250902,2025-09-02 15:59:59,C,6435.0,0.021917808219178082,51.1,51.9,51.5,6415.54,2025-09-10,SPX
20250902,2025-09-02 15:59:59,P,6435.0,0.021917808219178082,45.5,46.4,45.95,6415.54,2025-09-10,SPX
20250902,2025-09-02 15:59:59,C,6440.0,0.021917808219178082,48.0,48.8,48.4,6415.54,2025-09-10,SPX
20250902,2025-09-02 15:59:59,P,6440.0,0.021917808219178082,47.5,48.4,47.95,6415.54,2025-09-10,SPX
20250902,2025-09-02 15:59:59,C,6445.0,0.021917808219178082,45.1,45.7,45.400000000000006,6415.54,2025-09-10,SPX
20250902,2025-09-02 15:59:59,P,6445.0,0.021917808219178082,49.5,50.4,49.95,6415.54,2025-09-10,SPX
20250902,2025-09-02 15:59:59,C,6450.0,0.021917808219178082,42.2,42.9,42.55,6415.54,2025-09-10,SPX
20250902,2025-09-02 15:59:59,P,6450.0,0.021917808219178082,51.6,52.5,52.05,6415.54,2025-09-10,SPX
20250902,2025-09-02 15:59:59,C,6455.0,0.021917808219178082,39.4,40.2,39.8,6415.54,2025-09-10,SPX
20250902,2025-09-02 15:59:59,P,6455.0,0.021917808219178082,53.8,54.7,54.25,6415.54,2025-09-10,SPX
20250902,2025-09-02 15:59:59,C,6460.0,0.021917808219178082,36.7,37.5,37.1,6415.54,2025-09-10,SPX
20250902,2025-09-02 15:59:59,P,6460.0,0.021917808219178082,56.1,57.0,56.55,6415.54,2025-09-10,SPX
20250902,2025-09-02 15:59:59,C,6465.0,0.021917808219178082,34.1,34.9,34.5,6415.54,2025-09-10,SPX
20250902,2025-09-02 15:59:59,P,6465.0,0.021917808219178082,58.6,59.5,59.05,6415.54,2025-09-10,SPX
20250902,2025-09-02 15:59:59,C,6470.0,0.021917808219178082,31.6,32.4,32.0,6415.54,2025-09-10,SPX
20250902,2025-09-02 15:59:59,P,6470.0,0.021917808219178082,61.0,61.9,61.45,6415.54,2025-09-10,SPX
20250902,2025-09-02 15:59:59,C,6475.0,0.021917808219178082,29.4,29.9,29.65,6415.54,2025-09-10,SPX
20250902,2025-09-02 15:59:59,P,6475.0,0.021917808219178082,63.5,64.5,64.0,6415.54,2025-09-10,SPX
20250902,2025-09-02 15:59:59,C,6480.0,0.021917808219178082,27.1,27.5,27.3,6415.54,2025-09-10,SPX
20250902,2025-09-02 15:59:59,P,6480.0,0.021917808219178082,66.3,67.2,66.75,6415.54,2025-09-10,SPX
20250902,2025-09-02 15:59:59,C,6485.0,0.021917808219178082,24.7,25.5,25.1,6415.54,2025-09-10,SPX
20250902,2025-09-02 15:59:59,P,6485.0,0.021917808219178082,66.1,76.1,71.1,6415.54,2025-09-10,SPX
20250902,2025-09-02 15:59:59,C,6490.0,0.021917808219178082,22.6,23.4,23.0,6415.54,2025-09-10,SPX
20250902,2025-09-02 15:59:59,P,6490.0,0.021917808219178082,69.0,79.0,74.0,6415.54,2025-09-10,SPX
20250902,2025-09-02 15:59:59,C,6345.0,0.024657534246575342,112.9,128.9,120.9,6415.54,2025-09-11,SPX
20250902,2025-09-02 15:59:59,P,6345.0,0.024657534246575342,25.8,26.6,26.200000000000003,6415.54,2025-09-11,SPX
20250902,2025-09-02 15:59:59,C,6350.0,0.024657534246575342,109.3,125.0,117.15,6415.54,2025-09-11,SPX
20250902,2025-09-02 15:59:59,P,6350.0,0.024657534246575342,26.9,27.5,27.2,6415.54,2025-09-11,SPX
20250902,2025-09-02 15:59:59,C,6355.0,0.024657534246575342,114.0,115.0,114.5,6415.54,2025-09-11,SPX
20250902,2025-09-02 15:59:59,P,6355.0,0.024657534246575342,27.9,28.7,28.299999999999997,6415.54,2025-09-11,SPX
20250902,2025-09-02 15:59:59,C,6360.0,0.024657534246575342,110.0,111.4,110.7,6415.54,2025-09-11,SPX
20250902,2025-09-02 15:59:59,P,6360.0,0.024657534246575342,28.9,29.8,29.35,6415.54,2025-09-11,SPX
20250902,2025-09-02 15:59:59,C,6365.0,0.024657534246575342,106.3,107.4,106.85,6415.54,2025-09-11,SPX
20250902,2025-09-02 15:59:59,P,6365.0,0.024657534246575342,30.1,30.9,30.5,6415.54,2025-09-11,SPX
20250902,2025-09-02 15:59:59,C,6370.0,0.024657534246575342,102.3,103.4,102.85,6415.54,2025-09-11,SPX
20250902,2025-09-02 15:59:59,P,6370.0,0.024657534246575342,31.2,32.1,31.65,6415.54,2025-09-11,SPX
20250902,2025-09-02 15:59:59,C,6375.0,0.024657534246575342,98.6,99.7,99.15,6415.54,2025-09-11,SPX
20250902,2025-09-02 15:59:59,P,6375.0,0.024657534246575342,32.4,33.3,32.849999999999994,6415.54,2025-09-11,SPX
20250902,2025-09-02 15:59:59,C,6380.0,0.024657534246575342,94.9,96.0,95.45,6415.54,2025-09-11,SPX
20250902,2025-09-02 15:59:59,P,6380.0,0.024657534246575342,33.7,34.6,34.150000000000006,6415.54,2025-09-11,SPX
20250902,2025-09-02 15:59:59,C,6385.0,0.024657534246575342,91.2,92.2,91.7,6415.54,2025-09-11,SPX
20250902,2025-09-02 15:59:59,P,6385.0,0.024657534246575342,35.0,35.9,35.45,6415.54,2025-09-11,SPX
20250902,2025-09-02 15:59:59,C,6390.0,0.024657534246575342,87.5,88.6,88.05,6415.54,2025-09-11,SPX
20250902,2025-09-02 15:59:59,P,6390.0,0.024657534246575342,36.3,37.2,36.75,6415.54,2025-09-11,SPX
20250902,2025-09-02 15:59:59,C,6395.0,0.024657534246575342,83.8,84.8,84.3,6415.54,2025-09-11,SPX
20250902,2025-09-02 15:59:59,P,6395.0,0.024657534246575342,37.7,38.3,38.0,6415.54,2025-09-11,SPX
20250902,2025-09-02 15:59:59,C,6400.0,0.024657534246575342,80.4,81.4,80.9,6415.54,2025-09-11,SPX
20250902,2025-09-02 15:59:59,P,6400.0,0.024657534246575342,39.1,39.8,39.45,6415.54,2025-09-11,SPX
20250902,2025-09-02 15:59:59,C,6405.0,0.024657534246575342,76.8,78.0,77.4,6415.54,2025-09-11,SPX
20250902,2025-09-02 15:59:59,P,6405.0,0.024657534246575342,40.6,41.5,41.05,6415.54,2025-09-11,SPX
20250902,2025-09-02 15:59:59,C,6410.0,0.024657534246575342,73.4,74.4,73.9,6415.54,2025-09-11,SPX
20250902,2025-09-02 15:59:59,P,6410.0,0.024657534246575342,42.2,43.1,42.650000000000006,6415.54,2025-09-11,SPX
20250902,2025-09-02 15:59:59,C,6415.0,0.024657534246575342,70.0,71.0,70.5,6415.54,2025-09-11,SPX
20250902,2025-09-02 15:59:59,P,6415.0,0.024657534246575342,43.7,44.7,44.2,6415.54,2025-09-11,SPX
20250902,2025-09-02 15:59:59,C,6420.0,0.024657534246575342,66.8,67.7,67.25,6415.54,2025-09-11,SPX
20250902,2025-09-02 15:59:59,P,6420.0,0.024657534246575342,45.5,46.4,45.95,6415.54,2025-09-11,SPX
20250902,2025-09-02 15:59:59,C,6425.0,0.024657534246575342,63.5,64.5,64.0,6415.54,2025-09-11,SPX
20250902,2025-09-02 15:59:59,P,6425.0,0.024657534246575342,47.1,48.1,47.6,6415.54,2025-09-11,SPX
20250902,2025-09-02 15:59:59,C,6430.0,0.024657534246575342,60.3,61.2,60.75,6415.54,2025-09-11,SPX
20250902,2025-09-02 15:59:59,P,6430.0,0.024657534246575342,48.9,49.9,49.4,6415.54,2025-09-11,SPX
20250902,2025-09-02 15:59:59,C,6435.0,0.024657534246575342,57.1,58.1,57.6,6415.54,2025-09-11,SPX
20250902,2025-09-02 15:59:59,P,6435.0,0.024657534246575342,50.9,51.8,51.349999999999994,6415.54,2025-09-11,SPX
20250902,2025-09-02 15:59:59,C,6440.0,0.024657534246575342,54.1,54.7,54.400000000000006,6415.54,2025-09-11,SPX
20250902,2025-09-02 15:59:59,P,6440.0,0.024657534246575342,52.8,53.7,53.25,6415.54,2025-09-11,SPX
20250902,2025-09-02 15:59:59,C,6445.0,0.024657534246575342,51.2,52.2,51.7,6415.54,2025-09-11,SPX
20250902,2025-09-02 15:59:59,P,6445.0,0.024657534246575342,54.8,55.7,55.25,6415.54,2025-09-11,SPX
20250902,2025-09-02 15:59:59,C,6450.0,0.024657534246575342,48.3,49.3,48.8,6415.54,2025-09-11,SPX
20250902,2025-09-02 15:59:59,P,6450.0,0.024657534246575342,56.6,57.8,57.2,6415.54,2025-09-11,SPX
20250902,2025-09-02 15:59:59,C,6455.0,0.024657534246575342,45.3,46.3,45.8,6415.54,2025-09-11,SPX
20250902,2025-09-02 15:59:59,P,6455.0,0.024657534246575342,59.0,60.0,59.5,6415.54,2025-09-11,SPX
20250902,2025-09-02 15:59:59,C,6460.0,0.024657534246575342,42.8,43.3,43.05,6415.54,2025-09-11,SPX
20250902,2025-09-02 15:59:59,P,6460.0,0.024657534246575342,61.1,62.2,61.650000000000006,6415.54,2025-09-11,SPX
20250902,2025-09-02 15:59:59,C,6465.0,0.024657534246575342,40.1,40.6,40.35,6415.54,2025-09-11,SPX
20250902,2025-09-02 15:59:59,P,6465.0,0.024657534246575342,63.4,64.5,63.95,6415.54,2025-09-11,SPX
20250902,2025-09-02 15:59:59,C,6470.0,0.024657534246575342,37.4,38.3,37.849999999999994,6415.54,2025-09-11,SPX
20250902,2025-09-02 15:59:59,P,6470.0,0.024657534246575342,66.0,67.0,66.5,6415.54,2025-09-11,SPX
20250902,2025-09-02 15:59:59,C,6475.0,0.024657534246575342,35.1,35.6,35.35,6415.54,2025-09-11,SPX
20250902,2025-09-02 15:59:59,P,6475.0,0.024657534246575342,68.3,69.4,68.85,6415.54,2025-09-11,SPX
20250902,2025-09-02 15:59:59,C,6480.0,0.024657534246575342,32.5,33.4,32.95,6415.54,2025-09-11,SPX
20250902,2025-09-02 15:59:59,P,6480.0,0.024657534246575342,71.0,72.1,71.55,6415.54,2025-09-11,SPX
20250902,2025-09-02 15:59:59,C,6485.0,0.024657534246575342,30.2,31.1,30.65,6415.54,2025-09-11,SPX
20250902,2025-09-02 15:59:59,P,6485.0,0.024657534246575342,73.6,74.8,74.19999999999999,6415.54,2025-09-11,SPX
20250902,2025-09-02 15:59:59,C,6490.0,0.024657534246575342,28.0,28.8,28.4,6415.54,2025-09-11,SPX
20250902,2025-09-02 15:59:59,P,6490.0,0.024657534246575342,73.6,83.6,78.6,6415.54,2025-09-11,SPX
20250902,2025-09-02 15:59:59,C,6345.0,0.0273972602739726,117.6,133.6,125.6,6415.54,2025-09-12,SPX
20250902,2025-09-02 15:59:59,P,6345.0,0.0273972602739726,28.3,28.9,28.6,6415.54,2025-09-12,SPX
20250902,2025-09-02 15:59:59,C,6350.0,0.0273972602739726,114.8,130.8,122.80000000000001,6415.54,2025-09-12,SPX
20250902,2025-09-02 15:59:59,P,6350.0,0.0273972602739726,29.3,29.9,29.6,6415.54,2025-09-12,SPX
20250902,2025-09-02 15:59:59,C,6355.0,0.0273972602739726,118.6,119.8,119.19999999999999,6415.54,2025-09-12,SPX
20250902,2025-09-02 15:59:59,P,6355.0,0.0273972602739726,30.3,30.9,30.6,6415.54,2025-09-12,SPX
20250902,2025-09-02 15:59:59,C,6360.0,0.0273972602739726,114.8,115.8,115.3,6415.54,2025-09-12,SPX
20250902,2025-09-02 15:59:59,P,6360.0,0.0273972602739726,31.4,32.0,31.7,6415.54,2025-09-12,SPX
20250902,2025-09-02 15:59:59,C,6365.0,0.0273972602739726,110.9,111.8,111.35,6415.54,2025-09-12,SPX
20250902,2025-09-02 15:59:59,P,6365.0,0.0273972602739726,32.5,33.1,32.8,6415.54,2025-09-12,SPX
20250902,2025-09-02 15:59:59,C,6370.0,0.0273972602739726,107.1,108.2,107.65,6415.54,2025-09-12,SPX
20250902,2025-09-02 15:59:59,P,6370.0,0.0273972602739726,33.7,34.3,34.0,6415.54,2025-09-12,SPX
20250902,2025-09-02 15:59:59,C,6375.0,0.0273972602739726,103.2,103.9,103.55000000000001,6415.54,2025-09-12,SPX
20250902,2025-09-02 15:59:59,P,6375.0,0.0273972602739726,34.9,35.5,35.2,6415.54,2025-09-12,SPX
20250902,2025-09-02 15:59:59,C,6380.0,0.0273972602739726,99.6,100.3,99.94999999999999,6415.54,2025-09-12,SPX
20250902,2025-09-02 15:59:59,P,6380.0,0.0273972602739726,36.1,36.7,36.400000000000006,6415.54,2025-09-12,SPX
20250902,2025-09-02 15:59:59,C,6385.0,0.0273972602739726,95.9,97.0,96.45,6415.54,2025-09-12,SPX
20250902,2025-09-02 15:59:59,P,6385.0,0.0273972602739726,37.4,38.0,37.7,6415.54,2025-09-12,SPX
20250902,2025-09-02 15:59:59,C,6390.0,0.0273972602739726,92.0,92.7,92.35,6415.54,2025-09-12,SPX
20250902,2025-09-02 15:59:59,P,6390.0,0.0273972602739726,38.7,39.3,39.0,6415.54,2025-09-12,SPX
20250902,2025-09-02 15:59:59,C,6395.0,0.0273972602739726,88.6,89.2,88.9,6415.54,2025-09-12,SPX
20250902,2025-09-02 15:59:59,P,6395.0,0.0273972602739726,40.1,40.7,40.400000000000006,6415.54,2025-09-12,SPX
20250902,2025-09-02 15:59:59,C,6400.0,0.0273972602739726,85.0,85.6,85.3,6415.54,2025-09-12,SPX
20250902,2025-09-02 15:59:59,P,6400.0,0.0273972602739726,41.5,42.1,41.8,6415.54,2025-09-12,SPX
20250902,2025-09-02 15:59:59,C,6405.0,0.0273972602739726,81.5,82.0,81.75,6415.54,2025-09-12,SPX
20250902,2025-09-02 15:59:59,P,6405.0,0.0273972602739726,42.9,43.6,43.25,6415.54,2025-09-12,SPX
20250902,2025-09-02 15:59:59,C,6410.0,0.0273972602739726,78.0,78.6,78.3,6415.54,2025-09-12,SPX
20250902,2025-09-02 15:59:59,P,6410.0,0.0273972602739726,44.5,45.1,44.8,6415.54,2025-09-12,SPX
20250902,2025-09-02 15:59:59,C,6415.0,0.0273972602739726,74.6,75.6,75.1,6415.54,2025-09-12,SPX
20250902,2025-09-02 15:59:59,P,6415.0,0.0273972602739726,46.0,46.9,46.45,6415.54,2025-09-12,SPX
20250902,2025-09-02 15:59:59,C,6420.0,0.0273972602739726,71.2,71.8,71.5,6415.54,2025-09-12,SPX
20250902,2025-09-02 15:59:59,P,6420.0,0.0273972602739726,47.7,48.4,48.05,6415.54,2025-09-12,SPX
20250902,2025-09-02 15:59:59,C,6425.0,0.0273972602739726,67.9,68.9,68.4,6415.54,2025-09-12,SPX
20250902,2025-09-02 15:59:59,P,6425.0,0.0273972602739726,49.4,50.1,49.75,6415.54,2025-09-12,SPX
20250902,2025-09-02 15:59:59,C,6430.0,0.0273972602739726,64.7,65.3,65.0,6415.54,2025-09-12,SPX
20250902,2025-09-02 15:59:59,P,6430.0,0.0273972602739726,51.1,51.9,51.5,6415.54,2025-09-12,SPX
20250902,2025-09-02 15:59:59,C,6435.0,0.0273972602739726,61.5,62.5,62.0,6415.54,2025-09-12,SPX
20250902,2025-09-02 15:59:59,P,6435.0,0.0273972602739726,53.0,53.7,53.35,6415.54,2025-09-12,SPX
20250902,2025-09-02 15:59:59,C,6440.0,0.0273972602739726,58.4,59.0,58.7,6415.54,2025-09-12,SPX
20250902,2025-09-02 15:59:59,P,6440.0,0.0273972602739726,54.8,55.8,55.3,6415.54,2025-09-12,SPX
20250902,2025-09-02 15:59:59,C,6445.0,0.0273972602739726,55.4,56.0,55.7,6415.54,2025-09-12,SPX
20250902,2025-09-02 15:59:59,P,6445.0,0.0273972602739726,56.8,57.7,57.25,6415.54,2025-09-12,SPX
20250902,2025-09-02 15:59:59,C,6450.0,0.0273972602739726,52.5,53.1,52.8,6415.54,2025-09-12,SPX
20250902,2025-09-02 15:59:59,P,6450.0,0.0273972602739726,58.9,59.7,59.3,6415.54,2025-09-12,SPX
20250902,2025-09-02 15:59:59,C,6455.0,0.0273972602739726,49.6,50.2,49.900000000000006,6415.54,2025-09-12,SPX
20250902,2025-09-02 15:59:59,P,6455.0,0.0273972602739726,61.0,61.9,61.45,6415.54,2025-09-12,SPX
20250902,2025-09-02 15:59:59,C,6460.0,0.0273972602739726,46.9,47.4,47.15,6415.54,2025-09-12,SPX
20250902,2025-09-02 15:59:59,P,6460.0,0.0273972602739726,63.1,64.1,63.599999999999994,6415.54,2025-09-12,SPX
20250902,2025-09-02 15:59:59,C,6465.0,0.0273972602739726,44.2,44.6,44.400000000000006,6415.54,2025-09-12,SPX
20250902,2025-09-02 15:59:59,P,6465.0,0.0273972602739726,65.3,66.3,65.8,6415.54,2025-09-12,SPX
20250902,2025-09-02 15:59:59,C,6470.0,0.0273972602739726,41.4,42.0,41.7,6415.54,2025-09-12,SPX
20250902,2025-09-02 15:59:59,P,6470.0,0.0273972602739726,67.4,68.7,68.05000000000001,6415.54,2025-09-12,SPX
20250902,2025-09-02 15:59:59,C,6475.0,0.0273972602739726,39.0,39.5,39.25,6415.54,2025-09-12,SPX
20250902,2025-09-02 15:59:59,P,6475.0,0.0273972602739726,70.2,71.1,70.65,6415.54,2025-09-12,SPX
20250902,2025-09-02 15:59:59,C,6480.0,0.0273972602739726,36.4,36.9,36.65,6415.54,2025-09-12,SPX
20250902,2025-09-02 15:59:59,P,6480.0,0.0273972602739726,72.6,73.6,73.1,6415.54,2025-09-12,SPX
20250902,2025-09-02 15:59:59,C,6485.0,0.0273972602739726,33.9,34.6,34.25,6415.54,2025-09-12,SPX
20250902,2025-09-02 15:59:59,P,6485.0,0.0273972602739726,75.2,76.2,75.7,6415.54,2025-09-12,SPX
20250902,2025-09-02 15:59:59,C,6490.0,0.0273972602739726,31.7,32.3,32.0,6415.54,2025-09-12,SPX
20250902,2025-09-02 15:59:59,P,6490.0,0.0273972602739726,77.9,78.9,78.4,6415.54,2025-09-12,SPX
20250902,2025-09-02 15:59:59,C,6345.0,0.03561643835616438,129.5,130.5,130.0,6415.54,2025-09-15,SPX
20250902,2025-09-02 15:59:59,P,6345.0,0.03561643835616438,31.8,32.6,32.2,6415.54,2025-09-15,SPX
20250902,2025-09-02 15:59:59,C,6350.0,0.03561643835616438,125.5,126.7,126.1,6415.54,2025-09-15,SPX
20250902,2025-09-02 15:59:59,P,6350.0,0.03561643835616438,32.8,33.4,33.099999999999994,6415.54,2025-09-15,SPX
20250902,2025-09-02 15:59:59,C,6355.0,0.03561643835616438,121.6,122.6,122.1,6415.54,2025-09-15,SPX
20250902,2025-09-02 15:59:59,P,6355.0,0.03561643835616438,33.9,34.7,34.3,6415.54,2025-09-15,SPX
20250902,2025-09-02 15:59:59,C,6360.0,0.03561643835616438,117.7,119.0,118.35,6415.54,2025-09-15,SPX
20250902,2025-09-02 15:59:59,P,6360.0,0.03561643835616438,34.9,35.8,35.349999999999994,6415.54,2025-09-15,SPX
20250902,2025-09-02 15:59:59,C,6365.0,0.03561643835616438,113.8,115.0,114.4,6415.54,2025-09-15,SPX
20250902,2025-09-02 15:59:59,P,6365.0,0.03561643835616438,35.9,37.0,36.45,6415.54,2025-09-15,SPX
20250902,2025-09-02 15:59:59,C,6370.0,0.03561643835616438,110.0,111.1,110.55,6415.54,2025-09-15,SPX
20250902,2025-09-02 15:59:59,P,6370.0,0.03561643835616438,37.2,37.8,37.5,6415.54,2025-09-15,SPX
20250902,2025-09-02 15:59:59,C,6375.0,0.03561643835616438,106.2,107.4,106.80000000000001,6415.54,2025-09-15,SPX
20250902,2025-09-02 15:59:59,P,6375.0,0.03561643835616438,38.4,39.0,38.7,6415.54,2025-09-15,SPX
20250902,2025-09-02 15:59:59,C,6380.0,0.03561643835616438,102.5,103.1,102.8,6415.54,2025-09-15,SPX
20250902,2025-09-02 15:59:59,P,6380.0,0.03561643835616438,39.7,40.6,40.150000000000006,6415.54,2025-09-15,SPX
20250902,2025-09-02 15:59:59,C,6385.0,0.03561643835616438,98.8,99.8,99.3,6415.54,2025-09-15,SPX
20250902,2025-09-02 15:59:59,P,6385.0,0.03561643835616438,40.8,41.9,41.349999999999994,6415.54,2025-09-15,SPX
20250902,2025-09-02 15:59:59,C,6390.0,0.03561643835616438,95.1,95.8,95.44999999999999,6415.54,2025-09-15,SPX
20250902,2025-09-02 15:59:59,P,6390.0,0.03561643835616438,42.3,43.1,42.7,6415.54,2025-09-15,SPX
20250902,2025-09-02 15:59:59,C,6395.0,0.03561643835616438,91.5,92.5,92.0,6415.54,2025-09-15,SPX
20250902,2025-09-02 15:59:59,P,6395.0,0.03561643835616438,43.6,44.6,44.1,6415.54,2025-09-15,SPX
20250902,2025-09-02 15:59:59,C,6400.0,0.03561643835616438,87.9,88.5,88.2,6415.54,2025-09-15,SPX
20250902,2025-09-02 15:59:59,P,6400.0,0.03561643835616438,45.0,45.7,45.35,6415.54,2025-09-15,SPX
20250902,2025-09-02 15:59:59,C,6405.0,0.03561643835616438,84.4,85.5,84.95,6415.54,2025-09-15,SPX
20250902,2025-09-02 15:59:59,P,6405.0,0.03561643835616438,46.5,47.2,46.85,6415.54,2025-09-15,SPX
20250902,2025-09-02 15:59:59,C,6410.0,0.03561643835616438,80.9,81.9,81.4,6415.54,2025-09-15,SPX
20250902,2025-09-02 15:59:59,P,6410.0,0.03561643835616438,48.0,48.7,48.35,6415.54,2025-09-15,SPX
20250902,2025-09-02 15:59:59,C,6415.0,0.03561643835616438,77.5,78.5,78.0,6415.54,2025-09-15,SPX
20250902,2025-09-02 15:59:59,P,6415.0,0.03561643835616438,49.6,50.5,50.05,6415.54,2025-09-15,SPX
20250902,2025-09-02 15:59:59,C,6420.0,0.03561643835616438,74.1,75.1,74.6,6415.54,2025-09-15,SPX
20250902,2025-09-02 15:59:59,P,6420.0,0.03561643835616438,51.2,52.2,51.7,6415.54,2025-09-15,SPX
20250902,2025-09-02 15:59:59,C,6425.0,0.03561643835616438,70.8,71.8,71.3,6415.54,2025-09-15,SPX
20250902,2025-09-02 15:59:59,P,6425.0,0.03561643835616438,52.9,53.9,53.4,6415.54,2025-09-15,SPX
20250902,2025-09-02 15:59:59,C,6430.0,0.03561643835616438,67.6,68.6,68.1,6415.54,2025-09-15,SPX
20250902,2025-09-02 15:59:59,P,6430.0,0.03561643835616438,54.6,55.6,55.1,6415.54,2025-09-15,SPX
20250902,2025-09-02 15:59:59,C,6435.0,0.03561643835616438,64.4,65.4,64.9,6415.54,2025-09-15,SPX
20250902,2025-09-02 15:59:59,P,6435.0,0.03561643835616438,56.4,57.4,56.9,6415.54,2025-09-15,SPX
20250902,2025-09-02 15:59:59,C,6440.0,0.03561643835616438,61.3,62.3,61.8,6415.54,2025-09-15,SPX
20250902,2025-09-02 15:59:59,P,6440.0,0.03561643835616438,58.4,59.4,58.9,6415.54,2025-09-15,SPX
20250902,2025-09-02 15:59:59,C,6445.0,0.03561643835616438,58.2,59.2,58.7,6415.54,2025-09-15,SPX
20250902,2025-09-02 15:59:59,P,6445.0,0.03561643835616438,60.2,61.2,60.7,6415.54,2025-09-15,SPX
20250902,2025-09-02 15:59:59,C,6450.0,0.03561643835616438,55.3,55.9,55.599999999999994,6415.54,2025-09-15,SPX
20250902,2025-09-02 15:59:59,P,6450.0,0.03561643835616438,62.1,63.3,62.7,6415.54,2025-09-15,SPX
20250902,2025-09-02 15:59:59,C,6455.0,0.03561643835616438,52.4,53.3,52.849999999999994,6415.54,2025-09-15,SPX
20250902,2025-09-02 15:59:59,P,6455.0,0.03561643835616438,64.2,65.4,64.80000000000001,6415.54,2025-09-15,SPX
20250902,2025-09-02 15:59:59,C,6460.0,0.03561643835616438,49.5,50.5,50.0,6415.54,2025-09-15,SPX
20250902,2025-09-02 15:59:59,P,6460.0,0.03561643835616438,66.5,67.5,67.0,6415.54,2025-09-15,SPX
20250902,2025-09-02 15:59:59,C,6465.0,0.03561643835616438,46.9,47.5,47.2,6415.54,2025-09-15,SPX
20250902,2025-09-02 15:59:59,P,6465.0,0.03561643835616438,68.6,69.7,69.15,6415.54,2025-09-15,SPX
20250902,2025-09-02 15:59:59,C,6470.0,0.03561643835616438,44.3,44.8,44.55,6415.54,2025-09-15,SPX
20250902,2025-09-02 15:59:59,P,6470.0,0.03561643835616438,71.0,72.1,71.55,6415.54,2025-09-15,SPX
20250902,2025-09-02 15:59:59,C,6475.0,0.03561643835616438,41.7,42.2,41.95,6415.54,2025-09-15,SPX
20250902,2025-09-02 15:59:59,P,6475.0,0.03561643835616438,73.4,74.5,73.95,6415.54,2025-09-15,SPX
20250902,2025-09-02 15:59:59,C,6480.0,0.03561643835616438,39.2,39.7,39.45,6415.54,2025-09-15,SPX
20250902,2025-09-02 15:59:59,P,6480.0,0.03561643835616438,76.0,77.0,76.5,6415.54,2025-09-15,SPX
20250902,2025-09-02 15:59:59,C,6485.0,0.03561643835616438,36.5,37.4,36.95,6415.54,2025-09-15,SPX
20250902,2025-09-02 15:59:59,P,6485.0,0.03561643835616438,78.3,79.5,78.9,6415.54,2025-09-15,SPX
20250902,2025-09-02 15:59:59,C,6490.0,0.03561643835616438,34.2,35.1,34.650000000000006,6415.54,2025-09-15,SPX
20250902,2025-09-02 15:59:59,P,6490.0,0.03561643835616438,81.0,82.1,81.55,6415.54,2025-09-15,SPX
20250902,2025-09-02 15:59:59,C,6345.0,0.038356164383561646,132.4,133.5,132.95,6415.54,2025-09-16,SPX
20250902,2025-09-02 15:59:59,P,6345.0,0.038356164383561646,34.2,34.8,34.5,6415.54,2025-09-16,SPX
20250902,2025-09-02 15:59:59,C,6350.0,0.038356164383561646,128.5,130.0,129.25,6415.54,2025-09-16,SPX
20250902,2025-09-02 15:59:59,P,6350.0,0.038356164383561646,35.2,35.8,35.5,6415.54,2025-09-16,SPX
20250902,2025-09-02 15:59:59,C,6355.0,0.038356164383561646,124.5,125.6,125.05,6415.54,2025-09-16,SPX
20250902,2025-09-02 15:59:59,P,6355.0,0.038356164383561646,36.3,37.2,36.75,6415.54,2025-09-16,SPX
20250902,2025-09-02 15:59:59,C,6360.0,0.038356164383561646,120.5,121.7,121.1,6415.54,2025-09-16,SPX
20250902,2025-09-02 15:59:59,P,6360.0,0.038356164383561646,37.4,38.4,37.9,6415.54,2025-09-16,SPX
20250902,2025-09-02 15:59:59,C,6365.0,0.038356164383561646,116.8,118.0,117.4,6415.54,2025-09-16,SPX
20250902,2025-09-02 15:59:59,P,6365.0,0.038356164383561646,38.5,39.4,38.95,6415.54,2025-09-16,SPX
20250902,2025-09-02 15:59:59,C,6370.0,0.038356164383561646,113.0,114.1,113.55,6415.54,2025-09-16,SPX
20250902,2025-09-02 15:59:59,P,6370.0,0.038356164383561646,39.7,40.6,40.150000000000006,6415.54,2025-09-16,SPX
20250902,2025-09-02 15:59:59,C,6375.0,0.038356164383561646,109.2,109.8,109.5,6415.54,2025-09-16,SPX
20250902,2025-09-02 15:59:59,P,6375.0,0.038356164383561646,40.9,41.5,41.2,6415.54,2025-09-16,SPX
20250902,2025-09-02 15:59:59,C,6380.0,0.038356164383561646,105.4,106.5,105.95,6415.54,2025-09-16,SPX
20250902,2025-09-02 15:59:59,P,6380.0,0.038356164383561646,42.1,43.1,42.6,6415.54,2025-09-16,SPX
20250902,2025-09-02 15:59:59,C,6385.0,0.038356164383561646,101.7,103.0,102.35,6415.54,2025-09-16,SPX
20250902,2025-09-02 15:59:59,P,6385.0,0.038356164383561646,43.5,44.4,43.95,6415.54,2025-09-16,SPX
20250902,2025-09-02 15:59:59,C,6390.0,0.038356164383561646,98.1,98.7,98.4,6415.54,2025-09-16,SPX
20250902,2025-09-02 15:59:59,P,6390.0,0.038356164383561646,44.7,45.7,45.2,6415.54,2025-09-16,SPX
20250902,2025-09-02 15:59:59,C,6395.0,0.038356164383561646,94.5,95.0,94.75,6415.54,2025-09-16,SPX
20250902,2025-09-02 15:59:59,P,6395.0,0.038356164383561646,46.1,47.1,46.6,6415.54,2025-09-16,SPX
20250902,2025-09-02 15:59:59,C,6400.0,0.038356164383561646,90.9,91.5,91.2,6415.54,2025-09-16,SPX
20250902,2025-09-02 15:59:59,P,6400.0,0.038356164383561646,47.5,48.2,47.85,6415.54,2025-09-16,SPX
20250902,2025-09-02 15:59:59,C,6405.0,0.038356164383561646,87.3,88.5,87.9,6415.54,2025-09-16,SPX
20250902,2025-09-02 15:59:59,P,6405.0,0.038356164383561646,49.0,50.0,49.5,6415.54,2025-09-16,SPX
20250902,2025-09-02 15:59:59,C,6410.0,0.038356164383561646,83.9,84.8,84.35,6415.54,2025-09-16,SPX
20250902,2025-09-02 15:59:59,P,6410.0,0.038356164383561646,50.4,51.5,50.95,6415.54,2025-09-16,SPX
20250902,2025-09-02 15:59:59,C,6415.0,0.038356164383561646,80.4,81.4,80.9,6415.54,2025-09-16,SPX
20250902,2025-09-02 15:59:59,P,6415.0,0.038356164383561646,52.0,52.9,52.45,6415.54,2025-09-16,SPX
20250902,2025-09-02 15:59:59,C,6420.0,0.038356164383561646,77.0,78.0,77.5,6415.54,2025-09-16,SPX
20250902,2025-09-02 15:59:59,P,6420.0,0.038356164383561646,53.6,54.5,54.05,6415.54,2025-09-16,SPX
20250902,2025-09-02 15:59:59,C,6425.0,0.038356164383561646,73.8,74.3,74.05,6415.54,2025-09-16,SPX
20250902,2025-09-02 15:59:59,P,6425.0,0.038356164383561646,55.4,56.2,55.8,6415.54,2025-09-16,SPX
20250902,2025-09-02 15:59:59,C,6430.0,0.038356164383561646,70.5,71.1,70.8,6415.54,2025-09-16,SPX
20250902,2025-09-02 15:59:59,P,6430.0,0.038356164383561646,57.0,57.9,57.45,6415.54,2025-09-16,SPX
20250902,2025-09-02 15:59:59,C,6435.0,0.038356164383561646,67.3,68.2,67.75,6415.54,2025-09-16,SPX
20250902,2025-09-02 15:59:59,P,6435.0,0.038356164383561646,58.7,59.7,59.2,6415.54,2025-09-16,SPX
20250902,2025-09-02 15:59:59,C,6440.0,0.038356164383561646,64.2,64.8,64.5,6415.54,2025-09-16,SPX
20250902,2025-09-02 15:59:59,P,6440.0,0.038356164383561646,60.7,61.7,61.2,6415.54,2025-09-16,SPX
20250902,2025-09-02 15:59:59,C,6445.0,0.038356164383561646,61.1,61.7,61.400000000000006,6415.54,2025-09-16,SPX
20250902,2025-09-02 15:59:59,P,6445.0,0.038356164383561646,62.7,63.7,63.2,6415.54,2025-09-16,SPX
20250902,2025-09-02 15:59:59,C,6450.0,0.038356164383561646,58.1,58.7,58.400000000000006,6415.54,2025-09-16,SPX
20250902,2025-09-02 15:59:59,P,6450.0,0.038356164383561646,64.6,65.5,65.05,6415.54,2025-09-16,SPX
20250902,2025-09-02 15:59:59,C,6455.0,0.038356164383561646,55.2,56.1,55.650000000000006,6415.54,2025-09-16,SPX
20250902,2025-09-02 15:59:59,P,6455.0,0.038356164383561646,66.5,67.7,67.1,6415.54,2025-09-16,SPX
20250902,2025-09-02 15:59:59,C,6460.0,0.038356164383561646,52.3,53.3,52.8,6415.54,2025-09-16,SPX
20250902,2025-09-02 15:59:59,P,6460.0,0.038356164383561646,68.8,69.8,69.3,6415.54,2025-09-16,SPX
20250902,2025-09-02 15:59:59,C,6465.0,0.038356164383561646,49.5,50.5,50.0,6415.54,2025-09-16,SPX
20250902,2025-09-02 15:59:59,P,6465.0,0.038356164383561646,71.0,72.0,71.5,6415.54,2025-09-16,SPX
20250902,2025-09-02 15:59:59,C,6470.0,0.038356164383561646,46.8,48.0,47.4,6415.54,2025-09-16,SPX
20250902,2025-09-02 15:59:59,P,6470.0,0.038356164383561646,73.2,74.3,73.75,6415.54,2025-09-16,SPX
20250902,2025-09-02 15:59:59,C,6475.0,0.038356164383561646,44.1,45.0,44.55,6415.54,2025-09-16,SPX
20250902,2025-09-02 15:59:59,P,6475.0,0.038356164383561646,75.5,76.7,76.1,6415.54,2025-09-16,SPX
20250902,2025-09-02 15:59:59,C,6480.0,0.038356164383561646,41.6,42.5,42.05,6415.54,2025-09-16,SPX
20250902,2025-09-02 15:59:59,P,6480.0,0.038356164383561646,78.0,79.1,78.55,6415.54,2025-09-16,SPX
20250902,2025-09-02 15:59:59,C,6485.0,0.038356164383561646,39.2,40.1,39.650000000000006,6415.54,2025-09-16,SPX
20250902,2025-09-02 15:59:59,P,6485.0,0.038356164383561646,80.6,81.6,81.1,6415.54,2025-09-16,SPX
20250902,2025-09-02 15:59:59,C,6490.0,0.038356164383561646,36.8,37.9,37.349999999999994,6415.54,2025-09-16,SPX
20250902,2025-09-02 15:59:59,P,6490.0,0.038356164383561646,83.0,84.2,83.6,6415.54,2025-09-16,SPX
20250902,2025-09-02 15:59:59,C,6345.0,0.0410958904109589,137.5,138.5,138.0,6415.54,2025-09-17,SPX
20250902,2025-09-02 15:59:59,P,6345.0,0.0410958904109589,38.5,39.4,38.95,6415.54,2025-09-17,SPX
20250902,2025-09-02 15:59:59,C,6350.0,0.0410958904109589,133.4,135.0,134.2,6415.54,2025-09-17,SPX
20250902,2025-09-02 15:59:59,P,6350.0,0.0410958904109589,39.5,40.1,39.8,6415.54,2025-09-17,SPX
20250902,2025-09-02 15:59:59,C,6355.0,0.0410958904109589,129.7,130.7,130.2,6415.54,2025-09-17,SPX
20250902,2025-09-02 15:59:59,P,6355.0,0.0410958904109589,40.6,41.6,41.1,6415.54,2025-09-17,SPX
20250902,2025-09-02 15:59:59,C,6360.0,0.0410958904109589,125.8,127.0,126.4,6415.54,2025-09-17,SPX
20250902,2025-09-02 15:59:59,P,6360.0,0.0410958904109589,41.7,42.7,42.2,6415.54,2025-09-17,SPX
20250902,2025-09-02 15:59:59,C,6365.0,0.0410958904109589,122.0,123.0,122.5,6415.54,2025-09-17,SPX
20250902,2025-09-02 15:59:59,P,6365.0,0.0410958904109589,42.9,43.9,43.4,6415.54,2025-09-17,SPX
20250902,2025-09-02 15:59:59,C,6370.0,0.0410958904109589,118.2,119.4,118.80000000000001,6415.54,2025-09-17,SPX
20250902,2025-09-02 15:59:59,P,6370.0,0.0410958904109589,44.1,45.1,44.6,6415.54,2025-09-17,SPX
20250902,2025-09-02 15:59:59,C,6375.0,0.0410958904109589,114.4,115.5,114.95,6415.54,2025-09-17,SPX
20250902,2025-09-02 15:59:59,P,6375.0,0.0410958904109589,45.3,46.3,45.8,6415.54,2025-09-17,SPX
20250902,2025-09-02 15:59:59,C,6380.0,0.0410958904109589,110.7,111.8,111.25,6415.54,2025-09-17,SPX
20250902,2025-09-02 15:59:59,P,6380.0,0.0410958904109589,46.6,47.6,47.1,6415.54,2025-09-17,SPX
20250902,2025-09-02 15:59:59,C,6385.0,0.0410958904109589,107.0,108.2,107.6,6415.54,2025-09-17,SPX
20250902,2025-09-02 15:59:59,P,6385.0,0.0410958904109589,47.9,48.9,48.4,6415.54,2025-09-17,SPX
20250902,2025-09-02 15:59:59,C,6390.0,0.0410958904109589,103.4,104.5,103.95,6415.54,2025-09-17,SPX
20250902,2025-09-02 15:59:59,P,6390.0,0.0410958904109589,49.2,50.2,49.7,6415.54,2025-09-17,SPX
20250902,2025-09-02 15:59:59,C,6395.0,0.0410958904109589,99.8,101.0,100.4,6415.54,2025-09-17,SPX
20250902,2025-09-02 15:59:59,P,6395.0,0.0410958904109589,50.6,51.3,50.95,6415.54,2025-09-17,SPX
20250902,2025-09-02 15:59:59,C,6400.0,0.0410958904109589,96.2,97.4,96.80000000000001,6415.54,2025-09-17,SPX
20250902,2025-09-02 15:59:59,P,6400.0,0.0410958904109589,52.1,53.0,52.55,6415.54,2025-09-17,SPX
20250902,2025-09-02 15:59:59,C,6405.0,0.0410958904109589,92.7,93.3,93.0,6415.54,2025-09-17,SPX
20250902,2025-09-02 15:59:59,P,6405.0,0.0410958904109589,53.5,54.6,54.05,6415.54,2025-09-17,SPX
20250902,2025-09-02 15:59:59,C,6410.0,0.0410958904109589,89.2,89.9,89.55000000000001,6415.54,2025-09-17,SPX
20250902,2025-09-02 15:59:59,P,6410.0,0.0410958904109589,55.1,56.1,55.6,6415.54,2025-09-17,SPX
20250902,2025-09-02 15:59:59,C,6415.0,0.0410958904109589,85.8,86.8,86.3,6415.54,2025-09-17,SPX
20250902,2025-09-02 15:59:59,P,6415.0,0.0410958904109589,56.6,57.6,57.1,6415.54,2025-09-17,SPX
20250902,2025-09-02 15:59:59,C,6420.0,0.0410958904109589,82.5,83.6,83.05,6415.54,2025-09-17,SPX
20250902,2025-09-02 15:59:59,P,6420.0,0.0410958904109589,58.3,59.3,58.8,6415.54,2025-09-17,SPX
20250902,2025-09-02 15:59:59,C,6425.0,0.0410958904109589,79.1,79.9,79.5,6415.54,2025-09-17,SPX
20250902,2025-09-02 15:59:59,P,6425.0,0.0410958904109589,59.9,60.9,60.4,6415.54,2025-09-17,SPX
20250902,2025-09-02 15:59:59,C,6430.0,0.0410958904109589,75.9,77.0,76.45,6415.54,2025-09-17,SPX
20250902,2025-09-02 15:59:59,P,6430.0,0.0410958904109589,61.7,62.7,62.2,6415.54,2025-09-17,SPX
20250902,2025-09-02 15:59:59,C,6435.0,0.0410958904109589,72.7,73.8,73.25,6415.54,2025-09-17,SPX
20250902,2025-09-02 15:59:59,P,6435.0,0.0410958904109589,63.4,64.4,63.900000000000006,6415.54,2025-09-17,SPX
20250902,2025-09-02 15:59:59,C,6440.0,0.0410958904109589,69.5,70.5,70.0,6415.54,2025-09-17,SPX
20250902,2025-09-02 15:59:59,P,6440.0,0.0410958904109589,65.3,66.4,65.85,6415.54,2025-09-17,SPX
20250902,2025-09-02 15:59:59,C,6445.0,0.0410958904109589,66.5,67.4,66.95,6415.54,2025-09-17,SPX
20250902,2025-09-02 15:59:59,P,6445.0,0.0410958904109589,67.2,68.2,67.7,6415.54,2025-09-17,SPX
20250902,2025-09-02 15:59:59,C,6450.0,0.0410958904109589,63.5,64.1,63.8,6415.54,2025-09-17,SPX
20250902,2025-09-02 15:59:59,P,6450.0,0.0410958904109589,69.1,70.2,69.65,6415.54,2025-09-17,SPX
20250902,2025-09-02 15:59:59,C,6455.0,0.0410958904109589,60.5,61.4,60.95,6415.54,2025-09-17,SPX
20250902,2025-09-02 15:59:59,P,6455.0,0.0410958904109589,71.2,72.2,71.7,6415.54,2025-09-17,SPX
20250902,2025-09-02 15:59:59,C,6460.0,0.0410958904109589,57.6,58.5,58.05,6415.54,2025-09-17,SPX
20250902,2025-09-02 15:59:59,P,6460.0,0.0410958904109589,73.3,74.3,73.8,6415.54,2025-09-17,SPX
20250902,2025-09-02 15:59:59,C,6465.0,0.0410958904109589,54.8,55.8,55.3,6415.54,2025-09-17,SPX
20250902,2025-09-02 15:59:59,P,6465.0,0.0410958904109589,75.3,76.5,75.9,6415.54,2025-09-17,SPX
20250902,2025-09-02 15:59:59,C,6470.0,0.0410958904109589,52.0,52.9,52.45,6415.54,2025-09-17,SPX
20250902,2025-09-02 15:59:59,P,6470.0,0.0410958904109589,77.7,78.8,78.25,6415.54,2025-09-17,SPX
20250902,2025-09-02 15:59:59,C,6475.0,0.0410958904109589,49.2,50.2,49.7,6415.54,2025-09-17,SPX
20250902,2025-09-02 15:59:59,P,6475.0,0.0410958904109589,80.0,81.1,80.55,6415.54,2025-09-17,SPX
20250902,2025-09-02 15:59:59,C,6480.0,0.0410958904109589,46.7,47.6,47.150000000000006,6415.54,2025-09-17,SPX
20250902,2025-09-02 15:59:59,P,6480.0,0.0410958904109589,82.4,83.4,82.9,6415.54,2025-09-17,SPX
20250902,2025-09-02 15:59:59,C,6485.0,0.0410958904109589,44.2,45.2,44.7,6415.54,2025-09-17,SPX
20250902,2025-09-02 15:59:59,P,6485.0,0.0410958904109589,84.7,85.9,85.30000000000001,6415.54,2025-09-17,SPX
20250902,2025-09-02 15:59:59,C,6490.0,0.0410958904109589,41.7,42.6,42.150000000000006,6415.54,2025-09-17,SPX
20250902,2025-09-02 15:59:59,P,6490.0,0.0410958904109589,87.2,88.4,87.80000000000001,6415.54,2025-09-17,SPX
20250902,2025-09-02 15:59:59,C,6345.0,0.043835616438356165,140.8,142.0,141.4,6415.54,2025-09-18,SPX
20250902,2025-09-02 15:59:59,P,6345.0,0.043835616438356165,41.1,42.1,41.6,6415.54,2025-09-18,SPX
20250902,2025-09-02 15:59:59,C,6350.0,0.043835616438356165,136.8,138.0,137.4,6415.54,2025-09-18,SPX
20250902,2025-09-02 15:59:59,P,6350.0,0.043835616438356165,42.2,42.9,42.55,6415.54,2025-09-18,SPX
20250902,2025-09-02 15:59:59,C,6355.0,0.043835616438356165,133.0,134.2,133.6,6415.54,2025-09-18,SPX
20250902,2025-09-02 15:59:59,P,6355.0,0.043835616438356165,43.3,44.4,43.849999999999994,6415.54,2025-09-18,SPX
20250902,2025-09-02 15:59:59,C,6360.0,0.043835616438356165,129.1,130.2,129.64999999999998,6415.54,2025-09-18,SPX
20250902,2025-09-02 15:59:59,P,6360.0,0.043835616438356165,44.4,45.4,44.9,6415.54,2025-09-18,SPX
20250902,2025-09-02 15:59:59,C,6365.0,0.043835616438356165,125.3,126.4,125.85,6415.54,2025-09-18,SPX
20250902,2025-09-02 15:59:59,P,6365.0,0.043835616438356165,45.6,46.6,46.1,6415.54,2025-09-18,SPX
20250902,2025-09-02 15:59:59,C,6370.0,0.043835616438356165,121.5,122.7,122.1,6415.54,2025-09-18,SPX
20250902,2025-09-02 15:59:59,P,6370.0,0.043835616438356165,46.8,47.8,47.3,6415.54,2025-09-18,SPX
20250902,2025-09-02 15:59:59,C,6375.0,0.043835616438356165,117.7,119.0,118.35,6415.54,2025-09-18,SPX
20250902,2025-09-02 15:59:59,P,6375.0,0.043835616438356165,48.0,49.1,48.55,6415.54,2025-09-18,SPX
20250902,2025-09-02 15:59:59,C,6380.0,0.043835616438356165,114.0,115.3,114.65,6415.54,2025-09-18,SPX
20250902,2025-09-02 15:59:59,P,6380.0,0.043835616438356165,49.3,50.3,49.8,6415.54,2025-09-18,SPX
20250902,2025-09-02 15:59:59,C,6385.0,0.043835616438356165,110.3,111.5,110.9,6415.54,2025-09-18,SPX
20250902,2025-09-02 15:59:59,P,6385.0,0.043835616438356165,50.5,51.7,51.1,6415.54,2025-09-18,SPX
20250902,2025-09-02 15:59:59,C,6390.0,0.043835616438356165,106.7,107.9,107.30000000000001,6415.54,2025-09-18,SPX
20250902,2025-09-02 15:59:59,P,6390.0,0.043835616438356165,52.0,53.0,52.5,6415.54,2025-09-18,SPX
20250902,2025-09-02 15:59:59,C,6395.0,0.043835616438356165,103.1,104.3,103.69999999999999,6415.54,2025-09-18,SPX
20250902,2025-09-02 15:59:59,P,6395.0,0.043835616438356165,53.3,54.4,53.849999999999994,6415.54,2025-09-18,SPX
20250902,2025-09-02 15:59:59,C,6400.0,0.043835616438356165,99.5,100.2,99.85,6415.54,2025-09-18,SPX
20250902,2025-09-02 15:59:59,P,6400.0,0.043835616438356165,54.8,55.8,55.3,6415.54,2025-09-18,SPX
20250902,2025-09-02 15:59:59,C,6405.0,0.043835616438356165,96.0,97.3,96.65,6415.54,2025-09-18,SPX
20250902,2025-09-02 15:59:59,P,6405.0,0.043835616438356165,56.2,57.3,56.75,6415.54,2025-09-18,SPX
20250902,2025-09-02 15:59:59,C,6410.0,0.043835616438356165,92.5,93.6,93.05,6415.54,2025-09-18,SPX
20250902,2025-09-02 15:59:59,P,6410.0,0.043835616438356165,57.8,58.8,58.3,6415.54,2025-09-18,SPX
20250902,2025-09-02 15:59:59,C,6415.0,0.043835616438356165,89.1,90.3,89.69999999999999,6415.54,2025-09-18,SPX
20250902,2025-09-02 15:59:59,P,6415.0,0.043835616438356165,59.3,60.4,59.849999999999994,6415.54,2025-09-18,SPX
20250902,2025-09-02 15:59:59,C,6420.0,0.043835616438356165,85.8,86.8,86.3,6415.54,2025-09-18,SPX
20250902,2025-09-02 15:59:59,P,6420.0,0.043835616438356165,60.9,62.0,61.45,6415.54,2025-09-18,SPX
20250902,2025-09-02 15:59:59,C,6425.0,0.043835616438356165,82.4,83.6,83.0,6415.54,2025-09-18,SPX
20250902,2025-09-02 15:59:59,P,6425.0,0.043835616438356165,62.6,63.7,63.150000000000006,6415.54,2025-09-18,SPX
20250902,2025-09-02 15:59:59,C,6430.0,0.043835616438356165,79.2,80.2,79.7,6415.54,2025-09-18,SPX
20250902,2025-09-02 15:59:59,P,6430.0,0.043835616438356165,64.3,65.4,64.85,6415.54,2025-09-18,SPX
20250902,2025-09-02 15:59:59,C,6435.0,0.043835616438356165,75.9,77.0,76.45,6415.54,2025-09-18,SPX
20250902,2025-09-02 15:59:59,P,6435.0,0.043835616438356165,66.1,67.2,66.65,6415.54,2025-09-18,SPX
20250902,2025-09-02 15:59:59,C,6440.0,0.043835616438356165,72.8,73.8,73.3,6415.54,2025-09-18,SPX
20250902,2025-09-02 15:59:59,P,6440.0,0.043835616438356165,67.8,69.0,68.4,6415.54,2025-09-18,SPX
20250902,2025-09-02 15:59:59,C,6445.0,0.043835616438356165,69.7,70.7,70.2,6415.54,2025-09-18,SPX
20250902,2025-09-02 15:59:59,P,6445.0,0.043835616438356165,69.8,70.9,70.35,6415.54,2025-09-18,SPX
20250902,2025-09-02 15:59:59,C,6450.0,0.043835616438356165,66.6,67.8,67.19999999999999,6415.54,2025-09-18,SPX
20250902,2025-09-02 15:59:59,P,6450.0,0.043835616438356165,71.7,72.8,72.25,6415.54,2025-09-18,SPX
20250902,2025-09-02 15:59:59,C,6455.0,0.043835616438356165,63.6,64.8,64.2,6415.54,2025-09-18,SPX
20250902,2025-09-02 15:59:59,P,6455.0,0.043835616438356165,73.7,74.8,74.25,6415.54,2025-09-18,SPX
20250902,2025-09-02 15:59:59,C,6460.0,0.043835616438356165,60.7,61.8,61.25,6415.54,2025-09-18,SPX
20250902,2025-09-02 15:59:59,P,6460.0,0.043835616438356165,75.8,76.9,76.35,6415.54,2025-09-18,SPX
20250902,2025-09-02 15:59:59,C,6465.0,0.043835616438356165,57.9,59.0,58.45,6415.54,2025-09-18,SPX
20250902,2025-09-02 15:59:59,P,6465.0,0.043835616438356165,77.9,79.0,78.45,6415.54,2025-09-18,SPX
20250902,2025-09-02 15:59:59,C,6470.0,0.043835616438356165,55.3,55.8,55.55,6415.54,2025-09-18,SPX
20250902,2025-09-02 15:59:59,P,6470.0,0.043835616438356165,80.1,81.3,80.69999999999999,6415.54,2025-09-18,SPX
20250902,2025-09-02 15:59:59,C,6475.0,0.043835616438356165,52.4,53.5,52.95,6415.54,2025-09-18,SPX
20250902,2025-09-02 15:59:59,P,6475.0,0.043835616438356165,82.4,83.5,82.95,6415.54,2025-09-18,SPX
20250902,2025-09-02 15:59:59,C,6480.0,0.043835616438356165,49.7,50.7,50.2,6415.54,2025-09-18,SPX
20250902,2025-09-02 15:59:59,P,6480.0,0.043835616438356165,84.7,85.9,85.30000000000001,6415.54,2025-09-18,SPX
20250902,2025-09-02 15:59:59,C,6485.0,0.043835616438356165,47.1,48.1,47.6,6415.54,2025-09-18,SPX
20250902,2025-09-02 15:59:59,P,6485.0,0.043835616438356165,87.0,88.3,87.65,6415.54,2025-09-18,SPX
20250902,2025-09-02 15:59:59,C,6490.0,0.043835616438356165,44.6,45.6,45.1,6415.54,2025-09-18,SPX
20250902,2025-09-02 15:59:59,P,6490.0,0.043835616438356165,89.5,90.8,90.15,6415.54,2025-09-18,SPX
20250902,2025-09-02 15:59:59,C,6380.0,0.04657534246575343,117.5,118.6,118.05,6415.54,2025-09-19,SPX
20250902,2025-09-02 15:59:59,C,6380.0,0.04657534246575343,118.9,119.8,119.35,6415.54,2025-09-19,SPX
20250902,2025-09-02 15:59:59,P,6380.0,0.04657534246575343,50.3,51.3,50.8,6415.54,2025-09-19,SPX
20250902,2025-09-02 15:59:59,P,6380.0,0.04657534246575343,51.7,52.4,52.05,6415.54,2025-09-19,SPX
20250902,2025-09-02 15:59:59,C,6385.0,0.04657534246575343,113.8,114.9,114.35,6415.54,2025-09-19,SPX
20250902,2025-09-02 15:59:59,C,6385.0,0.04657534246575343,115.2,115.9,115.55000000000001,6415.54,2025-09-19,SPX
20250902,2025-09-02 15:59:59,P,6385.0,0.04657534246575343,51.6,52.6,52.1,6415.54,2025-09-19,SPX
20250902,2025-09-02 15:59:59,P,6385.0,0.04657534246575343,53.0,53.9,53.45,6415.54,2025-09-19,SPX
20250902,2025-09-02 15:59:59,C,6390.0,0.04657534246575343,110.2,111.2,110.7,6415.54,2025-09-19,SPX
20250902,2025-09-02 15:59:59,C,6390.0,0.04657534246575343,111.5,112.5,112.0,6415.54,2025-09-19,SPX
20250902,2025-09-02 15:59:59,P,6390.0,0.04657534246575343,53.0,54.0,53.5,6415.54,2025-09-19,SPX
20250902,2025-09-02 15:59:59,P,6390.0,0.04657534246575343,54.3,55.1,54.7,6415.54,2025-09-19,SPX
20250902,2025-09-02 15:59:59,C,6395.0,0.04657534246575343,106.6,107.6,107.1,6415.54,2025-09-19,SPX
20250902,2025-09-02 15:59:59,C,6395.0,0.04657534246575343,107.9,109.0,108.45,6415.54,2025-09-19,SPX
20250902,2025-09-02 15:59:59,P,6395.0,0.04657534246575343,54.3,55.3,54.8,6415.54,2025-09-19,SPX
20250902,2025-09-02 15:59:59,P,6395.0,0.04657534246575343,55.6,56.4,56.0,6415.54,2025-09-19,SPX
20250902,2025-09-02 15:59:59,C,6400.0,0.04657534246575343,103.0,104.0,103.5,6415.54,2025-09-19,SPX
20250902,2025-09-02 15:59:59,C,6400.0,0.04657534246575343,104.4,105.0,104.7,6415.54,2025-09-19,SPX
20250902,2025-09-02 15:59:59,P,6400.0,0.04657534246575343,55.7,56.7,56.2,6415.54,2025-09-19,SPX
20250902,2025-09-02 15:59:59,P,6400.0,0.04657534246575343,57.1,57.9,57.5,6415.54,2025-09-19,SPX
20250902,2025-09-02 15:59:59,C,6405.0,0.04657534246575343,99.5,100.5,100.0,6415.54,2025-09-19,SPX
20250902,2025-09-02 15:59:59,C,6405.0,0.04657534246575343,100.8,101.8,101.3,6415.54,2025-09-19,SPX
20250902,2025-09-02 15:59:59,P,6405.0,0.04657534246575343,57.1,58.2,57.650000000000006,6415.54,2025-09-19,SPX
20250902,2025-09-02 15:59:59,P,6405.0,0.04657534246575343,58.6,59.4,59.0,6415.54,2025-09-19,SPX
20250902,2025-09-02 15:59:59,C,6410.0,0.04657534246575343,96.0,96.9,96.45,6415.54,2025-09-19,SPX
20250902,2025-09-02 15:59:59,C,6410.0,0.04657534246575343,97.3,98.1,97.69999999999999,6415.54,2025-09-19,SPX
20250902,2025-09-02 15:59:59,P,6410.0,0.04657534246575343,58.7,59.7,59.2,6415.54,2025-09-19,SPX
20250902,2025-09-02 15:59:59,P,6410.0,0.04657534246575343,60.1,60.9,60.5,6415.54,2025-09-19,SPX
20250902,2025-09-02 15:59:59,C,6415.0,0.04657534246575343,92.4,93.5,92.95,6415.54,2025-09-19,SPX
20250902,2025-09-02 15:59:59,C,6415.0,0.04657534246575343,93.8,94.6,94.19999999999999,6415.54,2025-09-19,SPX
20250902,2025-09-02 15:59:59,P,6415.0,0.04657534246575343,60.2,61.2,60.7,6415.54,2025-09-19,SPX
20250902,2025-09-02 15:59:59,P,6415.0,0.04657534246575343,61.7,62.4,62.05,6415.54,2025-09-19,SPX
20250902,2025-09-02 15:59:59,C,6420.0,0.04657534246575343,89.2,90.2,89.7,6415.54,2025-09-19,SPX
20250902,2025-09-02 15:59:59,C,6420.0,0.04657534246575343,90.5,91.2,90.85,6415.54,2025-09-19,SPX
20250902,2025-09-02 15:59:59,P,6420.0,0.04657534246575343,61.8,62.8,62.3,6415.54,2025-09-19,SPX
20250902,2025-09-02 15:59:59,P,6420.0,0.04657534246575343,63.2,64.0,63.6,6415.54,2025-09-19,SPX
20250902,2025-09-02 15:59:59,C,6425.0,0.04657534246575343,85.7,86.9,86.30000000000001,6415.54,2025-09-19,SPX
20250902,2025-09-02 15:59:59,C,6425.0,0.04657534246575343,87.1,87.9,87.5,6415.54,2025-09-19,SPX
20250902,2025-09-02 15:59:59,P,6425.0,0.04657534246575343,63.4,64.4,63.900000000000006,6415.54,2025-09-19,SPX
20250902,2025-09-02 15:59:59,P,6425.0,0.04657534246575343,64.9,65.7,65.30000000000001,6415.54,2025-09-19,SPX
20250902,2025-09-02 15:59:59,C,6430.0,0.04657534246575343,82.5,83.5,83.0,6415.54,2025-09-19,SPX
20250902,2025-09-02 15:59:59,C,6430.0,0.04657534246575343,83.9,84.6,84.25,6415.54,2025-09-19,SPX
20250902,2025-09-02 15:59:59,P,6430.0,0.04657534246575343,65.1,66.1,65.6,6415.54,2025-09-19,SPX
20250902,2025-09-02 15:59:59,P,6430.0,0.04657534246575343,66.6,67.5,67.05,6415.54,2025-09-19,SPX
20250902,2025-09-02 15:59:59,C,6435.0,0.04657534246575343,79.3,80.3,79.8,6415.54,2025-09-19,SPX
20250902,2025-09-02 15:59:59,C,6435.0,0.04657534246575343,80.6,81.6,81.1,6415.54,2025-09-19,SPX
20250902,2025-09-02 15:59:59,P,6435.0,0.04657534246575343,66.8,67.9,67.35,6415.54,2025-09-19,SPX
20250902,2025-09-02 15:59:59,P,6435.0,0.04657534246575343,68.2,69.2,68.7,6415.54,2025-09-19,SPX
20250902,2025-09-02 15:59:59,C,6440.0,0.04657534246575343,76.1,77.1,76.6,6415.54,2025-09-19,SPX
20250902,2025-09-02 15:59:59,C,6440.0,0.04657534246575343,77.4,78.2,77.80000000000001,6415.54,2025-09-19,SPX
20250902,2025-09-02 15:59:59,P,6440.0,0.04657534246575343,68.7,69.7,69.2,6415.54,2025-09-19,SPX
20250902,2025-09-02 15:59:59,P,6440.0,0.04657534246575343,70.1,71.0,70.55,6415.54,2025-09-19,SPX
20250902,2025-09-02 15:59:59,C,6445.0,0.04657534246575343,72.9,74.0,73.45,6415.54,2025-09-19,SPX
20250902,2025-09-02 15:59:59,C,6445.0,0.04657534246575343,74.3,75.2,74.75,6415.54,2025-09-19,SPX
20250902,2025-09-02 15:59:59,P,6445.0,0.04657534246575343,70.5,71.5,71.0,6415.54,2025-09-19,SPX
20250902,2025-09-02 15:59:59,P,6445.0,0.04657534246575343,71.9,72.9,72.4,6415.54,2025-09-19,SPX
20250902,2025-09-02 15:59:59,C,6450.0,0.04657534246575343,69.9,70.9,70.4,6415.54,2025-09-19,SPX
20250902,2025-09-02 15:59:59,C,6450.0,0.04657534246575343,71.2,72.0,71.6,6415.54,2025-09-19,SPX
20250902,2025-09-02 15:59:59,P,6450.0,0.04657534246575343,72.4,73.4,72.9,6415.54,2025-09-19,SPX
20250902,2025-09-02 15:59:59,P,6450.0,0.04657534246575343,73.8,74.8,74.3,6415.54,2025-09-19,SPX
