asof,quotes_csv,forwards_csv,qcurve_csv,ivtable_csv,surface_parquet,localvol_parquet,fit_info
2025-09-02,data/quotes/20250902_quotes.csv,artifacts/forwards_2025-09-02.csv,artifacts/qcurve_2025-09-02.csv,artifacts/ivtable_2025-09-02.csv,artifacts/price_surface_2025-09-02.parquet,artifacts/local_vol_surface_2025-09-02.parquet,{'skipped': 'surface and LV exist'}
2025-09-03,data/quotes/20250903_quotes.csv,artifacts/forwards_2025-09-03.csv,artifacts/qcurve_2025-09-03.csv,artifacts/ivtable_2025-09-03.csv,artifacts/price_surface_2025-09-03.parquet,artifacts/local_vol_surface_2025-09-03.parquet,{'skipped': 'surface and LV exist'}
2025-09-04,data/quotes/20250904_quotes.csv,artifacts/forwards_2025-09-04.csv,artifacts/qcurve_2025-09-04.csv,artifacts/ivtable_2025-09-04.csv,artifacts/price_surface_2025-09-04.parquet,artifacts/local_vol_surface_2025-09-04.parquet,"{'nT': 10, 'nK': 61, 'grid_T_min_max': (0.010958904109589041, 0.0410958904109589), 'example': [{'T': 0.010958904109589041, 'K': 3902.3999999999996, 'c': 6373.920000471419}], 'lv_example': [{'T': 0.0136986301369863, 'K': 4011.2625000000003, 'sigma_loc': 0.09583787100972899}]}"
2025-09-05,data/quotes/20250905_quotes.csv,artifacts/forwards_2025-09-05.csv,artifacts/qcurve_2025-09-05.csv,artifacts/ivtable_2025-09-05.csv,artifacts/price_surface_2025-09-05.parquet,artifacts/local_vol_surface_2025-09-05.parquet,"{'nT': 10, 'nK': 61, 'grid_T_min_max': (0.00821917808219178, 0.038356164383561646), 'example': [{'T': 0.00821917808219178, 'K': 3888.1499999999996, 'c': 6350.645005190737}], 'lv_example': [{'T': 0.010958904109589041, 'K': 3996.555, 'sigma_loc': 0.13762223002818247}]}"
2025-09-08,data/quotes/20250908_quotes.csv,artifacts/forwards_2025-09-08.csv,artifacts/qcurve_2025-09-08.csv,artifacts/ivtable_2025-09-08.csv,artifacts/price_surface_2025-09-08.parquet,artifacts/local_vol_surface_2025-09-08.parquet,"{'nT': 10, 'nK': 61, 'grid_T_min_max': (0.005479452054794521, 0.0410958904109589), 'example': [{'T': 0.005479452054794521, 'K': 3899.85, 'c': 6369.7550764926655}], 'lv_example': [{'T': 0.00821917808219178, 'K': 4008.6108333333336, 'sigma_loc': 0.063646011369681}]}"
2025-09-09,data/quotes/20250909_quotes.csv,artifacts/forwards_2025-09-09.csv,artifacts/qcurve_2025-09-09.csv,artifacts/ivtable_2025-09-09.csv,artifacts/price_surface_2025-09-09.parquet,artifacts/local_vol_surface_2025-09-09.parquet,{'skipped': 'surface and LV exist'}
2025-09-10,data/quotes/20250910_quotes.csv,artifacts/forwards_2025-09-10.csv,artifacts/qcurve_2025-09-10.csv,artifacts/ivtable_2025-09-10.csv,artifacts/price_surface_2025-09-10.parquet,artifacts/local_vol_surface_2025-09-10.parquet,{'skipped': 'surface and LV exist'}
2025-09-11,data/quotes/20250911_quotes.csv,artifacts/forwards_2025-09-11.csv,artifacts/qcurve_2025-09-11.csv,artifacts/ivtable_2025-09-11.csv,artifacts/price_surface_2025-09-11.parquet,artifacts/local_vol_surface_2025-09-11.parquet,{'skipped': 'surface and LV exist'}
2025-09-12,data/quotes/20250912_quotes.csv,artifacts/forwards_2025-09-12.csv,artifacts/qcurve_2025-09-12.csv,artifacts/ivtable_2025-09-12.csv,artifacts/price_surface_2025-09-12.parquet,artifacts/local_vol_surface_2025-09-12.parquet,"{'nT': 10, 'nK': 61, 'grid_T_min_max': (0.00821917808219178, 0.038356164383561646), 'example': [{'T': 0.00821917808219178, 'K': 3950.3399999999997, 'c': 6452.222001101507}], 'lv_example': [{'T': 0.010958904109589041, 'K': 4060.441666666667, 'sigma_loc': 0.06909896610793755}]}"
2025-09-15,data/quotes/20250915_quotes.csv,artifacts/forwards_2025-09-15.csv,artifacts/qcurve_2025-09-15.csv,artifacts/ivtable_2025-09-15.csv,artifacts/price_surface_2025-09-15.parquet,artifacts/local_vol_surface_2025-09-15.parquet,"{'nT': 10, 'nK': 61, 'grid_T_min_max': (0.005479452054794521, 0.0410958904109589), 'example': [{'T': 0.005479452054794521, 'K': 3967.95, 'c': 6480.985000209612}], 'lv_example': [{'T': 0.00821917808219178, 'K': 4078.664166666667, 'sigma_loc': 0.09457157535251012}]}"
2025-09-16,data/quotes/20250916_quotes.csv,artifacts/forwards_2025-09-16.csv,artifacts/qcurve_2025-09-16.csv,artifacts/ivtable_2025-09-16.csv,artifacts/price_surface_2025-09-16.parquet,artifacts/local_vol_surface_2025-09-16.parquet,"{'nT': 10, 'nK': 61, 'grid_T_min_max': (0.005479452054794521, 0.0410958904109589), 'example': [{'T': 0.005479452054794521, 'K': 3966.2699999999995, 'c': 6478.241000518094}], 'lv_example': [{'T': 0.00821917808219178, 'K': 4076.074166666667, 'sigma_loc': 0.035187210105880766}]}"
2025-09-17,data/quotes/20250917_quotes.csv,artifacts/forwards_2025-09-17.csv,artifacts/qcurve_2025-09-17.csv,artifacts/ivtable_2025-09-17.csv,artifacts/price_surface_2025-09-17.parquet,artifacts/local_vol_surface_2025-09-17.parquet,"{'nT': 10, 'nK': 61, 'grid_T_min_max': (0.005479452054794521, 0.0410958904109589), 'example': [{'T': 0.005479452054794521, 'K': 3962.58, 'c': 6474.709573133457}], 'lv_example': [{'T': 0.0136986301369863, 'K': 4075.18, 'sigma_loc': 0.10286377506320747}]}"
2025-09-18,data/quotes/20250918_quotes.csv,artifacts/forwards_2025-09-18.csv,artifacts/qcurve_2025-09-18.csv,artifacts/ivtable_2025-09-18.csv,artifacts/price_surface_2025-09-18.parquet,artifacts/local_vol_surface_2025-09-18.parquet,"{'nT': 10, 'nK': 61, 'grid_T_min_max': (0.010958904109589041, 0.0410958904109589), 'example': [{'T': 0.010958904109589041, 'K': 3984.21, 'c': 6507.543001803543}], 'lv_example': [{'T': 0.0136986301369863, 'K': 4095.2525, 'sigma_loc': 0.1256422812924299}]}"
2025-09-19,data/quotes/20250919_quotes.csv,artifacts/forwards_2025-09-19.csv,artifacts/qcurve_2025-09-19.csv,artifacts/ivtable_2025-09-19.csv,artifacts/price_surface_2025-09-19.parquet,artifacts/local_vol_surface_2025-09-19.parquet,{'skipped': 'surface and LV exist'}
2025-09-22,data/quotes/20250922_quotes.csv,artifacts/forwards_2025-09-22.csv,artifacts/qcurve_2025-09-22.csv,artifacts/ivtable_2025-09-22.csv,artifacts/price_surface_2025-09-22.parquet,artifacts/local_vol_surface_2025-09-22.parquet,{'skipped': 'surface and LV exist'}
2025-09-23,data/quotes/20250923_quotes.csv,artifacts/forwards_2025-09-23.csv,artifacts/qcurve_2025-09-23.csv,artifacts/ivtable_2025-09-23.csv,artifacts/price_surface_2025-09-23.parquet,artifacts/local_vol_surface_2025-09-23.parquet,{'skipped': 'surface and LV exist'}
2025-09-24,data/quotes/20250924_quotes.csv,artifacts/forwards_2025-09-24.csv,artifacts/qcurve_2025-09-24.csv,artifacts/ivtable_2025-09-24.csv,artifacts/price_surface_2025-09-24.parquet,artifacts/local_vol_surface_2025-09-24.parquet,"{'nT': 10, 'nK': 61, 'grid_T_min_max': (0.005479452054794521, 0.0410958904109589), 'example': [{'T': 0.005479452054794521, 'K': 3986.1, 'c': 6510.630000737657}], 'lv_example': [{'T': 0.0136986301369863, 'K': 4097.195000000001, 'sigma_loc': 0.08684396630246238}]}"
2025-09-25,data/quotes/20250925_quotes.csv,artifacts/forwards_2025-09-25.csv,artifacts/qcurve_2025-09-25.csv,artifacts/ivtable_2025-09-25.csv,artifacts/price_surface_2025-09-25.parquet,artifacts/local_vol_surface_2025-09-25.parquet,"{'nT': 10, 'nK': 61, 'grid_T_min_max': (0.010958904109589041, 0.0410958904109589), 'example': [{'T': 0.010958904109589041, 'K': 3965.88, 'c': 6477.604000491149}], 'lv_example': [{'T': 0.0136986301369863, 'K': 4075.889166666667, 'sigma_loc': 0.04751327496849682}]}"
2025-09-26,data/quotes/20250926_quotes.csv,artifacts/forwards_2025-09-26.csv,artifacts/qcurve_2025-09-26.csv,artifacts/ivtable_2025-09-26.csv,artifacts/price_surface_2025-09-26.parquet,artifacts/local_vol_surface_2025-09-26.parquet,"{'nT': 10, 'nK': 61, 'grid_T_min_max': (0.00821917808219178, 0.038356164383561646), 'example': [{'T': 0.00821917808219178, 'K': 3987.2699999999995, 'c': 6512.541015127554}], 'lv_example': [{'T': 0.010958904109589041, 'K': 4097.965833333334, 'sigma_loc': 0.11245973507463555}]}"
2025-09-29,data/quotes/20250929_quotes.csv,artifacts/forwards_2025-09-29.csv,artifacts/qcurve_2025-09-29.csv,artifacts/ivtable_2025-09-29.csv,artifacts/price_surface_2025-09-29.parquet,artifacts/local_vol_surface_2025-09-29.parquet,{'skipped': 'surface and LV exist'}
2025-09-30,data/quotes/20250930_quotes.csv,artifacts/forwards_2025-09-30.csv,artifacts/qcurve_2025-09-30.csv,artifacts/ivtable_2025-09-30.csv,artifacts/price_surface_2025-09-30.parquet,artifacts/local_vol_surface_2025-09-30.parquet,{'skipped': 'surface and LV exist'}
2025-10-01,data/quotes/20251001_quotes.csv,artifacts/forwards_2025-10-01.csv,artifacts/qcurve_2025-10-01.csv,artifacts/ivtable_2025-10-01.csv,artifacts/price_surface_2025-10-01.parquet,artifacts/local_vol_surface_2025-10-01.parquet,"{'nT': 10, 'nK': 61, 'grid_T_min_max': (0.005479452054794521, 0.0410958904109589), 'example': [{'T': 0.005479452054794521, 'K': 4025.88, 'c': 6575.60411890104}], 'lv_example': [{'T': 0.0136986301369863, 'K': 4137.895, 'sigma_loc': 0.08114073601968781}]}"
2025-10-02,data/quotes/20251002_quotes.csv,artifacts/forwards_2025-10-02.csv,artifacts/qcurve_2025-10-02.csv,artifacts/ivtable_2025-10-02.csv,artifacts/price_surface_2025-10-02.parquet,artifacts/local_vol_surface_2025-10-02.parquet,{'skipped': 'surface and LV exist'}
