cp,K,T,m,mid,mid1,price0_pde,price1_pde,delta0_pde,price0_bsm,price1_bsm,delta0_bsm,pnl_pde,pnl_bsm,T_bucket,m_bucket
C,6625.0,0.01643835616438356,0.9921433733079841,72.0,118.35,72.42804947235817,105.53552379984875,0.6412281434533834,359.9027124178101,344.6404582984619,0.5490713210195115,31.768472017870195,33.864118160016424,1.0-2.0%,0.98-1.00
P,6625.0,0.01643835616438356,0.9921433733079841,18.299999999999997,27.8,19.879316107882854,20.421622677532753,-0.35877185654657234,-0.0,-0.0,-0.0,17.65847201786898,9.500000000000004,1.0-2.0%,0.98-1.00
C,6630.0,0.01643835616438356,0.9928921607595372,66.0,115.1,68.839638878085,100.40127679306015,0.6171803322334807,341.12005948151364,327.20316483458646,0.5466371853116542,35.06531924501078,36.6694704060131,1.0-2.0%,0.98-1.00
P,6630.0,0.01643835616438356,0.9928921607595372,19.299999999999997,28.75,21.29914043182655,20.288195368012357,-0.38281966776649956,-0.0,-0.0,-0.0,18.15531924501012,9.450000000000003,1.0-2.0%,0.98-1.00
C,6635.0,0.01643835616438356,0.9936409482110904,63.0,109.15,65.46609524812038,99.87602447857597,0.5910203387375357,321.4511782196796,308.9560802824881,0.5440706010781438,32.710197497108574,33.77783453148314,1.0-2.0%,0.98-1.00
P,6635.0,0.01643835616438356,0.9936409482110904,20.450000000000003,29.75,22.93383172007719,24.763762750794605,-0.40897966126241725,-0.0,-0.0,-0.0,18.600197497107274,9.299999999999997,1.0-2.0%,0.98-1.00
C,6640.0,0.01643835616438356,0.9943897356626437,60.0,79.8,61.98014977185387,97.00707293204863,0.5792438681360083,300.73426200106906,289.7514105087912,0.5413473916322677,6.6279944385872955,7.489760314282346,1.0-2.0%,0.98-1.00
P,6640.0,0.01643835616438356,0.9943897356626437,21.65,9.75,24.456121162025322,26.895630901535245,-0.4207561318639157,263.2719329186598,227.74855612418924,-0.45700833281955994,-2.332005561414647,-1.5076305116833062,1.0-2.0%,0.98-1.00
C,6645.0,0.01643835616438356,0.9951385231141968,54.0,75.4,58.53802507267263,92.05394213699338,0.5546016139543742,278.75121121739676,269.39001153619483,0.5384349761336003,8.788359298677657,9.155988642722054,1.0-2.0%,0.98-1.00
P,6645.0,0.01643835616438356,0.9951385231141968,22.9,10.35,26.02223138106062,26.94331980374396,-0.445398386045598,246.2888826068197,212.38715758181252,-0.4599207483182396,-2.421640701323197,-2.0914021832433303,1.0-2.0%,0.98-1.00
C,6650.0,0.01643835616438356,0.99588731056575,51.0,71.05000000000001,55.32953767426538,86.79063723543652,0.5278238980691821,255.1957577319463,247.59236209037545,0.5352876028301575,8.047284557906927,7.877559911642345,1.0-2.0%,0.98-1.00
P,6650.0,0.01643835616438356,0.99588731056575,24.25,11.1,27.82197890086851,26.680834599456706,-0.47217610193082626,227.7334279621732,195.5895070792394,-0.4630681216216443,-2.4127154420931145,-2.619830914323911,1.0-2.0%,0.98-1.00
C,6655.0,0.01643835616438356,0.9966360980173032,48.0,66.9,52.109427561596824,89.7744791434387,0.5090062718652424,229.61354270125958,223.94404832079545,0.5318374144660222,7.325197377784505,6.806017195042777,1.0-2.0%,0.98-1.00
P,6655.0,0.01643835616438356,0.9966360980173032,25.7,11.8,29.610103706416513,34.66549620472549,-0.49099372813473463,207.15121687549936,176.94119690449043,-0.4665183099859338,-2.7348026222162396,-3.2913736309199653,1.0-2.0%,0.98-1.00
C,6660.0,0.01643835616438356,0.9973848854688564,44.65,62.7,48.8612128791676,85.33645409564988,0.4886652467972399,201.2770614934998,197.78214917967807,0.5279757783333038,6.937752287830875,6.043830800700791,1.0-2.0%,0.98-1.00
P,6660.0,0.01643835616438356,0.9973848854688564,27.25,12.6,31.37012394220185,35.2282908541986,-0.5113347532027491,183.81473748605322,155.7792994191459,-0.47037994611878275,-3.0222477121695963,-3.9535600252589838,1.0-2.0%,0.98-1.00
C,6665.0,0.01643835616438356,0.9981336729204096,41.349999999999994,58.599999999999994,45.74575815167423,80.16539069517174,0.46191089534170665,168.87902413485608,167.91723448435278,0.5235075612229815,6.746146239929692,5.345438057789515,1.0-2.0%,0.98-1.00
P,6665.0,0.01643835616438356,0.9981336729204096,28.950000000000003,13.5,33.262904132923275,35.058047150990426,-0.5380891046582481,156.41669933936373,130.91438400360175,-0.4748481632291475,-3.213853760071558,-4.651952768169291,1.0-2.0%,0.98-1.00
C,6670.0,0.01643835616438356,0.9988824603719628,38.2,54.599999999999994,42.807023478655836,83.220963349758,0.43397233281198877,129.55674457356872,131.75220633614617,0.5180057471594913,6.531469151855461,4.620549309593272,1.0-2.0%,0.98-1.00
P,6670.0,0.01643835616438356,0.9988824603719628,30.65,14.5,35.33240437812134,43.114439502840604,-0.5660276671880056,122.09441596597753,99.7493523840867,-0.48034997729236384,-3.278530848144875,-5.226841516371749,1.0-2.0%,0.98-1.00
C,6675.0,0.01643835616438356,0.999631247823516,35.0,50.65,39.741570743915766,80.41932063175894,0.4201014137558966,73.39190102935709,80.36742572953563,0.5099938376691673,6.096893851191002,4.052740131403246,1.0-2.0%,0.98-1.00
P,6675.0,0.01643835616438356,0.999631247823516,32.55,15.6,37.275186561596364,45.313616482110085,-0.5798985862440968,70.92956947747871,53.36456911907453,-0.4883618867816207,-3.76310614880936,-5.844650694586049,1.0-2.0%,0.98-1.00
C,6680.0,0.01643835616438356,1.0003800352750691,32.05,46.85,36.730334817907064,75.5120517617342,0.39383486113445615,72.36367008877414,78.9071674556817,0.4992044737603888,5.844195257802557,3.4480902666888724,1.0-2.0%,1.00-1.02
P,6680.0,0.01643835616438356,1.0003800352750691,34.65,16.75,39.272185553803325,45.40716730935001,-0.6061651388654937,74.90133849732229,56.90431079716018,-0.4991512511126946,-4.115804742198804,-6.549300549697433,1.0-2.0%,1.00-1.02
C,6685.0,0.01643835616438356,1.0011288227266224,29.25,43.15,33.97660551064288,72.58867322312594,0.3655566590799039,122.96960725217559,124.57735799433249,0.499193330801704,5.587241572523062,2.548343657569358,1.0-2.0%,1.00-1.02
P,6685.0,0.01643835616438356,1.0011288227266224,36.85,18.05,41.52669116475436,47.48460846800592,-0.6344433409200455,130.50727534967973,107.57450103374458,-0.49916239411852187,-4.3727584274783045,-7.449047157744923,1.0-2.0%,1.00-1.02
C,6690.0,0.01643835616438356,1.0018776101781757,26.55,39.6,31.180047465790363,77.28953788810895,0.346590883507222,157.1838491802746,155.4971629705483,0.4991898616848272,5.168523309045848,1.6984225452871389,1.0-2.0%,1.00-1.02
P,6690.0,0.01643835616438356,1.0018776101781757,39.05,19.45,43.73836803811758,57.18629283025665,-0.6534091164927247,169.72152188433483,143.49431021894907,-0.4991658625471579,-4.741476690955581,-8.248968285677737,1.0-2.0%,1.00-1.02
C,6695.0,0.01643835616438356,1.0026263976297287,24.05,36.05,28.380327974926356,73.04502204454856,0.3242094091735296,184.58108324023397,180.24163413931728,0.4991880118601134,4.627478035394004,0.6484646103011258,1.0-2.0%,1.00-1.02
P,6695.0,0.01643835616438356,1.0026263976297287,42.0,20.95,45.946883465469114,57.94259668396308,-0.6757905908264551,202.11875470605355,173.2387802553808,-0.4991677125569067,-5.6825219646065595,-9.698926216456051,1.0-2.0%,1.00-1.02
C,6700.0,0.01643835616438356,1.003375185081282,21.65,32.7,25.731207314629337,67.9600716865978,0.2970740330485153,207.9681611967212,201.34607490057442,0.4991868178792604,4.2945364884768304,-0.301508238574268,1.0-2.0%,1.00-1.02
P,6700.0,0.01643835616438356,1.003375185081282,45.0,22.65,48.305997723386945,57.85846602327772,-0.7029259669514386,230.50582995376953,199.34321853699385,-0.4991689069426379,-6.365463511524441,-10.998899056124525,1.0-2.0%,1.00-1.02
C,6705.0,0.01643835616438356,1.0041239725328353,19.5,29.55,23.247090978840824,75.13415271047725,0.26987229948627567,228.6332853152453,219.9773880915286,0.49918596560142303,3.9131039096821505,-1.301488857776251,1.0-2.0%,1.00-1.02
P,6705.0,0.01643835616438356,1.0041239725328353,48.0,24.45,50.83011630581402,70.03336674442652,-0.7301277005137551,256.17095663843156,222.97453407710782,-0.49916975883691306,-6.94689609031737,-12.198879684048707,1.0-2.0%,1.00-1.02
C,6710.0,0.01643835616438356,1.0048727599843883,17.35,26.55,20.71738938589496,72.85785229893588,0.2539029731419569,247.29515245179437,236.78758002539917,0.4991853186943647,3.4262463907519543,-2.151474147109745,1.0-2.0%,1.00-1.02
P,6710.0,0.01643835616438356,1.0048727599843883,51.0,26.45,53.308649631084016,72.75788603014739,-0.7460970268580371,279.8328270187403,244.78472898150767,-0.49917040525908457,-7.583753609248401,-13.198864984408527,1.0-2.0%,1.00-1.02
C,6715.0,0.01643835616438356,1.0056215474359416,15.45,23.65,18.270388986105115,68.16769305072602,0.2283485778458494,0.0,0.0,0.0,3.0073533397854337,8.2,1.0-2.0%,1.00-1.02
P,6715.0,0.01643835616438356,1.0056215474359416,54.0,28.55,55.86988414950956,73.06854647920585,-0.7716514221541431,301.9409082699558,265.1819455085597,-0.4991709181948529,-7.902646660214955,-14.098853320249153,1.0-2.0%,1.00-1.02
C,6720.0,0.01643835616438356,1.0063703348874948,13.65,20.95,16.07356765306241,67.56039349947002,0.20149080475313108,0.0,0.0,0.0,2.718099099913842,7.299999999999999,1.0-2.0%,1.00-1.02
P,6720.0,0.01643835616438356,1.0063703348874948,57.0,30.8,58.681297734682545,77.46206662521381,-0.7985091952468129,322.79847889733037,284.4417537573081,-0.4991713375273475,-8.04190090008765,-14.848843784628226,1.0-2.0%,1.00-1.02
C,6725.0,0.01643835616438356,1.0071191223390479,12.05,18.4,13.917655626557776,73.43036598918508,0.1822977208535385,0.0,0.0,0.0,2.204549827790572,6.349999999999998,1.0-2.0%,1.00-1.02
P,6725.0,0.01643835616438356,1.0071191223390479,60.3,33.5,61.53362062639317,88.332858812196,-0.8177022791464008,342.6215976325143,302.76056239849913,-0.4991716890444193,-8.20545017221102,-15.448835791130012,1.0-2.0%,1.00-1.02
C,6730.0,0.01643835616438356,1.0078679097906011,10.5,16.05,11.835835796276937,69.51698322898305,0.16114539947379788,0.0,0.0,0.0,1.885553615965872,5.550000000000001,1.0-2.0%,1.00-1.02
P,6730.0,0.01643835616438356,1.0078679097906011,63.0,36.15,64.46003571432843,89.42029574925783,-0.8388546005262114,361.57063649867496,320.28420760425297,-0.49917198898816856,-7.774446384034135,-15.498828970409157,1.0-2.0%,1.00-1.02
C,6735.0,0.01643835616438356,1.0086166972421544,9.2,13.95,9.926416874989336,64.637603972055,0.13723700982698742,0.0,0.0,0.0,1.6292303965343362,4.75,1.0-2.0%,1.00-1.02
P,6735.0,0.01643835616438356,1.0086166972421544,66.0,39.0,67.55885171125631,89.54173618959628,-0.8627629901730003,379.7685026926515,337.1244854876345,-0.4991722488619138,-7.380769603466163,-15.64882306088019,1.0-2.0%,1.00-1.02
C,6740.0,0.01643835616438356,1.0093654846937075,8.0,12.05,8.211200786393023,72.66181586331794,0.11384879653782687,0.0,0.0,0.0,1.4610783667298426,4.050000000000001,1.0-2.0%,1.00-1.02
P,6740.0,0.01643835616438356,1.0093654846937075,72.0,42.05,70.8518705408748,102.56676777812504,-0.8861512034621908,397.3118502626785,353.36933011467545,-0.49917247691305416,-9.798921633269977,-18.59881787499726,1.0-2.0%,1.00-1.02
C,6745.0,0.01643835616438356,1.0101142721452607,6.949999999999999,10.3,6.581258683455008,70.70256551199721,0.09871623654019863,0.0,0.0,0.0,1.105192781075906,3.3500000000000014,1.0-2.0%,1.00-1.02
P,6745.0,0.01643835616438356,1.0101142721452607,75.0,45.3,74.23016335615283,105.60833712407192,-0.9012837634597637,414.27831146993367,369.08938109761993,-0.4991726796492757,-9.204807218925172,-18.348813264775583,1.0-2.0%,1.00-1.02
C,6750.0,0.01643835616438356,1.010863059596814,5.95,8.8,5.10671076082579,66.20917373297381,0.0789467487414431,0.0,0.0,0.0,1.0547509336196017,2.8500000000000005,1.0-2.0%,1.00-1.02
P,6750.0,0.01643835616438356,1.010863059596814,78.0,48.8,77.76385035173683,106.115765042316,-0.9210532512585093,430.7313712444775,384.34241240145,-0.49917285992599075,-8.255249066381701,-17.848809165283082,1.0-2.0%,1.00-1.02
C,6755.0,0.01643835616438356,1.011611847048367,5.05,7.4,3.868936526521324,64.32785383450943,0.060024274429989234,0.0,0.0,0.0,0.9850479994620585,2.3500000000000005,1.0-2.0%,1.00-1.02
P,6755.0,0.01643835616438356,1.011611847048367,84.0,52.35,81.5343110356491,109.2352648411171,-0.9399757255699855,446.7236969889382,399.17635825975685,-0.4991730234205114,-10.274952000538732,-20.298805447417678,1.0-2.0%,1.00-1.02
C,6760.0,0.01643835616438356,1.0123606344999203,4.35,6.15,2.7919562274535634,71.38765357328849,0.0456008837950606,0.0,0.0,0.0,0.7630359025003326,1.8000000000000007,1.0-2.0%,1.00-1.02
P,6760.0,0.01643835616438356,1.0123606344999203,87.0,56.099999999999994,85.46556565479725,121.2958842771616,-0.9543991162049157,462.29959276624277,413.63154452895924,-0.4991731714779107,-9.19696409750043,-19.548802080592424,1.0-2.0%,1.00-1.02
C,6625.0,0.019178082191780823,0.9920125463232827,75.0,118.35,77.27497350249432,113.01521386116983,0.613974592785207,363.21155706335367,351.825829982442,0.5495569295537838,29.38821776006452,30.85307542194707,1.0-2.0%,0.98-1.00
P,6625.0,0.019178082191780823,0.9920125463232827,21.8,27.8,23.851209083923436,27.149240951593335,-0.38602540721472933,-0.0,-0.0,-0.0,14.77821776006286,6.0,1.0-2.0%,0.98-1.00
C,6630.0,0.019178082191780823,0.9927612350374889,69.95,115.1,73.75657934899,107.90301662717552,0.5919479411305426,344.5733206060304,334.3153975240866,0.5471439124943438,31.68910381869158,32.70794742987873,1.0-2.0%,0.98-1.00
P,6630.0,0.019178082191780823,0.9927612350374889,22.9,28.75,25.340389447838476,27.037295813512113,-0.40805205886944773,-0.0,-0.0,-0.0,15.129103818691155,5.850000000000001,1.0-2.0%,0.98-1.00
C,6635.0,0.019178082191780823,0.9935099237516952,66.0,109.15,70.42787194970916,107.94080577912074,0.568152871793071,325.0735152289244,316.0063745448074,0.5446020529265952,30.230203695425697,30.765749316449348,1.0-2.0%,0.98-1.00
P,6635.0,0.019178082191780823,0.9935099237516952,24.1,29.75,27.019256565977116,32.07533706137379,-0.4318471282068981,281.7305607992098,248.50855155399586,-0.45388533505063283,15.470203695424766,15.97135251905129,1.0-2.0%,0.98-1.00
C,6640.0,0.019178082191780823,0.9942586124659014,63.0,83.85,66.99418534178967,105.31450525139185,0.5564581842029318,304.5582204654015,296.75615088545146,0.5419083288639044,8.196140891225447,8.527004601634927,1.0-2.0%,0.98-1.00
P,6640.0,0.019178082191780823,0.9942586124659014,25.25,13.0,28.59314447547768,34.44928862956518,-0.4435418157969884,266.21526506088185,234.25832699300645,-0.4565790591133361,-2.1638591087765793,-1.8673921957628359,1.0-2.0%,0.98-1.00
C,6645.0,0.019178082191780823,0.9950073011801077,60.75,79.6,63.60258550275707,100.42070329200052,0.5341428115444226,282.8213064771712,276.3738027823174,0.5390319080912405,6.703592465479941,6.592414410005304,1.0-2.0%,0.98-1.00
P,6645.0,0.019178082191780823,0.9950073011801077,26.55,13.7,30.20911915386637,34.55573876609054,-0.46585718845553487,249.47835073783108,218.87597858026265,-0.45945547988600616,-2.256407534521241,-2.401982387392321,1.0-2.0%,0.98-1.00
C,6650.0,0.019178082191780823,0.9957559898943139,57.0,75.5,60.41362546713898,95.18082286318013,0.5100701086132678,259.57565641879955,254.59350368111427,0.5359298423424114,6.9010057301344006,6.312955385133682,1.0-2.0%,0.98-1.00
P,6650.0,0.019178082191780823,0.9957559898943139,28.049999999999997,14.5,32.027733635667396,34.31611043318732,-0.48992989138673815,231.2326971050793,202.0956761739485,-0.4625575456349036,-2.408994269865678,-3.0314414122623905,1.0-2.0%,0.98-1.00
C,6655.0,0.019178082191780823,0.9965046786085202,46.05,71.30000000000001,57.2172918086102,98.7274025962156,0.49257465583286636,234.4000875565648,231.0255243752972,0.5325391228961218,14.048852326360741,13.14006034534232,1.0-2.0%,0.98-1.00
P,6655.0,0.019178082191780823,0.9965046786085202,29.549999999999997,15.4,33.83897449455874,42.86294226214129,-0.5074253441671321,211.05712879054363,183.5276973752375,-0.465948265081198,-2.611147673639522,-3.554336452053656,1.0-2.0%,0.98-1.00
C,6660.0,0.019178082191780823,0.9972533673227264,49.35,67.35,53.99108921981362,94.40456129661867,0.4738994137923828,206.63083679611054,205.05617864750684,0.5287604403492995,7.223527330361311,5.9759875864570375,1.0-2.0%,0.98-1.00
P,6660.0,0.019178082191780823,0.9972533673227264,31.15,16.35,35.62034642318183,43.54035305846089,-0.5261005862076155,188.28788454291498,162.55835766793916,-0.46972694762785683,-2.836472669638937,-4.118409210942636,1.0-2.0%,0.98-1.00
C,6665.0,0.019178082191780823,0.9980020560369327,46.05,63.3,50.88352849662443,89.29096371011043,0.45000830041576423,175.10457834423596,175.61130691849712,0.5244197081762876,7.01681124854562,5.324695836071335,1.0-2.0%,0.98-1.00
P,6665.0,0.019178082191780823,0.9980020560369327,32.75,17.4,37.52036021741222,43.427007567868635,-0.5499916995841964,161.76162339446728,138.11348344660564,-0.47406767980094566,-2.8431887514554965,-4.5697009613266,1.0-2.0%,0.98-1.00
C,6670.0,0.019178082191780823,0.9987507447511389,42.95,59.45,47.93334103923954,92.50093410943124,0.42517990057971555,137.38771853575236,140.44917532007457,0.5191526301026588,6.831409060817361,4.694469191465652,1.0-2.0%,0.98-1.00
P,6670.0,0.019178082191780823,0.9987507447511389,34.55,18.5,39.57774727744758,51.63723006310653,-0.5748200994202779,129.04476002960791,107.95134856657205,-0.4793347578747977,-2.978590939183004,-5.1499276059272034,1.0-2.0%,0.98-1.00
C,6675.0,0.019178082191780823,0.9994994334653452,39.85,55.599999999999994,44.86652593030134,89.8508312471909,0.41179681183682687,86.05612272727558,92.77344920578344,0.5118468895544313,6.385740498830639,4.110601731532338,1.0-2.0%,0.98-1.00
P,6675.0,0.019178082191780823,0.9994994334653452,36.55,19.65,41.51850668592924,53.98737929678291,-0.5882031881631772,82.71317216670832,65.27562976541003,-0.4866404984221073,-3.524259501169478,-5.833795065881384,1.0-2.0%,0.98-1.00
C,6680.0,0.019178082191780823,1.0002481221795514,36.85,51.900000000000006,41.85140010147522,85.05741271371932,0.3883914842104967,58.402101891129405,66.91326255747481,0.49922478895015276,6.217977649053394,3.6976282992736387,1.0-2.0%,1.00-1.02
P,6680.0,0.019178082191780823,1.0002481221795514,38.5,20.95,43.51095537452309,54.19421285922799,-0.6116085157894697,60.05914738884894,44.41543949480729,-0.49926259895397446,-3.6420223509475917,-6.19676849978673,1.0-2.0%,1.00-1.02
C,6685.0,0.019178082191780823,1.0009968108937577,34.0,48.25,39.055387329442084,82.10135180339093,0.36339390497794155,115.61768212903644,119.26532794800596,0.49923427573715884,5.9864226008016885,2.897412569737117,1.0-2.0%,1.00-1.02
P,6685.0,0.019178082191780823,1.0009968108937577,40.65,22.35,45.722517119910016,56.23840404481809,-0.6366060950220148,122.2747239431178,101.76750147984467,-0.49925311271812267,-3.82357739919952,-6.946984216789996,1.0-2.0%,1.00-1.02
C,6690.0,0.019178082191780823,1.001745499607964,31.25,44.599999999999994,36.22847653004854,86.49923281550659,0.3459463708561736,151.65605518124357,152.33918378747603,0.4992365763337868,5.483179526730683,1.9973602541697915,1.0-2.0%,1.00-1.02
P,6690.0,0.019178082191780823,1.001745499607964,43.0,23.75,47.90318083793709,65.63653715284809,-0.6540536291437848,163.31310549417776,139.8413651964388,-0.49925081085032746,-4.376820473270476,-7.897036561263663,1.0-2.0%,1.00-1.02
C,6695.0,0.019178082191780823,1.0024941883221703,28.65,41.2,33.392273149312835,82.4258224834593,0.32571946188811296,180.00056943056143,178.34477463803614,0.4992377389718856,5.143139436664387,1.1973338157794338,1.0-2.0%,1.00-1.02
P,6695.0,0.019178082191780823,1.0024941883221703,45.3,25.35,50.07455197462082,66.56337891671768,-0.6742805381118792,196.65761870213692,170.84695508379718,-0.49924964836802854,-4.616860563336012,-8.597062996111136,1.0-2.0%,1.00-1.02
C,6700.0,0.019178082191780823,1.0032428770363764,26.15,37.900000000000006,30.688968475525332,77.47916597831023,0.30168252133600776,203.99131834034097,200.3416065832621,0.4992384713837855,4.8897394648192565,0.3973171607328325,1.0-2.0%,1.00-1.02
P,6700.0,0.019178082191780823,1.0032428770363764,48.0,27.05,52.37882181825352,66.61697450748711,-0.698317478663964,225.648364227628,197.84378388862797,-0.49924891646223135,-5.07026053518161,-9.597079639648967,1.0-2.0%,1.00-1.02
C,6705.0,0.019178082191780823,1.0039915657505827,23.75,34.75,28.130198539373104,83.31285099334757,0.2776592202227271,225.08401754592842,219.66725917408166,0.49923898601348954,4.686029332135246,-0.3526945419466436,1.0-2.0%,1.00-1.02
P,6705.0,0.019178082191780823,1.0039915657505827,51.0,28.9,54.827626399521094,77.4509116184432,-0.722340779777315,251.7410577502569,222.16943120276892,-0.49924840268231013,-5.673970667864015,-10.747091323004378,1.0-2.0%,1.00-1.02
C,6710.0,0.019178082191780823,1.004740254464789,21.55,31.7,25.51957572090739,81.06491590095433,0.26267597264977677,244.06909342776135,237.0491555906251,0.49923937250961736,4.176748381944132,-1.2027033308685908,1.0-2.0%,1.00-1.02
P,6710.0,0.019178082191780823,1.004740254464789,54.0,30.85,57.224578098474915,80.20322862196701,-0.7373240273502149,275.7261417307245,244.55133513966348,-0.49924801497519516,-6.383251618056274,-11.79710013946417,1.0-2.0%,1.00-1.02
C,6715.0,0.019178082191780823,1.0054889431789953,18.4,28.8,22.98592329302401,76.56831153032851,0.2399002788632699,261.43256040629376,252.9350001751991,0.4992396777196216,4.944667658649297,-0.9527102713440829,1.0-2.0%,1.00-1.02
P,6715.0,0.019178082191780823,1.0054889431789953,57.0,32.95,59.698500188010826,80.70687634725802,-0.7600997211367105,298.08960660455296,265.43717776976564,-0.49924771007990576,-6.765332341351364,-12.69710707278305,1.0-2.0%,1.00-1.02
C,6720.0,0.019178082191780823,1.0062376318932014,17.5,26.05,20.664990680184186,75.47361190788315,0.21607168827792383,0.0,0.0,0.0,3.63652980856006,8.55,1.0-2.0%,1.00-1.02
P,6720.0,0.019178082191780823,1.0062376318932014,60.0,35.2,62.38514209259162,84.61242882072887,-0.7839283117220142,319.1555413204328,285.1256941024899,-0.499247462640502,-6.973470191441567,-13.44711269955509,1.0-2.0%,1.00-1.02
C,6725.0,0.019178082191780823,1.0069863206074077,15.7,23.45,18.373234063742803,80.28248887505877,0.19856745005877469,0.0,0.0,0.0,3.2345761856635074,7.75,1.0-2.0%,1.00-1.02
P,6725.0,0.019178082191780823,1.0069863206074077,63.0,37.75,65.10095999357037,94.42155788382271,-0.8014325499411614,339.15286424535225,303.82799100558304,-0.49924725564892536,-7.025423814338165,-13.897117406543547,1.0-2.0%,1.00-1.02
C,6730.0,0.019178082191780823,1.007735009321614,14.0,20.95,16.138857049623088,76.58586797995117,0.17930700024042562,0.0,0.0,0.0,2.87255881453276,6.949999999999999,1.0-2.0%,1.00-1.02
P,6730.0,0.019178082191780823,1.007735009321614,66.0,40.3,67.87415749687028,95.72518908463253,-0.820692999759577,358.250355357372,321.6997692584423,-0.4992470795556644,-7.037441185467401,-14.347121410904304,1.0-2.0%,1.00-1.02
C,6735.0,0.019178082191780823,1.0084836980358203,12.4,18.65,14.052073613705158,71.91853216053103,0.15762217550256985,0.0,0.0,0.0,2.6656717290715943,6.249999999999998,1.0-2.0%,1.00-1.02
P,6735.0,0.019178082191780823,1.0084836980358203,69.0,43.0,70.7949485783724,96.0581053611301,-0.8423778244974209,376.576699579045,338.85977269382283,-0.4992469267157108,-6.8443282709288304,-14.647124886484844,1.0-2.0%,1.00-1.02
C,6740.0,0.019178082191780823,1.0092323867500266,11.0,16.55,12.131084953687939,78.75126814044356,0.1363138955696648,0.0,0.0,0.0,2.4502220147458527,5.550000000000001,1.0-2.0%,1.00-1.02
P,6740.0,0.019178082191780823,1.0092323867500266,72.0,45.85,73.88153443577555,107.89109343695858,-0.8636861044303477,394.2326495270722,355.40098948284776,-0.49924679393534477,-6.5097779852540825,-14.797127905910367,1.0-2.0%,1.00-1.02
C,6745.0,0.019178082191780823,1.0099810754642327,9.65,14.5,10.265108256779524,76.93139354656739,0.12198650238144522,0.0,0.0,0.0,2.076026935845962,4.85,1.0-2.0%,1.00-1.02
P,6745.0,0.019178082191780823,1.0099810754642327,75.0,48.85,77.02313225628737,111.071470939,-0.8780134976185228,411.2988671879025,371.39787755183625,-0.4992466760380985,-6.1839730641549835,-14.797130586893747,1.0-2.0%,1.00-1.02
C,6750.0,0.019178082191780823,1.010729764178439,7.699999999999999,12.7,8.531573968189354,72.69783990648378,0.10327420019815581,0.0,0.0,0.0,2.6515446874939594,5.0,1.0-2.0%,1.00-1.02
P,6750.0,0.019178082191780823,1.010729764178439,78.75,52.0,80.29717248511484,111.83816939483364,-0.8967257998017938,427.84109479368954,386.9111303717368,-0.4992465705399288,-6.358455312507406,-15.397132985922127,1.0-2.0%,1.00-1.02
C,6755.0,0.019178082191780823,1.0114784528926453,7.4,11.05,6.998532144170956,70.7135830873862,0.08476290034759533,0.0,0.0,0.0,1.7224916460957012,3.6500000000000004,1.0-2.0%,1.00-1.02
P,6755.0,0.019178082191780823,1.0114784528926453,84.0,55.35,83.77170517851816,114.85416467165209,-0.9152370996523974,443.9137622438129,401.9910030518172,-0.49924647503620245,-7.837508353904681,-17.297135157676863,1.0-2.0%,1.00-1.02
C,6760.0,0.019178082191780823,1.0122271416068516,6.449999999999999,9.55,5.59583387376133,77.03788468660271,0.07022440422404184,0.0,0.0,0.0,1.5030970479453052,3.1000000000000014,1.0-2.0%,1.00-1.02
P,6760.0,0.019178082191780823,1.0122271416068516,86.25,58.85,87.37658142552803,126.17871836678499,-0.9297755957759404,459.562523467293,416.67965131590745,-0.49924638913766056,-6.2569029520553165,-16.047137111009704,1.0-2.0%,1.00-1.02
C,6625.0,0.021917808219178082,0.9918921142500328,78.0,118.35,83.03890687845985,121.47230037237168,0.5884137908181424,366.1483463045124,357.66135582180914,0.5500010738004346,26.969470396795565,27.842975581778234,2.0-3.0%,0.98-1.00
P,6625.0,0.021917808219178082,0.9918921142500328,25.45,27.8,28.809637355239012,34.785326430562286,-0.41158620918181416,-0.0,-0.0,-0.0,11.709470396794366,2.3500000000000014,2.0-3.0%,0.98-1.00
C,6630.0,0.021917808219178082,0.9926407120721082,75.0,115.1,79.63458255169967,116.4413180058299,0.5685946160573171,347.6352205453013,340.11614122939636,0.547607021254612,27.170158430856727,27.647416336670236,2.0-3.0%,0.98-1.00
P,6630.0,0.021917808219178082,0.9926407120721082,26.6,28.75,30.412279617518397,34.75397653651533,-0.4314053839426597,298.48140983198846,267.0874530365236,-0.45100159957098496,11.960158430855985,12.405776374244098,2.0-3.0%,0.98-1.00
C,6635.0,0.021917808219178082,0.9933893098941838,72.0,109.15,76.398315416336,116.62803738518731,0.5473735325648511,328.2814932706142,321.78357973070615,0.5450873035550172,24.70272586947541,24.754714717159032,2.0-3.0%,0.98-1.00
P,6635.0,0.021917808219178082,0.9933893098941838,27.85,29.75,32.182979071193614,39.940328388368975,-0.45262646743510493,284.12768054933076,253.75488966085004,-0.4535213172705702,12.192725869474186,12.213074754732666,2.0-3.0%,0.98-1.00
C,6640.0,0.021917808219178082,0.9941379077162593,69.0,88.15,73.0768153476162,114.12913445940355,0.5359847135308539,307.939811467666,302.52571446523825,0.542419894545921,6.961707614308505,6.81537159802588,2.0-3.0%,0.98-1.00
P,6640.0,0.021917808219178082,0.9941379077162593,29.2,16.45,33.86844559151172,42.44105793508067,-0.4640152864690754,268.78599677853936,239.49702255608236,-0.456188726279655,-2.1982923856933265,-2.376268364400744,2.0-3.0%,0.98-1.00
C,6645.0,0.021917808219178082,0.9948865055383348,63.0,84.05000000000001,69.79748966156093,109.33895735639688,0.5161797563961136,286.4139042145498,282.1588430824431,0.5395754575890126,9.3120723395525,8.780054094425983,2.0-3.0%,0.98-1.00
P,6645.0,0.021917808219178082,0.9948865055383348,30.45,17.3,35.59608649449591,42.6505133045717,-0.48382024360386666,252.26009234716412,224.13015381006744,-0.4590331632365884,-2.147927660448177,-2.7115858680000784,2.0-3.0%,0.98-1.00
C,6650.0,0.021917808219178082,0.9956351033604103,60.0,80.0,66.69613915349804,104.18440613343363,0.49502416124079685,263.4323223983247,260.42899600769624,0.5365134165332006,8.743150573384387,7.799684908035134,2.0-3.0%,0.98-1.00
P,6650.0,0.021917808219178082,0.9956351033604103,31.950000000000003,18.25,37.5017025754719,42.495594554104024,-0.5049758387592158,234.27850132779122,207.40029813561887,-0.4620952042923164,-2.2168494266155463,-3.19195505439283,2.0-3.0%,0.98-1.00
C,6655.0,0.021917808219178082,0.9963837011824858,57.55,75.95,63.60020759513241,107.564951921791,0.4791530272505952,238.60054394413146,236.96724788376196,0.5331748058822724,7.5040601603215755,6.275604914237247,2.0-3.0%,0.98-1.00
P,6655.0,0.021917808219178082,0.9963837011824858,33.45,19.25,39.412737606145626,50.87577281495933,-0.5208469727493941,214.44672322261476,188.93855033853833,-0.4654338149432386,-2.3559398396788946,-3.6160350481908594,2.0-3.0%,0.98-1.00
C,6660.0,0.021917808219178082,0.9971322990045612,54.15,72.05000000000001,60.48023082673119,103.32575691583175,0.46241030714656733,211.30504302289546,211.2003068561903,0.5294679303587172,7.384789615487172,5.8598992636429,2.0-3.0%,0.98-1.00
P,6660.0,0.021917808219178082,0.9971322990045612,35.099999999999994,20.25,41.299727426784244,51.636210281497036,-0.5375896928534166,192.15122752998423,168.17161419551076,-0.46914069046685714,-2.6252103845134176,-4.181740698783765,2.0-3.0%,0.98-1.00
C,6665.0,0.021917808219178082,0.9978808968266367,43.6,68.15,57.473919234025985,98.29989032225696,0.4417085856043937,180.4922105513392,182.1447948419468,0.525235336452821,14.505546763356188,12.606148449062971,2.0-3.0%,0.98-1.00
P,6665.0,0.021917808219178082,0.9978808968266367,36.9,21.35,43.30038242311728,51.60997616041883,-0.5582914143955674,166.3383944905554,144.11610165089178,-0.4733732843727449,-2.8544532366449165,-4.785491513363882,2.0-3.0%,0.98-1.00
C,6670.0,0.021917808219178082,0.9986294946487123,40.5,64.4,54.60646642330086,101.02639373580931,0.42033492873131706,144.03600728074434,147.82043275108617,0.5201593556794586,14.341583720649947,12.071576251849232,2.0-3.0%,0.98-1.00
P,6670.0,0.021917808219178082,0.9986294946487123,38.7,22.55,45.43989620143147,59.336112046468045,-0.579665071268676,134.88219671055322,114.79174468107021,-0.4784492651462783,-2.9684162793504374,-5.270063710573739,2.0-3.0%,0.98-1.00
C,6675.0,0.021917808219178082,0.9993780924707878,44.65,60.7,51.652985487707156,98.29369414042917,0.40791116083137474,96.0032643030795,102.72766069039335,0.5133538087458857,6.7741002026946315,4.376334389118677,2.0-3.0%,0.98-1.00
P,6675.0,0.021917808219178082,0.9993780924707878,40.65,23.85,47.49338185487699,61.60304492358704,-0.5920888391686188,91.84944964230954,74.69896880100487,-0.48525481207977567,-3.3358997973057356,-5.765305573306005,2.0-3.0%,0.98-1.00
C,6680.0,0.021917808219178082,1.0001266902928632,41.65,57.05,48.757335151041566,93.54492869670845,0.38785548526968305,42.08955320402174,52.405804316596004,0.49931857754722836,6.58016626496749,4.045495546576134,2.0-3.0%,1.00-1.02
P,6680.0,0.021917808219178082,1.0001266902928632,42.5,25.2,49.60469810725042,61.85391195236175,-0.6121445147302749,42.935737283738035,29.377111254041665,-0.49929004325943976,-3.3798337350336833,-5.946144416280449,2.0-3.0%,1.00-1.02
C,6685.0,0.021917808219178082,1.0008752881149388,38.75,53.4,46.04868316493967,90.43530049387194,0.3666447254347825,108.64037973081076,113.78426471985995,0.49930974972578984,6.312498943613125,3.2956962912356467,2.0-3.0%,1.00-1.02
P,6685.0,0.021917808219178082,1.0008752881149388,45.0,26.65,51.90301271018723,63.7439162220192,-0.6333552745651696,114.48656781768022,95.75557540725003,-0.499298870481923,-3.947501056388182,-6.995943685241182,2.0-3.0%,1.00-1.02
C,6690.0,0.021917808219178082,1.0016238859370143,36.0,49.85,43.3295206150975,93.98018142749208,0.35135961610347954,146.55965191083033,148.9745953572242,0.49930830560097034,5.8600823298069535,2.495729130634045,2.0-3.0%,1.00-1.02
P,6690.0,0.021917808219178082,1.0016238859370143,46.8,28.15,54.19081674938492,72.28842962813695,-0.6486403838964895,157.40583187469156,135.94589844166148,-0.49930031582091694,-3.89991767019397,-7.295910818232457,2.0-3.0%,1.00-1.02
C,6695.0,0.021917808219178082,1.0023724837590897,33.3,46.5,40.60875827344867,89.81633027232465,0.3339896830075371,175.82772043723344,176.13649062664672,0.49930761658413625,5.605074608408682,1.8457447988768543,2.0-3.0%,1.00-1.02
P,6695.0,0.021917808219178082,1.0023724837590897,48.0,29.8,56.47702099677445,73.12421094546593,-0.6660103169924547,191.67389968034786,168.10779303271966,-0.4993010049455309,-3.054925391591725,-6.8458951475387355,2.0-3.0%,1.00-1.02
C,6700.0,0.021917808219178082,1.0031210815811653,30.75,43.25,38.01753047362864,84.84040475396331,0.3139139711272164,200.3925290416487,198.922649196586,0.499307192895952,5.361596296567167,1.145754433546161,2.0-3.0%,1.00-1.02
P,6700.0,0.021917808219178082,1.0031210815811653,51.55,31.55,58.89275978599371,73.14791789959935,-0.6860860288727489,221.23871792426326,195.89396064182847,-0.4993014271926538,-4.398403703433836,-8.645885545639159,2.0-3.0%,1.00-1.02
C,6705.0,0.021917808219178082,1.0038696794032407,28.3,40.099999999999994,35.549949513086396,89.5358059389689,0.2939066208263497,221.88609519642478,218.84823281274248,0.4993069002172524,5.116563442408865,0.44576108905978273,2.0-3.0%,1.00-1.02
P,6705.0,0.021917808219178082,1.0038696794032407,54.0,33.400000000000006,61.43214541449029,82.84295155710434,-0.706093379173681,247.73227601476356,220.81953669393852,-0.4993017210769513,-4.543436557590642,-9.24587886271023,2.0-3.0%,1.00-1.02
C,6710.0,0.021917808219178082,1.0046182772253163,25.95,37.05,33.03687860440977,86.90272287839278,0.28091714322642886,241.17140912821287,236.71576702113634,0.4993066810162124,4.711944163031067,-0.25423392630856334,2.0-3.0%,1.00-1.02
P,6710.0,0.021917808219178082,1.0046182772253163,57.0,35.35,63.92604109485232,85.20950096902266,-0.7190828567735508,272.0175926456386,243.6870734342774,-0.4993019398744781,-5.29805583696961,-10.295873887254476,2.0-3.0%,1.00-1.02
C,6715.0,0.021917808219178082,1.0053668750473916,23.75,34.15,30.61127176940076,82.23368254635803,0.2621947066550637,258.7705681027214,253.0112497723976,0.49930650994967185,4.437692370663907,-0.9542300362554297,2.0-3.0%,1.00-1.02
P,6715.0,0.021917808219178082,1.0053668750473916,60.0,37.400000000000006,66.50740084888258,85.54009310948702,-0.7378052933449192,294.61675619682546,264.9825604799612,-0.4993021102567906,-5.8223076293366915,-11.245870012760685,2.0-3.0%,1.00-1.02
C,6720.0,0.021917808219178082,1.0061154728694672,21.700000000000003,31.35,28.361246017303564,80.66333937070495,0.24267407411846564,275.02788924802417,268.05540216253394,0.4993063713689028,4.131591554546143,-1.704226884928742,2.0-3.0%,1.00-1.02
P,6720.0,0.021917808219178082,1.0061154728694672,63.0,39.599999999999994,69.26434168582463,88.96938240632915,-0.7573259258814758,315.87407663427075,285.02671220614457,-0.4993022489433834,-6.1784084454554105,-12.045866859027576,2.0-3.0%,1.00-1.02
C,6725.0,0.021917808219178082,1.0068640706915428,19.7,28.65,26.129804677827778,84.45382989904925,0.2281796416365209,0.0,0.0,0.0,3.7611949491855636,8.95,2.0-3.0%,1.00-1.02
P,6725.0,0.021917808219178082,1.0068640706915428,66.0,41.95,72.03986693538825,97.75950540717257,-0.7718203583634293,336.0308023643579,304.04434934722485,-0.4993023649751689,-6.498805050815783,-12.695864220464765,2.0-3.0%,1.00-1.02
C,6730.0,0.021917808219178082,1.0076126685136182,17.85,26.15,23.94324111183784,80.45129287301799,0.21237150500927235,0.0,0.0,0.0,3.47067197608919,8.299999999999997,2.0-3.0%,1.00-1.02
P,6730.0,0.021917808219178082,1.0076126685136182,69.0,44.4,74.86026995843687,98.75660085363555,-0.7876284949907328,355.26373689562524,322.20029321052743,-0.4993024627630872,-6.68932802391091,-13.245861996767507,2.0-3.0%,1.00-1.02
C,6735.0,0.021917808219178082,1.0083612663356938,15.15,23.7,21.89863567160039,75.55932235513231,0.19486948588179484,0.0,0.0,0.0,4.118667891048027,8.549999999999999,2.0-3.0%,1.00-1.02
P,6735.0,0.021917808219178082,1.0083612663356938,72.0,47.15,77.82263110723858,98.86426280824568,-0.8051305141181928,373.7070164489601,339.61962247850533,-0.49930254628265314,-6.541332108952474,-13.495860097532578,2.0-3.0%,1.00-1.02
C,6740.0,0.021917808219178082,1.0091098641577692,14.55,21.45,19.973978508444254,81.49650531678488,0.17744497457147745,0.0,0.0,0.0,2.8649012782446404,6.899999999999999,2.0-3.0%,1.00-1.02
P,6740.0,0.021917808219178082,1.0091098641577692,75.0,49.9,80.90494053312106,109.80107824239423,-0.8225550254285086,391.46525075149566,356.3999031801559,-0.4993026207948494,-6.395098721755897,-13.745858403125235,2.0-3.0%,1.00-1.02
C,6745.0,0.021917808219178082,1.0098584619798447,13.05,19.3,18.059441194537616,79.29594182809129,0.16577215166965445,0.0,0.0,0.0,2.480341271032094,6.25,2.0-3.0%,1.00-1.02
P,6745.0,0.021917808219178082,1.0098584619798447,78.0,52.7,83.99736980825462,112.60014722619974,-0.8342278483303157,408.62193295804445,372.61901959367833,-0.4993026852040896,-6.329658728968798,-13.945856938459109,2.0-3.0%,1.00-1.02
C,6750.0,0.021917808219178082,1.0106070598019201,11.6,17.3,16.271504228604435,74.83013590648952,0.15051172861268497,0.0,0.0,0.0,2.277363291347578,5.700000000000001,2.0-3.0%,1.00-1.02
P,6750.0,0.021917808219178082,1.0106070598019201,84.0,55.7,87.21639943135898,113.13397377709582,-0.849488271387272,425.2449055229563,388.3402648301303,-0.49930274341467923,-8.982636708653619,-16.9458556147503,2.0-3.0%,1.00-1.02
C,6755.0,0.021917808219178082,1.0113556576239957,10.35,15.4,14.63564284143343,72.55940948173718,0.13501192338841927,0.0,0.0,0.0,1.979828862147376,5.050000000000001,2.0-3.0%,1.00-1.02
P,6755.0,0.021917808219178082,1.0113556576239957,87.0,58.849999999999994,90.58750463322686,115.86287982484079,-0.8649880766115347,441.39022416080934,403.61594134873667,-0.4993027954981874,-8.480171137853898,-16.795854430371335,2.0-3.0%,1.00-1.02
C,6760.0,0.021917808219178082,1.0121042554460713,9.15,13.7,13.057301432465517,78.37188159032121,0.12272846545760939,0.0,0.0,0.0,1.7591546954939883,4.549999999999999,2.0-3.0%,1.00-1.02
P,6760.0,0.021917808219178082,1.0121042554460713,90.0,62.15,94.01612981329951,126.67498440592065,-0.8772715345423727,457.10480971720744,418.4898321040305,-0.4993028434328844,-7.900845304506639,-16.495853340336318,2.0-3.0%,1.00-1.02
C,6625.0,0.024657534246575342,0.991804936596554,84.0,118.35,88.03640316302162,129.20270843699186,0.5756856640914271,368.32733774207145,362.12329172115096,0.5503208924877541,21.25890799856107,21.835702904828587,2.0-3.0%,0.98-1.00
P,6625.0,0.024657534246575342,0.991804936596554,29.0,27.8,33.224049391612525,41.99781167988465,-0.42431433590853807,313.58644367182706,283.7005220781248,-0.44837550402133597,8.448907998560063,8.996058961445083,2.0-3.0%,0.98-1.00
C,6630.0,0.024657534246575342,0.992553468624174,81.0,115.1,84.75925393902708,124.18179808146995,0.5579085062685201,349.9062001637503,344.5486866918459,0.5479402934228876,21.41316056745397,21.63983772756365,2.0-3.0%,0.98-1.00
P,6630.0,0.024657534246575342,0.992553468624174,30.2,28.75,34.9534266930735,41.97614291171636,-0.44209149373147505,300.165300643715,271.12591191416004,-0.4507561030862689,8.603160567453648,8.800193784181657,2.0-3.0%,0.98-1.00
C,6635.0,0.024657534246575342,0.9933020006517941,75.0,109.15,81.6410622762419,124.34178734713542,0.5389617086778165,330.6596296529574,326.19473996028955,0.5454362487259182,21.894010744666577,21.746779703972745,2.0-3.0%,0.98-1.00
P,6635.0,0.024657534246575342,0.9933020006517941,31.5,29.75,36.84176155574367,47.13537376473677,-0.46103829132215896,285.9187346863787,257.7719694723155,-0.45326014778316825,8.734010744665794,8.557135760589148,2.0-3.0%,0.98-1.00
C,6640.0,0.024657534246575342,0.9940505326794141,72.0,92.6,78.45895472472316,121.82091047356982,0.5284730747112663,310.44495132022803,306.9268062851388,0.5427874158546787,8.582522281065915,8.257014163464719,2.0-3.0%,0.98-1.00
P,6640.0,0.024657534246575342,0.9940505326794141,32.900000000000006,20.1,38.66618052968045,49.61373847851959,-0.47152692528866774,270.7040507302959,243.50403049951137,-0.45590898065449365,-2.0774777189358034,-2.432629779916919,2.0-3.0%,0.98-1.00
C,6645.0,0.024657534246575342,0.9947990647070342,69.0,89.2,75.32457105331581,117.02915455114753,0.5109058659587802,289.0728623632822,286.5662856703284,0.539965478067267,8.582000608097452,7.921185028750468,2.0-3.0%,0.98-1.00
P,6645.0,0.024657534246575342,0.9947990647070342,34.3,21.05,40.53832338372911,49.821224143452696,-0.4890941340411963,254.3319564136268,228.14350483615135,-0.4587309184420111,-2.1279993919033,-2.8184589146287653,2.0-3.0%,0.98-1.00
C,6650.0,0.024657534246575342,0.9955475967346542,65.6,84.4,72.36227388755266,111.87014412371259,0.4923023765091183,266.28286669237286,264.86749819901934,0.5369314630886763,7.605043958182769,6.590178529363628,2.0-3.0%,0.98-1.00
P,6650.0,0.024657534246575342,0.9955475967346542,35.8,22.05,42.58255274342161,49.66145530337412,-0.5076976234908991,236.54196678614198,211.44472305740192,-0.46176493342048275,-2.204956041817063,-3.249465414018319,2.0-3.0%,0.98-1.00
C,6655.0,0.024657534246575342,0.9962961287622742,55.2,81.3,69.41644522134413,115.0138923662414,0.47824067494022426,241.69892244883658,241.47596274793523,0.533629107999587,15.224807051859399,13.965274084089502,2.0-3.0%,0.98-1.00
P,6655.0,0.024657534246575342,0.9962961287622742,37.35,23.200000000000003,44.64325060266946,57.80444513325149,-0.521759325059757,216.95801777372753,193.0531831154458,-0.46506728850970164,-2.2851929481412387,-3.574369859289485,2.0-3.0%,0.98-1.00
C,6660.0,0.024657534246575342,0.9970446607898943,57.7,77.3,66.46148294267694,110.73767874094878,0.46347552053206775,214.7417141374367,215.84595752567384,0.5299717246806364,9.060566663100875,7.54844298076244,2.0-3.0%,0.98-1.00
P,6660.0,0.024657534246575342,0.9970446607898943,39.05,24.25,46.69481484945692,58.52747309531365,-0.536524479467922,195.00081842213967,172.42318632959177,-0.4687246718283753,-2.5994333368995672,-4.141200962622845,2.0-3.0%,0.98-1.00
C,6665.0,0.024657534246575342,0.9977931928175143,54.0,73.4,63.62684277077796,105.69182386883658,0.4455644400789397,184.43051752373594,187.05460637522128,0.5258125253829806,9.267864632605015,7.443023172791142,2.0-3.0%,0.98-1.00
P,6665.0,0.024657534246575342,0.9977931928175143,40.75,25.45,48.86670120301346,58.48085981055533,-0.5544355599210182,169.68962230511715,148.63183564486917,-0.47288387112595587,-2.692135367396167,-4.546620770595867,2.0-3.0%,0.98-1.00
C,6670.0,0.024657534246575342,0.9985417248451344,51.35,69.0,60.921851973814015,108.07413519000838,0.4271297558057149,148.83449364913486,153.28827824701057,0.5208624149505522,7.937069352978135,5.805588684024556,2.0-3.0%,0.98-1.00
P,6670.0,0.024657534246575342,0.9985417248451344,42.55,26.65,51.16823693150558,65.86241271907954,-0.5728702441942749,139.09359266422825,119.86550209064717,-0.4778339815586685,-2.8729306470223115,-5.034055259355981,2.0-3.0%,0.98-1.00
C,6675.0,0.024657534246575342,0.9992902568727544,48.65,65.4,58.163446138552054,105.20908557823613,0.41633976864712946,102.86110019907028,109.78321032315944,0.5143583005970129,7.282433660964374,5.053492244424046,2.0-3.0%,0.98-1.00
P,6675.0,0.024657534246575342,0.9992902568727544,44.400000000000006,27.95,53.416357621698836,67.99660469465998,-0.583660231352857,98.12019875360374,81.360433736696,-0.4843380959123317,-3.177566339036165,-5.43615169895369,2.0-3.0%,0.98-1.00
C,6680.0,0.024657534246575342,1.0000387889003746,46.15,61.8,55.47360368960531,100.40818760805861,0.39921683101546807,22.9263414087618,35.4616987715217,0.49928546226477805,6.571809262708342,4.296248588099054,2.0-3.0%,1.00-1.02
P,6680.0,0.024657534246575342,1.0000387889003746,46.4,29.4,55.73304169820732,68.19494831183694,-0.6007831689844877,23.18544664890942,12.038928039775328,-0.4994109334168768,-3.338190737292882,-5.643395374100331,2.0-3.0%,1.00-1.02
C,6685.0,0.024657534246575342,1.0007873209279945,43.15,58.15,52.96164848710679,97.15445122440308,0.3812556092163816,103.05876667137,109.28334981730404,0.4993345051375458,6.330247446419566,3.6451333531723176,2.0-3.0%,1.00-1.02
P,6685.0,0.024657534246575342,1.0007873209279945,47.9,31.049999999999997,58.22761302116445,69.94045351553272,-0.6187443907835806,108.31787181930986,90.86057943744481,-0.4993618905719937,-2.779752553581515,-5.494510608392973,2.0-3.0%,1.00-1.02
C,6690.0,0.024657534246575342,1.0015358529556146,40.400000000000006,54.75,50.451814614584144,100.21763896966144,0.36841580577287847,142.59225268231694,146.2827168956478,0.4993383975006095,5.972224576724818,2.9950448408362433,2.0-3.0%,1.00-1.02
P,6690.0,0.024657534246575342,1.0015358529556146,50.6,32.45,60.72430567409789,78.00288284814292,-0.6315841942270873,152.85134715584127,132.8599364481538,-0.499357999805922,-3.7877754232761696,-6.794599084413441,2.0-3.0%,1.00-1.02
C,6695.0,0.024657534246575342,1.0022843849832346,37.6,51.400000000000006,47.954386465711146,95.94605222634542,0.3538065837505072,172.6111203804844,174.38449557003514,0.49934016096968714,5.754438285513547,2.445004739549427,2.0-3.0%,1.00-1.02
P,6695.0,0.024657534246575342,1.0022843849832346,53.35,34.099999999999994,63.23340405068047,78.73053769218212,-0.6461934162494831,187.87022341338752,165.96172320647065,-0.49935623505662263,-4.5555617144869025,-7.894639214812518,2.0-3.0%,1.00-1.02
C,6700.0,0.024657534246575342,1.0030329170108547,35.05,48.35,45.593285126075244,90.89287312487853,0.33713552220474313,197.63216367659288,197.79953759487216,0.4993412220741343,5.633538225064219,1.9449806100342997,2.0-3.0%,1.00-1.02
P,6700.0,0.024657534246575342,1.0030329170108547,54.0,35.85,65.87882923650008,78.67660017807117,-0.6628644777952318,217.89126299813006,194.37676172428792,-0.499355174507227,-3.076461774936572,-6.794663331705765,2.0-3.0%,1.00-1.02
C,6705.0,0.024657534246575342,1.0037814490384747,32.5,45.150000000000006,43.343050564259535,94.99904411255874,0.32056655421530333,219.44031504306258,218.1980934524372,0.4993419504130607,5.360316557144078,1.294964047607115,2.0-3.0%,1.00-1.02
P,6705.0,0.024657534246575342,1.0037814490384747,56.35,37.95,68.63512120013968,87.78201275310131,-0.6794334457847337,244.69941060706378,219.775314029127,-0.49935444673019275,-2.949683442855301,-7.044679881355524,2.0-3.0%,1.00-1.02
C,6710.0,0.024657534246575342,1.0045299810660948,30.1,42.55,41.05624237621626,92.14853051210866,0.3100925446918265,238.95934991287095,236.44607820014198,0.4993424882827671,5.398495533707929,1.0949518164499796,2.0-3.0%,1.00-1.02
P,6710.0,0.024657534246575342,1.0045299810660948,60.0,39.7,71.35483953755107,89.93074074000764,-0.6899074553081436,269.21845325053073,243.02330612706646,-0.4993539076980427,-4.611504466292963,-8.944692138946614,2.0-3.0%,1.00-1.02
C,6715.0,0.024657534246575342,1.0052785130937147,27.85,39.15,38.85619236866724,87.36077573928112,0.29471146173506313,256.7409603064775,253.0611539960296,0.49934290786977875,4.5982613601447255,-0.055057724958663457,2.0-3.0%,1.00-1.02
P,6715.0,0.024657534246575342,1.0052785130937147,63.0,41.95,74.16131605545833,90.14222755453058,-0.7052885382649356,292.0000590484592,264.6383775771319,-0.4993534887982369,-5.0117386398555155,-9.6947016647282,2.0-3.0%,1.00-1.02
C,6720.0,0.024657534246575342,1.006027045121335,25.65,36.2,36.81898602225233,85.5021731545002,0.27872623147226633,273.1458180659042,268.3819719754183,0.4993432463983935,4.211765496320729,-0.8050654230993555,2.0-3.0%,1.00-1.02
P,6720.0,0.024657534246575342,1.006027045121335,66.0,44.1,77.13063623449902,93.28286655710579,-0.7212737685276793,313.40492245980795,284.95920090195386,-0.4993531494244978,-5.498234503680727,-10.544709382087028,2.0-3.0%,1.00-1.02
C,6725.0,0.024657534246575342,1.0067755771489548,23.55,33.5,34.79151322188639,88.73234315487164,0.26724139702687993,288.425045647577,282.64443398512367,0.49934352679664834,3.872930631608808,-1.4050717993556745,2.0-3.0%,1.00-1.02
P,6725.0,0.024657534246575342,1.0067755771489548,67.19999999999999,46.4,80.10968995958886,101.51227814482941,-0.7327586029730695,333.68414633481234,304.22165940599143,-0.4993528695804961,-4.137069368392549,-9.444715745739618,2.0-3.0%,1.00-1.02
C,6730.0,0.024657534246575342,1.007524109176575,21.6,31.049999999999997,32.790996224927426,84.55018686205477,0.25444439030478216,0.0,0.0,0.0,3.6639345644693044,9.449999999999996,2.0-3.0%,1.00-1.02
P,6730.0,0.024657534246575342,1.007524109176575,72.0,49.3,83.11569948808503,102.32936343936626,-0.7455556096952244,353.0209068107315,322.59788720982306,-0.49935263125261997,-5.746065435530763,-11.344721165315534,2.0-3.0%,1.00-1.02
C,6735.0,0.024657534246575342,1.008272641204195,19.75,28.4,30.925725681537266,79.51246581216385,0.24018201377899417,0.0,0.0,0.0,3.1882610066657238,8.649999999999999,2.0-3.0%,1.00-1.02
P,6735.0,0.024657534246575342,1.008272641204195,75.0,51.3,86.25695547014978,102.29088397682874,-0.7598179862210006,371.5536277330302,340.2179984022587,-0.499352427282627,-6.421738993334614,-12.344725803593173,2.0-3.0%,1.00-1.02
C,6740.0,0.024657534246575342,1.009021173231815,18.05,26.15,29.159158910836695,84.81512620194373,0.2259131835112447,0.0,0.0,0.0,2.9627342069543428,8.099999999999998,2.0-3.0%,1.00-1.02
P,6740.0,0.024657534246575342,1.009021173231815,78.0,54.5,89.49691522490517,112.59278595396064,-0.774086816488765,389.3899851836172,357.18322646831894,-0.4993522481859132,-5.897265793045655,-12.144729876252443,2.0-3.0%,1.00-1.02
C,6745.0,0.024657534246575342,1.009769705259435,16.4,23.950000000000003,27.374988467337793,82.33305107176372,0.21699747294732788,0.0,0.0,0.0,2.6154774651778157,7.550000000000004,2.0-3.0%,1.00-1.02
P,6745.0,0.024657534246575342,1.009769705259435,81.0,57.400000000000006,92.71927130686278,115.10995241113453,-0.7830025270526471,406.6156413329977,373.5741213681904,-0.49935209135127806,-5.7945225348229705,-12.24473344267204,2.0-3.0%,1.00-1.02
C,6750.0,0.024657534246575342,1.0105182372870551,14.9,21.65,25.685939735412724,77.67951705308431,0.20432393654996975,0.0,0.0,0.0,2.1036736828537306,6.749999999999998,2.0-3.0%,1.00-1.02
P,6750.0,0.024657534246575342,1.0105182372870551,84.0,60.2,96.0367491003917,115.45565997980837,-0.7956760634499865,423.30012228535816,389.45606892335854,-0.4993519501251788,-5.706326317147479,-12.444736654153541,2.0-3.0%,1.00-1.02
C,6755.0,0.024657534246575342,1.011266769314675,12.55,19.65,24.128843677707952,75.13920369477877,0.19127892412909156,0.0,0.0,0.0,2.7503172653044974,7.099999999999998,2.0-3.0%,1.00-1.02
P,6755.0,0.024657534246575342,1.011266769314675,90.0,63.2,99.4861795681427,117.91458820885579,-0.8087210758708924,439.5007203998384,404.8829554372933,-0.49935182398993405,-8.40968273469608,-15.444739522469005,2.0-3.0%,1.00-1.02
C,6760.0,0.024657534246575342,1.0120153013422952,11.9,17.95,22.598401665530044,80.41150346234485,0.1813796210918995,0.0,0.0,0.0,1.925427416370244,6.049999999999999,2.0-3.0%,1.00-1.02
P,6760.0,0.024657534246575342,1.0120153013422952,93.0,66.6,102.96226408142105,128.18612956377203,-0.8186203789080557,455.26534550242104,419.89984657867035,-0.49935171065156936,-7.784572583630997,-15.044742099783427,2.0-3.0%,1.00-1.02
C,6625.0,0.0273972602739726,0.9914329028471681,89.19999999999999,118.35,93.8820268304537,136.55406765629735,0.5757099479470876,377.33289250315784,372.56081405117266,0.5516703764391356,16.05835578368336,16.60501563977418,2.0-3.0%,0.98-1.00
P,6625.0,0.0273972602739726,0.9914329028471681,32.7,27.8,36.581340207624784,46.598317085253925,-0.42429005205286663,320.08543309265315,291.9713711318541,-0.44740077943479595,4.748355783682092,5.273893724347159,2.0-3.0%,0.98-1.00
C,6630.0,0.0273972602739726,0.9921811540946,85.4,115.1,90.7285566066977,131.5062634376077,0.5596430697828562,359.27842523812205,355.2431644657013,0.5493447539349838,16.97371659313796,17.207900295518577,2.0-3.0%,0.98-1.00
P,6630.0,0.0273972602739726,0.9921811540946,33.65,28.75,38.4325185222678,46.547678337831925,-0.44035693021711975,307.03096176379086,279.65371769345893,-0.44972640193896146,5.113716593137209,5.326778380091888,2.0-3.0%,0.98-1.00
C,6635.0,0.0273972602739726,0.9929294053420318,81.55,109.15,87.72770165877758,131.57173495827436,0.5425495019881698,340.4570603874495,337.196854761185,0.5469044636212528,15.262424324789146,15.16339249725284,2.0-3.0%,0.98-1.00
P,6635.0,0.0273972602739726,0.9929294053420318,34.95,29.75,40.43631211274476,51.61031532976417,-0.4574504980117914,293.20960258819423,266.60741336909314,-0.4521666922526697,5.2024243247880335,5.0822705818256075,2.0-3.0%,0.98-1.00
C,6640.0,0.0273972602739726,0.9936776565894636,78.30000000000001,98.45,84.67953065668947,128.97972786480307,0.5331226402993509,320.7435092187511,318.30289135667954,0.5443307694751283,8.02679115959287,7.771918302135694,2.0-3.0%,0.98-1.00
P,6640.0,0.0273972602739726,0.9936776565894636,36.35,23.7,42.392789649054315,54.015473707557746,-0.46687735970057886,278.4960419589638,252.71344099593216,-0.45474038639883413,-2.033208840408941,-2.309203613290613,2.0-3.0%,0.98-1.00
C,6645.0,0.0273972602739726,0.9944259078368954,74.45,94.45,81.67566736585681,124.14564320977706,0.5173846498485484,299.9740426184967,298.4058081681287,0.5415991915888207,8.234673062444124,7.684034383270335,2.0-3.0%,0.98-1.00
P,6645.0,0.0273972602739726,0.9944259078368954,38.8,24.75,44.39357489662005,54.178554523801914,-0.482615350151427,262.7265803588484,237.8163625473394,-0.4574719642851186,-3.075326937556653,-3.6470875321564993,2.0-3.0%,0.98-1.00
C,6650.0,0.0273972602739726,0.9951741590843273,71.44999999999999,90.5,78.83647241787061,118.94207419347646,0.5007743067029301,277.9277244759419,277.29588251643054,0.5386766889898413,7.662392265575489,6.800492092371137,2.0-3.0%,0.98-1.00
P,6650.0,0.0273972602739726,0.9951741590843273,39.25,25.75,46.5590284870317,53.97215097876604,-0.49922569329707245,245.6802597539081,221.70643456164817,-0.4603944668841118,-2.147607734424682,-3.030629823055399,2.0-3.0%,0.98-1.00
C,6655.0,0.0273972602739726,0.9959224103317591,68.0,86.65,76.019427262768,121.86466273280973,0.48828487300180823,254.29364441251118,254.67810254741744,0.5355167694941604,7.546401987938992,6.472348661702915,2.0-3.0%,0.98-1.00
P,6655.0,0.0273972602739726,0.9959224103317591,40.8,26.85,48.74663187032687,61.891904989367795,-0.5117151269981863,227.04617954719788,204.08865445702804,-0.46355438637979524,-2.31359801206135,-3.4087732537235524,2.0-3.0%,0.98-1.00
C,6660.0,0.0273972602739726,0.9966706615791909,64.65,82.8,73.19643667319866,117.52097615339449,0.4751864348090885,228.60941696977216,230.11397071178544,0.532050287310804,7.344260472441423,6.051176466552425,2.0-3.0%,0.98-1.00
P,6660.0,0.0273972602739726,0.9966706615791909,42.45,28.0,50.9282898191552,62.54538388122029,-0.5248135651909108,206.36194799651912,184.5245187292844,-0.46702086856318925,-2.5157395275588055,-3.829945448873181,2.0-3.0%,0.98-1.00
C,6665.0,0.0273972602739726,0.9974189128266228,61.35,79.6,70.48421875296481,112.42090111554035,0.4593136997930542,200.13191008895637,202.89932070525538,0.5281661059070161,7.805206466706041,6.2395027516745625,2.0-3.0%,0.98-1.00
P,6665.0,0.0273972602739726,0.9974189128266228,44.15,29.15,53.22072043731951,62.44247431463,-0.5406863002068995,182.88444698040576,162.30987427971104,-0.470905049966927,-2.7047935332952253,-4.291619163752182,2.0-3.0%,0.98-1.00
C,6670.0,0.0273972602739726,0.9981671640740546,58.15,75.35,67.89348672518437,114.53825138340608,0.4429649218725609,167.5179321120754,171.76305647094705,0.5236633333794689,7.126977676618058,5.291895798950987,2.0-3.0%,0.98-1.00
P,6670.0,0.0273972602739726,0.9981671640740546,45.85,30.55,55.63463694793686,69.55699005376367,-0.557035078127448,155.27046827378945,136.17360935447095,-0.47540782249448493,-2.6330223233819545,-4.489226116475518,2.0-3.0%,0.98-1.00
C,6675.0,0.0273972602739726,0.9989154153214864,55.0,71.7,65.26118223555217,111.5521531654595,0.43357957310763756,127.79352944274387,133.8978817203315,0.5180971160656195,6.840400507532419,4.918471580667928,2.0-3.0%,0.98-1.00
P,6675.0,0.0273972602739726,0.9989154153214864,47.75,31.85,58.00698099670261,71.56805730708643,-0.5664204268923628,120.54607135180458,103.30844003900802,-0.4809740398081908,-3.0195994924677922,-4.962650334761845,2.0-3.0%,0.98-1.00
C,6680.0,0.0273972602739726,0.9996636665689181,51.95,68.1,62.676350303600344,106.68270101259242,0.41842330810025735,70.30130860926192,79.32266042135507,0.5098725751465508,6.635053973800231,4.555497641167538,2.0-3.0%,0.98-1.00
P,6680.0,0.0273972602739726,0.9996636665689181,49.7,33.25,60.42679760314854,71.69577062548571,-0.5815766918997006,68.05384481037481,53.73321334667207,-0.4891985807274425,-3.2249460262009375,-5.325624274258068,2.0-3.0%,0.98-1.00
C,6685.0,0.0273972602739726,1.00041191781635,48.85,68.25,60.25626512034214,103.30297736863787,0.40250054594927315,75.1177040705652,83.446311396292,0.4995303029921523,10.247137585113615,8.040680909958565,2.0-3.0%,1.00-1.02
P,6685.0,0.0273972602739726,1.00041191781635,51.75,34.75,63.0113609582881,73.313212452798,-0.5974994540506832,77.87024613652466,62.856869857232596,-0.4995408520916194,-3.412862414887595,-5.640441023436683,2.0-3.0%,1.00-1.02
C,6690.0,0.0273972602739726,1.001160169063782,45.8,61.05,57.84189412223491,106.0422450372035,0.3912818177665357,124.57755296544565,129.99361538310586,0.4995324349350981,6.352251463989063,3.8906324295759784,2.0-3.0%,1.00-1.02
P,6690.0,0.0273972602739726,1.001160169063782,53.8,36.3,65.60163849857967,81.04964559263064,-0.6087181822334307,132.33008939665615,114.404168520839,-0.4995387209915048,-3.657748536011919,-6.140489484653289,2.0-3.0%,1.00-1.02
C,6695.0,0.0273972602739726,1.0019084203112136,43.35,57.75,55.42973892398977,101.68014650543724,0.378388733559461,158.43484754616202,161.90594236427796,0.4995331276317656,5.795440198857937,3.040616677653757,2.0-3.0%,1.00-1.02
P,6695.0,0.0273972602739726,1.0019084203112136,56.0,37.95,68.19413183873162,81.68471253213026,-0.6216112664405303,171.1873809670492,151.31649264034377,-0.4995380287449561,-3.914559801142474,-6.690505226339804,2.0-3.0%,1.00-1.02
C,6700.0,0.0273972602739726,1.0026566715586456,40.65,54.5,53.13402480707292,96.55584283932717,0.36355961354692073,185.64438163350314,187.55014211484695,0.49953350083877823,5.582654387943103,2.4906081909262934,2.0-3.0%,1.00-1.02
P,6700.0,0.0273972602739726,1.0026566715586456,58.25,39.7,70.90306626021314,81.55757433728914,-0.6364403864530617,203.39691361332052,181.9606910189218,-0.49953765575340076,-4.077345612057513,-7.190513708167773,2.0-3.0%,1.00-1.02
C,6705.0,0.0273972602739726,1.0034049228060773,38.0,51.3,50.940625035196646,100.27919101242553,0.34878737473548216,208.9124532351061,209.47174987676135,0.49953374226129527,5.368575098515209,1.9406027009782516,2.0-3.0%,1.00-1.02
P,6705.0,0.0273972602739726,1.0034049228060773,61.599999999999994,41.45,73.7143150267343,90.27808798165437,-0.6512126252645591,231.66499578147523,208.88230883075903,-0.499537412750966,-5.341424901484059,-8.790519234043133,2.0-3.0%,1.00-1.02
C,6710.0,0.0273972602739726,1.0041531740535092,35.45,48.2,48.715347974574705,97.29522192522273,0.3397016619545093,229.49427120726114,228.85416212950486,0.4995339155053627,5.025184207154533,1.390598761408162,2.0-3.0%,1.00-1.02
P,6710.0,0.0273972602739726,1.0041531740535092,63.85,43.400000000000006,76.49368650451012,92.29128436571932,-0.6602983380454794,257.2468086493345,233.2647162282692,-0.4995372402700917,-5.434815792845937,-9.09052315625822,2.0-3.0%,1.00-1.02
C,6715.0,0.0273972602739726,1.004901425300941,33.05,45.45,46.5543466162592,92.43452198885822,0.32590549558852716,248.09410202528534,246.3621821507113,0.49953404737398555,4.988909030316969,1.040595762715684,2.0-3.0%,1.00-1.02
P,6715.0,0.0273972602739726,1.004901425300941,66.45,45.400000000000006,79.33733368459208,92.4277499006207,-0.6740945044114605,280.8466394512361,255.7727362342098,-0.49953710840388027,-5.721090969683534,-9.690526154895869,2.0-3.0%,1.00-1.02
C,6720.0,0.0273972602739726,1.005649676548373,30.75,42.3,44.543263524878014,90.39358527868994,0.311480621516425,265.15400318756883,262.4134246014205,0.49953415294048165,4.46693066671656,0.19059336213355316,2.0-3.0%,1.00-1.02
P,6720.0,0.0273972602739726,1.005649676548373,68.9,47.5,82.33089913161012,95.38397866171958,-0.6885193784835366,302.9065339035974,276.8239722998387,-0.49953700384062727,-5.743069333284533,-10.04052853266425,2.0-3.0%,1.00-1.02
C,6725.0,0.0273972602739726,1.0063979277958046,28.55,39.5,42.539479498272804,93.2810188321276,0.3013319195356081,280.9729778335254,277.29051177853626,0.4995342384972982,4.097712149760336,-0.4094085834284531,2.0-3.0%,1.00-1.02
P,6725.0,0.0273972602739726,1.0063979277958046,72.19999999999999,49.7,85.33176364340179,103.2685776864258,-0.6986680804643275,323.7255154573295,296.70106605042156,-0.49953691725098626,-6.612287850241332,-11.140530501712668,2.0-3.0%,1.00-1.02
C,6730.0,0.0273972602739726,1.0071461790432366,26.45,36.85,40.55382456902884,89.00880670767373,0.2898275229628905,295.7644533960688,291.19525742544374,0.49953430943009886,3.8093221278239353,-0.9594101964403361,2.0-3.0%,1.00-1.02
P,6730.0,0.0273972602739726,1.0071461790432366,75.1,52.0,88.35075725255564,103.99353103323968,-0.7101724770371077,343.5169972675003,315.6058176433071,-0.4995368453840705,-6.950677872176321,-11.74053213596634,2.0-3.0%,1.00-1.02
C,6735.0,0.0273972602739726,1.0078944302906683,24.45,34.25,38.68103391117597,83.90332840249937,0.2767647704239725,0.0,0.0,0.0,3.506369120558926,9.8,2.0-3.0%,1.00-1.02
P,6735.0,0.0273972602739726,1.0078944302906683,77.3,51.65,91.48261513310071,103.88521819932987,-0.723235229576022,362.4396231424503,333.6882824702384,-0.49953678420394154,-9.203630879441416,-14.290533527202477,2.0-3.0%,1.00-1.02
C,6740.0,0.0273972602739726,1.0086426815381,22.55,31.75,36.902895088731206,88.79105900341274,0.26364621321025467,0.0,0.0,0.0,3.2046851115988657,9.2,2.0-3.0%,1.00-1.02
P,6740.0,0.0273972602739726,1.0086426815381,80.6,57.05,94.7091248490538,113.77011427151109,-0.7363537867897595,380.61511073521615,351.06361507942984,-0.4995367317341421,-6.805314888401028,-12.190534720365715,2.0-3.0%,1.00-1.02
C,6745.0,0.0273972602739726,1.009390932785532,20.75,29.35,35.10260048733517,86.15407092294484,0.2557764600503224,0.0,0.0,0.0,2.7836432984557256,8.600000000000001,2.0-3.0%,1.00-1.02
P,6745.0,0.0273972602739726,1.009390932785532,83.44999999999999,59.7,97.9134787860559,116.13029166231269,-0.7442235399496504,398.13927909126414,367.822484331979,-0.4995366848573055,-6.826356701545098,-12.390535786344968,2.0-3.0%,1.00-1.02
C,6750.0,0.0273972602739726,1.0101391840329637,19.05,27.15,33.37396063443421,81.41638819395763,0.24395023637500032,0.0,0.0,0.0,2.5525716248325434,8.099999999999998,2.0-3.0%,1.00-1.02
P,6750.0,0.0273972602739726,1.0101391840329637,87.15,62.5,101.18948747155234,116.38977440459048,-0.7560497636249711,415.089135952323,384.0377693745345,-0.49953664356427735,-7.457428375168327,-13.290536725348447,2.0-3.0%,1.00-1.02
C,6755.0,0.0273972602739726,1.0108874352803956,17.45,24.95,31.774277021355367,78.71634905347601,0.23168817840817446,0.0,0.0,0.0,2.2314108229981633,7.5,2.0-3.0%,1.00-1.02
P,6755.0,0.0273972602739726,1.0108874352803956,90.1,65.2,104.59445239687084,118.68690073537495,-0.7683118215917951,431.5276970676041,399.7691146341449,-0.49953660575976166,-7.428589177002738,-13.54053758502312,2.0-3.0%,1.00-1.02
C,6760.0,0.0273972602739726,1.0116356865278273,15.05,22.95,30.19456532886966,83.58965410857128,0.2225875944972566,0.0,0.0,0.0,2.8383581011324326,7.899999999999999,2.0-3.0%,1.00-1.02
P,6760.0,0.0273972602739726,1.0116356865278273,93.55,68.55,108.01938924278377,128.55737126173867,-0.7774124055027242,447.50727666247576,415.0660402527792,-0.49953657226208253,-7.321641898868222,-13.640538346760351,2.0-3.0%,1.00-1.02
C,6625.0,0.03561643835616438,0.9913435571651382,94.55,118.35,108.01284247678961,147.4859624317123,0.5917625116542172,379.4697907497575,378.71440371976223,0.5519908789841844,10.343320484983227,11.247727411899763,3.0-4.0%,0.98-1.00
P,6625.0,0.03561643835616438,0.9913435571651382,36.349999999999994,27.8,50.114570833530514,58.028408925760544,-0.4082374883457375,321.62009219482525,297.71091860082106,-0.4471703190281991,0.7333204849819879,1.6186530547011557,3.0-4.0%,0.98-1.00
C,6630.0,0.03561643835616438,0.9920917409818666,90.0,115.1,105.69642328801739,142.40948457136219,0.5810413226268765,361.4995992592867,361.2932811118203,0.5496779041793942,11.88712032346495,12.60032445896069,3.0-4.0%,0.98-1.00
P,6630.0,0.03561643835616438,0.9920917409818666,37.599999999999994,28.75,52.80234917559338,57.94947253446392,-0.4189586773731112,308.6498889091904,285.289784666591,-0.44948329383299385,0.6771203234644627,1.3712501017621879,3.0-4.0%,0.98-1.00
C,6635.0,0.03561643835616438,0.9928399247985951,87.0,109.15,103.07447244784483,142.43578658056379,0.5680855909031919,342.775528416666,343.14660491483755,0.5472522157222119,9.231733662861545,9.705484614477026,3.0-4.0%,0.98-1.00
P,6635.0,0.03561643835616438,0.9928399247985951,38.95,29.75,55.18459586625594,62.97331601271535,-0.43191440909678086,294.9258151329359,272.1431056529291,-0.4519089822901777,0.6217336628607004,1.076410257278539,3.0-4.0%,0.98-1.00
C,6640.0,0.03561643835616438,0.9935881086153234,81.0,102.4,100.25189209005161,139.8038572025711,0.5608769688092742,323.1760068564222,324.15742906495916,0.5446956367368182,8.645657729277234,9.013621220604879,3.0-4.0%,0.98-1.00
P,6640.0,0.03561643835616438,0.9935881086153234,40.3,27.700000000000003,57.36621303929859,65.33892810377634,-0.43912303119065077,280.32630146115207,258.15393737738987,-0.4544655612755677,-2.6143422707246913,-2.2654531365936847,3.0-4.0%,0.98-1.00
C,6645.0,0.03561643835616438,0.9943362924320518,78.0,99.0,98.81575991825638,134.9326025910167,0.5527785625014654,302.542739372459,304.1735148912212,0.5419844994270685,8.429815488716798,8.67527248302858,3.0-4.0%,0.98-1.00
P,6645.0,0.03561643835616438,0.9943362924320518,41.8,28.75,60.93427839833873,65.46521496127528,-0.44722143749851007,264.69303323817303,243.17002249407597,-0.4571766985853178,-2.880184511283975,-2.65380187416997,3.0-4.0%,0.98-1.00
C,6650.0,0.03561643835616438,0.9950844762487803,75.0,94.6,96.53035331817814,129.67674766281368,0.5409900355811653,280.66299210102443,282.9903265027601,0.5390869970024402,7.2978865908844135,7.341161688164622,3.0-4.0%,0.98-1.00
P,6650.0,0.03561643835616438,0.9950844762487803,43.400000000000006,29.85,63.65306932909579,65.20690150212437,-0.4590099644188447,247.81328142792154,226.9868297483613,-0.460074201009949,-3.112113409115576,-3.087912669033864,3.0-4.0%,0.98-1.00
C,6655.0,0.03561643835616438,0.9958326600655086,72.0,91.3,93.93368433582151,132.42894679730162,0.5314400042716058,257.2391038983883,260.32178143520105,0.5359586251007068,7.215054302863798,7.112300865210042,3.0-4.0%,0.98-1.00
P,6655.0,0.03561643835616438,0.9958326600655086,44.9,30.95,66.06059787757472,72.95664210566433,-0.46855999572837603,229.3893923562091,209.31828384706796,-0.4632025729116836,-3.2949456971368303,-3.4167734919884154,3.0-4.0%,0.98-1.00
C,6660.0,0.03561643835616438,0.996580843882237,68.80000000000001,87.0,92.6472728097591,128.0265055032835,0.525415846055891,231.8317453691584,235.7458578767969,0.5325336973197511,6.252043660689143,6.090183722948964,3.0-4.0%,0.98-1.00
P,6660.0,0.03561643835616438,0.996580843882237,46.55,32.2,69.77838388234682,73.5517422806957,-0.4745841539441026,208.98203837809524,189.74236465727245,-0.4666275006926359,-3.5579563393112057,-3.7388906342495556,3.0-4.0%,0.98-1.00
C,6665.0,0.03561643835616438,0.9973290276989655,66.0,83.8,90.94581049809297,122.88835578226215,0.5157633759965183,203.74250036045942,208.59215648871077,0.5287077893664271,6.071540829839282,5.777184869807559,3.0-4.0%,0.98-1.00
P,6665.0,0.03561643835616438,0.9973290276989655,48.3,33.45,73.08111910151638,73.41113402872818,-0.4842366240034369,185.89279523954065,167.5886650636553,-0.4704534086459576,-3.8384591701619453,-4.151889487391022,3.0-4.0%,0.98-1.00
C,6670.0,0.03561643835616438,0.9980772115156938,63.0,79.6,88.6467453922469,124.73472199948519,0.5034893368934354,171.730562103151,177.67105547202254,0.5242953798027896,5.150652479043382,4.6775230632846725,3.0-4.0%,0.98-1.00
P,6670.0,0.03561643835616438,0.9980772115156938,50.1,34.8,75.78625152650552,80.25504171500424,-0.4965106631065601,158.88085060636195,141.66755793182847,-0.47486581820960544,-4.009347520956936,-4.50155129391368,3.0-4.0%,0.98-1.00
C,6675.0,0.03561643835616438,0.9988253953324222,60.0,76.05,86.31375134682362,121.64372123631787,0.4968963457189368,133.1354689072332,140.4374319654671,0.5188986791623141,4.750577098351483,4.250244035849088,3.0-4.0%,0.98-1.00
P,6675.0,0.03561643835616438,0.9988253953324222,52.0,36.2,78.45745501191692,82.1615824208871,-0.5031036542810684,125.2857678509954,109.43394443233638,-0.4802625188500573,-4.359422901648612,-4.878830321349799,3.0-4.0%,0.98-1.00
C,6680.0,0.03561643835616438,0.9995735791491507,56.8,73.8,86.31689863865648,116.73930079043708,0.49239343331819035,79.28458596141991,88.64570109026818,0.5112209052523782,5.802973326344459,5.374836614561032,3.0-4.0%,0.98-1.00
P,6680.0,0.03561643835616438,0.9995735791491507,53.95,37.65,83.46479983458562,82.25470344405839,-0.5076065666817713,76.43487286850495,62.64220205686206,-0.48794029276005935,-4.757026673656636,-5.20423774263636,3.0-4.0%,0.98-1.00
C,6685.0,0.03561643835616438,1.0003217629658792,52.9,68.1,84.38887761142449,113.23993790953816,0.4812903910090076,66.56170338124093,76.13111518692722,0.4995799090671371,4.255456508455268,3.8395528678134063,3.0-4.0%,1.00-1.02
P,6685.0,0.03561643835616438,1.0003217629658792,55.9,39.2,86.54097633818874,83.75288203221291,-0.5187096089909498,68.71199191500727,55.12761769826602,-0.4995812896940989,-4.904543491545912,-5.339521472356296,3.0-4.0%,1.00-1.02
C,6690.0,0.03561643835616438,1.0010699467826074,50.05,65.55000000000001,81.99267046016395,115.61663419458817,0.4724558583192801,119.80704160124287,126.88942222782816,0.4995802210014771,4.756353781819687,4.139545774426534,3.0-4.0%,1.00-1.02
P,6690.0,0.03561643835616438,1.0010699467826074,57.0,40.8,89.1489667177644,91.12711978631474,-0.5275441416806762,126.9573290565354,110.88592366863213,-0.4995809779209703,-4.203646218181541,-4.839528562077248,3.0-4.0%,1.00-1.02
C,6695.0,0.03561643835616438,1.0018181305993359,47.2,62.2,81.89328775966337,111.20496636437939,0.4690041417001187,154.812534514062,160.33891761059613,0.4995803087699443,4.334845817739403,3.639543778571575,3.0-4.0%,1.00-1.02
P,6695.0,0.03561643835616438,1.0018181305993359,60.0,42.45,94.0537815480986,91.71299342515633,-0.5309958582998663,166.962828846109,149.33542566309416,-0.49958088912433085,-5.475154182261154,-6.189530581312823,3.0-4.0%,1.00-1.02
C,6700.0,0.03561643835616438,1.0025663144160644,44.5,59.0,80.56823107824937,106.06346070478727,0.46029338379610696,182.63099752016979,186.92532365780608,0.4995803549091765,4.032928452476629,3.1395427293654343,3.0-4.0%,1.00-1.02
P,6700.0,0.03561643835616438,1.0025663144160644,62.65,44.2,97.73292239752026,91.56902923461925,-0.5397066162038727,199.7812919773878,180.92183183123916,-0.4995808429663844,-6.177071547524047,-7.089531630944524,3.0-4.0%,1.00-1.02
C,6705.0,0.03561643835616438,1.0033144982327926,41.849999999999994,55.8,78.38669324766713,109.30434956302257,0.4485964614570719,206.2908872271305,209.53346961978696,0.4995803841487537,3.7489164664662855,2.5895420644574525,3.0-4.0%,1.00-1.02
P,6705.0,0.03561643835616438,1.0033144982327926,66.0,46.0,100.55558209777249,99.80745956190853,-0.551403538542963,228.44118164023666,208.52997775097856,-0.4995808137334028,-7.461083533533142,-8.63953229570253,3.0-4.0%,1.00-1.02
C,6710.0,0.03561643835616438,1.004062682049521,39.3,52.7,76.47568427154629,106.20864013347145,0.4426667955957652,227.15177930779146,229.46163695207133,0.49958040415237515,3.3337570681524014,2.039541609575103,3.0-4.0%,1.00-1.02
P,6710.0,0.03561643835616438,1.004062682049521,66.0,47.900000000000006,103.6487706524866,101.70929160140594,-0.5573332044042165,254.30207867733316,233.4581498587395,-0.49958079298873465,-5.426242931848233,-6.739532767436277,3.0-4.0%,1.00-1.02
C,6715.0,0.03561643835616438,1.0048108658662496,36.849999999999994,49.7,76.59174226198783,101.3572970114962,0.438501605375166,245.96335516943782,247.42662747057693,0.4995804205724217,2.878473493768828,1.489541236183248,3.0-4.0%,1.00-1.02
P,6715.0,0.03561643835616438,1.0048108658662496,69.0,50.2,108.76902617376379,101.8554899484847,-0.5614983946248253,278.11364346763867,256.42312970982994,-0.4995807782239864,-6.031526506231591,-7.4395331031866565,3.0-4.0%,1.00-1.02
C,6720.0,0.03561643835616438,1.0055590496829778,34.55,46.8,74.75902523616155,99.13028391480444,0.4277461318548657,263.19098446353155,263.87375529293786,0.4995804322220908,2.523052961620447,0.8895409712697635,3.0-4.0%,1.00-1.02
P,6720.0,0.03561643835616438,1.0055590496829778,72.0,52.0,111.94050667877332,104.62601832084313,-0.5722538681450811,300.34127896400514,277.8702635086497,-0.4995807656470035,-6.986947038380981,-8.63953338918725,3.0-4.0%,1.00-1.02
C,6725.0,0.03561643835616438,1.0063072334997063,32.3,44.0,72.4812653641875,101.55895863169268,0.41907220408908147,279.147086552714,279.102138762973,0.4995804425318287,2.1702980790143815,0.33954073682632746,3.0-4.0%,1.00-1.02
P,6725.0,0.03561643835616438,1.0063072334997063,75.0,54.2,114.6669443376344,112.05223450678503,-0.5809277959108653,321.2973862662211,298.0986520027054,-0.49958075455785583,-7.589701920987046,-9.439533641354464,3.0-4.0%,1.00-1.02
C,6730.0,0.03561643835616438,1.0070554173164348,30.1,41.3,72.2655013469766,97.2786884512011,0.41533935526374266,294.0533801751262,293.32414072727715,0.4995804508794232,1.7551830613025778,-0.16045945299797815,3.0-4.0%,1.00-1.02
P,6730.0,0.03561643835616438,1.0070554173164348,78.0,56.75,119.45537785125882,112.76950579534471,-0.5846606447362668,341.2036741544189,317.32064844079605,-0.49958074706759403,-7.954816938697421,-9.889533811683021,3.0-4.0%,1.00-1.02
C,6735.0,0.03561643835616438,1.007803601133163,28.049999999999997,38.7,70.97839100816799,92.20284817595557,0.4068762427961505,308.0739697488102,306.69698773563596,0.49958045881533636,1.3976342388156322,-0.7104596334606335,3.0-4.0%,1.00-1.02
P,6735.0,0.03561643835616438,1.007803601133163,81.0,58.85,123.17246504328521,112.69120698915093,-0.5931237572038611,360.22426346098973,335.69349519172283,-0.49958073917161727,-8.662365761184326,-10.789533991237532,3.0-4.0%,1.00-1.02
C,6740.0,0.03561643835616438,1.0085517849498915,26.1,36.15,68.76870172002185,96.4654440650255,0.3948314497680788,0.0,0.0,0.0,1.0715328322739701,10.049999999999997,3.0-4.0%,1.00-1.02
P,6740.0,0.03561643835616438,1.0085517849498915,84.0,60.5,125.96697328597403,121.95134434727295,-0.6051685502319423,378.48461460761155,353.3374221397339,-0.4995807327337387,-9.738467167725766,-12.139534137634891,3.0-4.0%,1.00-1.02
C,6745.0,0.03561643835616438,1.00929996876662,24.15,33.75,66.83771794024065,93.69616446520823,0.38891112058544686,0.0,0.0,0.0,0.7561611178870251,9.600000000000001,3.0-4.0%,1.00-1.02
P,6745.0,0.03561643835616438,1.00929996876662,87.0,63.2,129.04018703702837,124.17960621650946,-0.6110888794145126,396.0832192794742,370.34683221787736,-0.4995807271059236,-9.903838882114114,-12.439534265611403,3.0-4.0%,1.00-1.02
C,6750.0,0.03561643835616438,1.0100481525833485,22.35,31.45,66.99044500941801,88.99682832826389,0.3850062143672769,0.0,0.0,0.0,0.34495868528820495,9.099999999999998,3.0-4.0%,1.00-1.02
P,6750.0,0.03561643835616438,1.0100481525833485,94.25,65.8,134.19711163704025,124.47781154861798,-0.61499378563269,413.0990618360702,386.7974420956725,-0.49958072238171314,-14.465041314712765,-17.089534373039953,3.0-4.0%,1.00-1.02
C,6755.0,0.03561643835616438,1.0107963364000767,20.700000000000003,29.2,65.19931983971699,86.15754433409776,0.37449380550145356,0.0,0.0,0.0,-0.015989137102975448,8.499999999999996,3.0-4.0%,1.00-1.02
P,6755.0,0.03561643835616438,1.0107963364000767,93.0,69.4,137.41018399817537,126.63606902350014,-0.6255061944985272,429.59663890164074,402.7510876487145,-0.4995807179394172,-9.375989137103623,-12.239534474057756,3.0-4.0%,1.00-1.02
C,6760.0,0.03561643835616438,1.0115445202168052,19.3,27.2,63.06661284415393,90.37045858259008,0.36567709437235746,0.0,0.0,0.0,-0.415497126027331,7.899999999999999,3.0-4.0%,1.00-1.02
P,6760.0,0.03561643835616438,1.0115445202168052,96.0,72.5,140.28167453344759,135.8465247410474,-0.634322905627628,445.629409574246,418.2590276848532,-0.499580715066487,-9.075497126027877,-12.139534539388196,3.0-4.0%,1.00-1.02
