cp,K,T,F,df,mid,iv_parity
C,6615.0,0.0164383561643835,6677.45,1.0,79.5,0.12036059194215948
P,6615.0,0.0164383561643835,6677.45,1.0,16.5,0.11840713789159937
C,6620.0,0.0164383561643835,6677.45,1.0,75.0,0.1172157189051376
P,6620.0,0.0164383561643835,6677.45,1.0,17.4,0.11669496196240708
C,6625.0,0.0164383561643835,6677.45,1.0,72.0,0.11900299353799987
P,6625.0,0.0164383561643835,6677.45,1.0,18.299999999999997,0.11478290621202901
C,6630.0,0.0164383561643835,6677.45,1.0,66.0,0.1105081763646151
P,6630.0,0.0164383561643835,6677.45,1.0,19.299999999999997,0.11300258554531949
C,6635.0,0.0164383561643835,6677.45,1.0,63.0,0.11181772316603815
P,6635.0,0.0164383561643835,6677.45,1.0,20.450000000000003,0.11149335199943552
C,6640.0,0.0164383561643835,6677.45,1.0,60.0,0.1127619978925617
P,6640.0,0.0164383561643835,6677.45,1.0,21.65,0.10990611372564241
C,6645.0,0.0164383561643835,6677.45,1.0,54.0,0.10400609923897766
P,6645.0,0.0164383561643835,6677.45,1.0,22.9,0.10823084164878433
C,6650.0,0.0164383561643835,6677.45,1.0,51.0,0.10445917557539121
P,6650.0,0.0164383561643835,6677.45,1.0,24.25,0.10661037443485782
C,6655.0,0.0164383561643835,6677.45,1.0,48.0,0.10457251229026285
P,6655.0,0.0164383561643835,6677.45,1.0,25.7,0.10502647864417204
C,6660.0,0.0164383561643835,6677.45,1.0,44.65,0.10331238554529108
P,6660.0,0.0164383561643835,6677.45,1.0,27.25,0.10346185751892151
C,6665.0,0.0164383561643835,6677.45,1.0,41.349999999999994,0.10189990789092501
P,6665.0,0.0164383561643835,6677.45,1.0,28.950000000000003,0.10204794102611497
C,6670.0,0.0164383561643835,6677.45,1.0,38.2,0.10061849226780982
P,6670.0,0.0164383561643835,6677.45,1.0,30.65,0.10032443476810574
C,6675.0,0.0164383561643835,6677.45,1.0,35.0,0.09886580204349878
P,6675.0,0.0164383561643835,6677.45,1.0,32.55,0.09886580204350036
C,6680.0,0.0164383561643835,6677.45,1.0,32.05,0.0975074255623003
P,6680.0,0.0164383561643835,6677.45,1.0,34.65,0.09765386158575538
C,6685.0,0.0164383561643835,6677.45,1.0,29.25,0.09623518919850853
P,6685.0,0.0164383561643835,6677.45,1.0,36.85,0.09638211620732885
C,6690.0,0.0164383561643835,6677.45,1.0,26.55,0.09488940102101986
P,6690.0,0.0164383561643835,6677.45,1.0,39.05,0.09474138760088752
C,6695.0,0.0164383561643835,6677.45,1.0,24.05,0.09375510834186151
P,6695.0,0.0164383561643835,6677.45,1.0,42.0,0.09495259658708097
C,6700.0,0.0164383561643835,6677.45,1.0,21.65,0.09252640498559253
P,6700.0,0.0164383561643835,6677.45,1.0,45.0,0.09495863271345173
C,6705.0,0.0164383561643835,6677.45,1.0,19.5,0.09165559699036059
P,6705.0,0.0164383561643835,6677.45,1.0,48.0,0.09460146994354666
C,6710.0,0.0164383561643835,6677.45,1.0,17.35,0.09036605897133375
P,6710.0,0.0164383561643835,6677.45,1.0,51.0,0.09386325822554722
C,6715.0,0.0164383561643835,6677.45,1.0,15.45,0.08943974524235558
P,6715.0,0.0164383561643835,6677.45,1.0,54.0,0.09271640130806792
C,6720.0,0.0164383561643835,6677.45,1.0,13.65,0.08840107243533223
P,6720.0,0.0164383561643835,6677.45,1.0,57.0,0.09112022394176457
C,6725.0,0.0164383561643835,6677.45,1.0,12.05,0.08759486882404022
P,6725.0,0.0164383561643835,6677.45,1.0,60.3,0.09007462529304582
C,6730.0,0.0164383561643835,6677.45,1.0,10.5,0.08649943265449979
P,6730.0,0.0164383561643835,6677.45,1.0,63.0,0.08631212769937509
C,6735.0,0.0164383561643835,6677.45,1.0,9.2,0.0858671410069869
P,6735.0,0.0164383561643835,6677.45,1.0,66.0,0.08287173421635405
C,6740.0,0.0164383561643835,6677.45,1.0,8.0,0.08516680156797483
P,6740.0,0.0164383561643835,6677.45,1.0,72.0,0.09110778781779455
C,6745.0,0.0164383561643835,6677.45,1.0,6.949999999999999,0.08462842548335064
P,6745.0,0.0164383561643835,6677.45,1.0,75.0,0.0868436951084777
C,6750.0,0.0164383561643835,6677.45,1.0,5.95,0.08383000890575007
P,6750.0,0.0164383561643835,6677.45,1.0,78.0,0.08137935469216266
C,6755.0,0.0164383561643835,6677.45,1.0,5.05,0.08299577952770829
P,6755.0,0.0164383561643835,6677.45,1.0,84.0,0.0900071922860976
C,6760.0,0.0164383561643835,6677.45,1.0,4.35,0.08272025067495743
P,6760.0,0.0164383561643835,6677.45,1.0,87.0,0.08328693351425737
C,6615.0,0.0191780821917808,6678.35,1.0,84.0,0.12384894131854683
P,6615.0,0.0191780821917808,6678.35,1.0,19.65,0.1206578853479738
C,6620.0,0.0191780821917808,6678.35,1.0,78.0,0.11602631024885258
P,6620.0,0.0191780821917808,6678.35,1.0,20.7,0.11933080234004645
C,6625.0,0.0191780821917808,6678.35,1.0,75.0,0.11751236526281832
P,6625.0,0.0191780821917808,6678.35,1.0,21.8,0.11797305230323313
C,6630.0,0.0191780821917808,6678.35,1.0,69.95,0.11249788064169966
P,6630.0,0.0191780821917808,6678.35,1.0,22.9,0.11642608303967554
C,6635.0,0.0191780821917808,6678.35,1.0,66.0,0.11068497430657401
P,6635.0,0.0191780821917808,6678.35,1.0,24.1,0.1149857069720426
C,6640.0,0.0191780821917808,6678.35,1.0,63.0,0.11145299483840612
P,6640.0,0.0191780821917808,6678.35,1.0,25.25,0.11319961288833302
C,6645.0,0.0191780821917808,6678.35,1.0,60.75,0.11407665401290483
P,6645.0,0.0191780821917808,6678.35,1.0,26.55,0.11164546609197559
C,6650.0,0.0191780821917808,6678.35,1.0,57.0,0.11213545413704745
P,6650.0,0.0191780821917808,6678.35,1.0,28.049999999999997,0.11044247447772253
C,6655.0,0.0191780821917808,6678.35,1.0,46.05,0.08979199560634049
P,6655.0,0.0191780821917808,6678.35,1.0,29.549999999999997,0.10900819777820993
C,6660.0,0.0191780821917808,6678.35,1.0,49.35,0.10720142678207713
P,6660.0,0.0191780821917808,6678.35,1.0,31.15,0.10761556864993811
C,6665.0,0.0191780821917808,6678.35,1.0,46.05,0.10584124896650313
P,6665.0,0.0191780821917808,6678.35,1.0,32.75,0.1059781718784508
C,6670.0,0.0191780821917808,6678.35,1.0,42.95,0.10476948730763622
P,6670.0,0.0191780821917808,6678.35,1.0,34.55,0.10463337796668533
C,6675.0,0.0191780821917808,6678.35,1.0,39.85,0.10342928488226438
P,6675.0,0.0191780821917808,6678.35,1.0,36.55,0.10356492070010036
C,6680.0,0.0191780821917808,6678.35,1.0,36.85,0.10208328290072893
P,6680.0,0.0191780821917808,6678.35,1.0,38.5,0.10208328290072993
C,6685.0,0.0191780821917808,6678.35,1.0,34.0,0.10085667341580663
P,6685.0,0.0191780821917808,6678.35,1.0,40.65,0.10085667341580692
C,6690.0,0.0191780821917808,6678.35,1.0,31.25,0.09960371152284958
P,6690.0,0.0191780821917808,6678.35,1.0,43.0,0.09987667691391183
C,6695.0,0.0191780821917808,6678.35,1.0,28.65,0.09845220695835803
P,6695.0,0.0191780821917808,6678.35,1.0,45.3,0.09845220695835852
C,6700.0,0.0191780821917808,6678.35,1.0,26.15,0.0972574868300382
P,6700.0,0.0191780821917808,6678.35,1.0,48.0,0.09781444578443285
C,6705.0,0.0191780821917808,6678.35,1.0,23.75,0.09601020502472636
P,6705.0,0.0191780821917808,6678.35,1.0,51.0,0.09770633231078925
C,6710.0,0.0191780821917808,6678.35,1.0,21.55,0.09498875365109996
P,6710.0,0.0191780821917808,6678.35,1.0,54.0,0.09729273195635958
C,6715.0,0.0191780821917808,6678.35,1.0,18.4,0.09079710173867543
P,6715.0,0.0191780821917808,6678.35,1.0,57.0,0.09655884663884438
C,6720.0,0.0191780821917808,6678.35,1.0,17.5,0.09291010198882235
P,6720.0,0.0191780821917808,6678.35,1.0,60.0,0.09548304412205519
C,6725.0,0.0191780821917808,6678.35,1.0,15.7,0.09200309564115042
P,6725.0,0.0191780821917808,6678.35,1.0,63.0,0.0940347236733834
C,6730.0,0.0191780821917808,6678.35,1.0,14.0,0.09103443650206848
P,6730.0,0.0191780821917808,6678.35,1.0,66.0,0.09217079779727284
C,6735.0,0.0191780821917808,6678.35,1.0,12.4,0.08999955043555367
P,6735.0,0.0191780821917808,6678.35,1.0,69.0,0.0898296914352244
C,6740.0,0.0191780821917808,6678.35,1.0,11.0,0.08924955125118872
P,6740.0,0.0191780821917808,6678.35,1.0,72.0,0.08692048897379279
C,6745.0,0.0191780821917808,6678.35,1.0,9.65,0.08827467703090369
P,6745.0,0.0191780821917808,6678.35,1.0,75.0,0.0833015470349911
C,6750.0,0.0191780821917808,6678.35,1.0,7.699999999999999,0.08442091097469814
P,6750.0,0.0191780821917808,6678.35,1.0,78.75,0.0819362835718814
C,6755.0,0.0191780821917808,6678.35,1.0,7.4,0.08679846680988358
P,6755.0,0.0191780821917808,6678.35,1.0,84.0,0.08658676572587955
C,6760.0,0.0191780821917808,6678.35,1.0,6.449999999999999,0.08616872926256111
P,6760.0,0.0191780821917808,6678.35,1.0,86.25,0.07729053515860528
C,6615.0,0.021917808219178,6679.15,1.0,87.0,0.12302936886847385
P,6615.0,0.021917808219178,6679.15,1.0,23.25,0.12420030671343023
C,6620.0,0.021917808219178,6679.15,1.0,84.0,0.12433956543227012
P,6620.0,0.021917808219178,6679.15,1.0,24.25,0.12261972184807379
C,6625.0,0.021917808219178,6679.15,1.0,78.0,0.11692439480820775
P,6625.0,0.021917808219178,6679.15,1.0,25.45,0.12145445286303871
C,6630.0,0.021917808219178,6679.15,1.0,75.0,0.11789839894331143
P,6630.0,0.021917808219178,6679.15,1.0,26.6,0.1199822127839141
C,6635.0,0.021917808219178,6679.15,1.0,72.0,0.1186193565778793
P,6635.0,0.021917808219178,6679.15,1.0,27.85,0.11861935657787856
C,6640.0,0.021917808219178,6679.15,1.0,69.0,0.1191013043065641
P,6640.0,0.021917808219178,6679.15,1.0,29.2,0.11735277026536126
C,6645.0,0.021917808219178,6679.15,1.0,63.0,0.11137865883513864
P,6645.0,0.021917808219178,6679.15,1.0,30.45,0.11563886555216508
C,6650.0,0.021917808219178,6679.15,1.0,60.0,0.11151262167802234
P,6650.0,0.021917808219178,6679.15,1.0,31.950000000000003,0.11440452989056878
C,6655.0,0.021917808219178,6679.15,1.0,57.55,0.11284509553468228
P,6655.0,0.021917808219178,6679.15,1.0,33.45,0.11297509409422073
C,6660.0,0.021917808219178,6679.15,1.0,54.15,0.11147631813616946
P,6660.0,0.021917808219178,6679.15,1.0,35.099999999999994,0.11173404866689025
C,6665.0,0.021917808219178,6679.15,1.0,43.6,0.09156990329942401
P,6665.0,0.021917808219178,6679.15,1.0,36.9,0.11066826313217766
C,6670.0,0.021917808219178,6679.15,1.0,40.5,0.0906588781070931
P,6670.0,0.021917808219178,6679.15,1.0,38.7,0.10938486040275237
C,6675.0,0.021917808219178,6679.15,1.0,44.65,0.10787870014746581
P,6675.0,0.021917808219178,6679.15,1.0,40.65,0.10825936080814735
C,6680.0,0.021917808219178,6679.15,1.0,41.65,0.10664579168240018
P,6680.0,0.021917808219178,6679.15,1.0,42.5,0.10664579168239927
C,6685.0,0.021917808219178,6679.15,1.0,38.75,0.10543326683254141
P,6685.0,0.021917808219178,6679.15,1.0,45.0,0.10644841634302878
C,6690.0,0.021917808219178,6679.15,1.0,36.0,0.10435089758194656
P,6690.0,0.021917808219178,6679.15,1.0,46.8,0.10422354708668842
C,6695.0,0.021917808219178,6679.15,1.0,33.3,0.10314058386150284
P,6695.0,0.021917808219178,6679.15,1.0,48.0,0.10019241893909689
C,6700.0,0.021917808219178,6679.15,1.0,30.75,0.1020512438399713
P,6700.0,0.021917808219178,6679.15,1.0,51.55,0.10192196458366037
C,6705.0,0.021917808219178,6679.15,1.0,28.3,0.10094949023564406
P,6705.0,0.021917808219178,6679.15,1.0,54.0,0.10055702843124988
C,6710.0,0.021917808219178,6679.15,1.0,25.95,0.099829402741734
P,6710.0,0.021917808219178,6679.15,1.0,57.0,0.10036030016795285
C,6715.0,0.021917808219178,6679.15,1.0,23.75,0.09882026427802096
P,6715.0,0.021917808219178,6679.15,1.0,60.0,0.09990079481252023
C,6720.0,0.021917808219178,6679.15,1.0,21.700000000000003,0.09792488846728463
P,6720.0,0.021917808219178,6679.15,1.0,63.0,0.09916597216485212
C,6725.0,0.021917808219178,6679.15,1.0,19.7,0.09686627600159696
P,6725.0,0.021917808219178,6679.15,1.0,66.0,0.0981382689244784
C,6730.0,0.021917808219178,6679.15,1.0,17.85,0.09592100002178544
P,6730.0,0.021917808219178,6679.15,1.0,69.0,0.09679364443273797
C,6735.0,0.021917808219178,6679.15,1.0,15.15,0.09207498509934103
P,6735.0,0.021917808219178,6679.15,1.0,72.0,0.09509928890230511
C,6740.0,0.021917808219178,6679.15,1.0,14.55,0.09426021677277703
P,6740.0,0.021917808219178,6679.15,1.0,75.0,0.09300990612228045
C,6745.0,0.021917808219178,6679.15,1.0,13.05,0.09340543672295697
P,6745.0,0.021917808219178,6679.15,1.0,78.0,0.0904613955623585
C,6750.0,0.021917808219178,6679.15,1.0,11.6,0.09236821353008043
P,6750.0,0.021917808219178,6679.15,1.0,84.0,0.09754936859616593
C,6755.0,0.021917808219178,6679.15,1.0,10.35,0.09166241596824523
P,6755.0,0.021917808219178,6679.15,1.0,87.0,0.09448392571393059
C,6760.0,0.021917808219178,6679.15,1.0,9.15,0.09078601068345166
P,6760.0,0.021917808219178,6679.15,1.0,90.0,0.09078601068344906
C,6615.0,0.0246575342465753,6679.75,1.0,91.5,0.12714692299664374
P,6615.0,0.0246575342465753,6679.75,1.0,26.700000000000003,0.12701165237807355
C,6620.0,0.0246575342465753,6679.75,1.0,87.0,0.12417594395398378
P,6620.0,0.0246575342465753,6679.75,1.0,27.95,0.1260416841325785
C,6625.0,0.0246575342465753,6679.75,1.0,84.0,0.12505429408555893
P,6625.0,0.0246575342465753,6679.75,1.0,29.0,0.12439898241927533
C,6630.0,0.0246575342465753,6679.75,1.0,81.0,0.1257214517055743
P,6630.0,0.0246575342465753,6679.75,1.0,30.2,0.12301118190192828
C,6635.0,0.0246575342465753,6679.75,1.0,75.0,0.1185396702947154
P,6635.0,0.0246575342465753,6679.75,1.0,31.5,0.1217335501342789
C,6640.0,0.0246575342465753,6679.75,1.0,72.0,0.11891670387327254
P,6640.0,0.0246575342465753,6679.75,1.0,32.900000000000006,0.12055528200993074
C,6645.0,0.0246575342465753,6679.75,1.0,69.0,0.11909281557389312
P,6645.0,0.0246575342465753,6679.75,1.0,34.3,0.11921736768865188
C,6650.0,0.0246575342465753,6679.75,1.0,65.6,0.11808815376796664
P,6650.0,0.0246575342465753,6679.75,1.0,35.8,0.11796486913055888
C,6655.0,0.0246575342465753,6679.75,1.0,55.2,0.09974432594877854
P,6655.0,0.0246575342465753,6679.75,1.0,37.35,0.11666637782356208
C,6660.0,0.0246575342465753,6679.75,1.0,57.7,0.11288989571342266
P,6660.0,0.0246575342465753,6679.75,1.0,39.05,0.1155587631722678
C,6665.0,0.0246575342465753,6679.75,1.0,54.0,0.1106529746807068
P,6665.0,0.0246575342465753,6679.75,1.0,40.75,0.11426995939221152
C,6670.0,0.0246575342465753,6679.75,1.0,51.35,0.11075637118516453
P,6670.0,0.0246575342465753,6679.75,1.0,42.55,0.113036258172539
C,6675.0,0.0246575342465753,6679.75,1.0,48.65,0.11053420551226138
P,6675.0,0.0246575342465753,6679.75,1.0,44.400000000000006,0.11173055135927464
C,6680.0,0.0246575342465753,6679.75,1.0,46.15,0.11058122004415144
P,6680.0,0.0246575342465753,6679.75,1.0,46.4,0.11058122004415144
C,6685.0,0.0246575342465753,6679.75,1.0,43.15,0.10923522925845286
P,6685.0,0.0246575342465753,6679.75,1.0,47.9,0.1080395059481041
C,6690.0,0.0246575342465753,6679.75,1.0,40.400000000000006,0.10827187123971518
P,6690.0,0.0246575342465753,6679.75,1.0,50.6,0.10815198322622484
C,6695.0,0.0246575342465753,6679.75,1.0,37.6,0.10697083457336491
P,6695.0,0.0246575342465753,6679.75,1.0,53.35,0.10817532369602154
C,6700.0,0.0246575342465753,6679.75,1.0,35.05,0.10604827555853798
P,6700.0,0.0246575342465753,6679.75,1.0,54.0,0.10289290465585564
C,6705.0,0.0246575342465753,6679.75,1.0,32.5,0.10489604246632082
P,6705.0,0.0246575342465753,6679.75,1.0,56.35,0.10146476022093737
C,6710.0,0.0246575342465753,6679.75,1.0,30.1,0.103873983867402
P,6710.0,0.0246575342465753,6679.75,1.0,60.0,0.10300650353594117
C,6715.0,0.0246575342465753,6679.75,1.0,27.85,0.1029828139982507
P,6715.0,0.0246575342465753,6679.75,1.0,63.0,0.10273146015462029
C,6720.0,0.0246575342465753,6679.75,1.0,25.65,0.10197010432421354
P,6720.0,0.0246575342465753,6679.75,1.0,66.0,0.10222570111281296
C,6725.0,0.0246575342465753,6679.75,1.0,23.55,0.10095692578645313
P,6725.0,0.0246575342465753,6679.75,1.0,67.19999999999999,0.09676793650297148
C,6730.0,0.0246575342465753,6679.75,1.0,21.6,0.10007430973120059
P,6730.0,0.0246575342465753,6679.75,1.0,72.0,0.10047427961820776
C,6735.0,0.0246575342465753,6679.75,1.0,19.75,0.09919397905658857
P,6735.0,0.0246575342465753,6679.75,1.0,75.0,0.09919397905658857
C,6740.0,0.0246575342465753,6679.75,1.0,18.05,0.09845711169148164
P,6740.0,0.0246575342465753,6679.75,1.0,78.0,0.09761100928563468
C,6745.0,0.0246575342465753,6679.75,1.0,16.4,0.09758789604578767
P,6745.0,0.0246575342465753,6679.75,1.0,81.0,0.09568994432791414
C,6750.0,0.0246575342465753,6679.75,1.0,14.9,0.09687628386104287
P,6750.0,0.0246575342465753,6679.75,1.0,84.0,0.09338217978081331
C,6755.0,0.0246575342465753,6679.75,1.0,12.55,0.09318865166045537
P,6755.0,0.0246575342465753,6679.75,1.0,90.0,0.10005707570083973
C,6760.0,0.0246575342465753,6679.75,1.0,11.9,0.09454791143144498
P,6760.0,0.0246575342465753,6679.75,1.0,93.0,0.09731291466203087
C,6615.0,0.0273972602739726,6682.25,1.0,96.4,0.12875264702330874
P,6615.0,0.0273972602739726,6682.25,1.0,30.1,0.1311696350922689
C,6620.0,0.0273972602739726,6682.25,1.0,93.2,0.12915726084217646
P,6620.0,0.0273972602739726,6682.25,1.0,31.25,0.12990866169485496
C,6625.0,0.0273972602739726,6682.25,1.0,89.19999999999999,0.1274138494304462
P,6625.0,0.0273972602739726,6682.25,1.0,32.7,0.1292669330445726
C,6630.0,0.0273972602739726,6682.25,1.0,85.4,0.12604548268971189
P,6630.0,0.0273972602739726,6682.25,1.0,33.65,0.1272657610973881
C,6635.0,0.0273972602739726,6682.25,1.0,81.55,0.12442941901877196
P,6635.0,0.0273972602739726,6682.25,1.0,34.95,0.12599706453166937
C,6640.0,0.0273972602739726,6682.25,1.0,78.30000000000001,0.1241191592870347
P,6640.0,0.0273972602739726,6682.25,1.0,36.35,0.12483433834987227
C,6645.0,0.0273972602739726,6682.25,1.0,74.45,0.12223497783008046
P,6645.0,0.0273972602739726,6682.25,1.0,38.8,0.12600852948176966
C,6650.0,0.0273972602739726,6682.25,1.0,71.44999999999999,0.12220887370990675
P,6650.0,0.0273972602739726,6682.25,1.0,39.25,0.1223257605277497
C,6655.0,0.0273972602739726,6682.25,1.0,68.0,0.12097257599127502
P,6655.0,0.0273972602739726,6682.25,1.0,40.8,0.12108851446417654
C,6660.0,0.0273972602739726,6682.25,1.0,64.65,0.11981660776805389
P,6660.0,0.0273972602739726,6682.25,1.0,42.45,0.11993173150876052
C,6665.0,0.0273972602739726,6682.25,1.0,61.35,0.11861957584062774
P,6665.0,0.0273972602739726,6682.25,1.0,44.15,0.11873402845912003
C,6670.0,0.0273972602739726,6682.25,1.0,58.15,0.11749069557067504
P,6670.0,0.0273972602739726,6682.25,1.0,45.85,0.11737676569506059
C,6675.0,0.0273972602739726,6682.25,1.0,55.0,0.11631030173051352
P,6675.0,0.0273972602739726,6682.25,1.0,47.75,0.11631030173051352
C,6680.0,0.0273972602739726,6682.25,1.0,51.95,0.11518587461745391
P,6680.0,0.0273972602739726,6682.25,1.0,49.7,0.11518587461745391
C,6685.0,0.0273972602739726,6682.25,1.0,48.85,0.11377504557815771
P,6685.0,0.0273972602739726,6682.25,1.0,51.75,0.1141150137168077
C,6690.0,0.0273972602739726,6682.25,1.0,45.8,0.11229558060021505
P,6690.0,0.0273972602739726,6682.25,1.0,53.8,0.11286294360808515
C,6695.0,0.0273972602739726,6682.25,1.0,43.35,0.11199340709028366
P,6695.0,0.0273972602739726,6682.25,1.0,56.0,0.11176578248463097
C,6700.0,0.0273972602739726,6682.25,1.0,40.65,0.1109345883761075
P,6700.0,0.0273972602739726,6682.25,1.0,58.25,0.11059150995439464
C,6705.0,0.0273972602739726,6682.25,1.0,38.0,0.10979451184861083
P,6705.0,0.0273972602739726,6682.25,1.0,61.599999999999994,0.11175098908446253
C,6710.0,0.0273972602739726,6682.25,1.0,35.45,0.10868302047636894
P,6710.0,0.0273972602739726,6682.25,1.0,63.85,0.1101920964445502
C,6715.0,0.0273972602739726,6682.25,1.0,33.05,0.10771398582189066
P,6715.0,0.0273972602739726,6682.25,1.0,66.45,0.10923903461829433
C,6720.0,0.0273972602739726,6682.25,1.0,30.75,0.10677004355439916
P,6720.0,0.0273972602739726,6682.25,1.0,68.9,0.10772072927994805
C,6725.0,0.0273972602739726,6682.25,1.0,28.55,0.10584952861303028
P,6725.0,0.0273972602739726,6682.25,1.0,72.19999999999999,0.10801912745085591
C,6730.0,0.0273972602739726,6682.25,1.0,26.45,0.10495139619977381
P,6730.0,0.0273972602739726,6682.25,1.0,75.1,0.10715816658886747
C,6735.0,0.0273972602739726,6682.25,1.0,24.45,0.10407528485323113
P,6735.0,0.0273972602739726,6682.25,1.0,77.3,0.10432575441541346
C,6740.0,0.0273972602739726,6682.25,1.0,22.55,0.10322160141219312
P,6740.0,0.0273972602739726,6682.25,1.0,80.6,0.10398942136736071
C,6745.0,0.0273972602739726,6682.25,1.0,20.75,0.10239163339603714
P,6745.0,0.0273972602739726,6682.25,1.0,83.44999999999999,0.10226029276039683
C,6750.0,0.0273972602739726,6682.25,1.0,19.05,0.10158769495946823
P,6750.0,0.0273972602739726,6682.25,1.0,87.15,0.1025309775823154
C,6755.0,0.0273972602739726,6682.25,1.0,17.45,0.10081331412004726
P,6755.0,0.0273972602739726,6682.25,1.0,90.1,0.1005349147546494
C,6760.0,0.0273972602739726,6682.25,1.0,15.05,0.09746854189440737
P,6760.0,0.0273972602739726,6682.25,1.0,93.55,0.0996416763921079
C,6615.0,0.0356164383561643,6682.85,1.0,102.0,0.12442384330780787
P,6615.0,0.0356164383561643,6682.85,1.0,33.85,0.12376482215574808
C,6620.0,0.0356164383561643,6682.85,1.0,96.0,0.11853074333379786
P,6620.0,0.0356164383561643,6682.85,1.0,35.0,0.12255816445920525
C,6625.0,0.0356164383561643,6682.85,1.0,94.55,0.12243239737558259
P,6625.0,0.0356164383561643,6682.85,1.0,36.349999999999994,0.12168212008660599
C,6630.0,0.0356164383561643,6682.85,1.0,90.0,0.1195304761183165
P,6630.0,0.0356164383561643,6682.85,1.0,37.599999999999994,0.12048536894621023
C,6635.0,0.0356164383561643,6682.85,1.0,87.0,0.11981392359948656
P,6635.0,0.0356164383561643,6682.85,1.0,38.95,0.11939423360458057
C,6640.0,0.0356164383561643,6682.85,1.0,81.0,0.11371724828081017
P,6640.0,0.0356164383561643,6682.85,1.0,40.3,0.11819369674574456
C,6645.0,0.0356164383561643,6682.85,1.0,78.0,0.1137892594452631
P,6645.0,0.0356164383561643,6682.85,1.0,41.8,0.11719173941595333
C,6650.0,0.0356164383561643,6682.85,1.0,75.0,0.11372146010402233
P,6650.0,0.0356164383561643,6682.85,1.0,43.400000000000006,0.11627712750059746
C,6655.0,0.0356164383561643,6682.85,1.0,72.0,0.11351630937025262
P,6655.0,0.0356164383561643,6682.85,1.0,44.9,0.11503839305832388
C,6660.0,0.0356164383561643,6682.85,1.0,68.80000000000001,0.11277201807706794
P,6660.0,0.0356164383561643,6682.85,1.0,46.55,0.11398202265903119
C,6665.0,0.0356164383561643,6682.85,1.0,66.0,0.11269944953913263
P,6665.0,0.0356164383561643,6682.85,1.0,48.3,0.113000350997064
C,6670.0,0.0356164383561643,6682.85,1.0,63.0,0.11208842187122563
P,6670.0,0.0356164383561643,6682.85,1.0,50.1,0.11198853361598064
C,6675.0,0.0356164383561643,6682.85,1.0,60.0,0.11134141654405286
P,6675.0,0.0356164383561643,6682.85,1.0,52.0,0.11104263444338527
C,6680.0,0.0356164383561643,6682.85,1.0,56.8,0.11005757224760981
P,6680.0,0.0356164383561643,6682.85,1.0,53.95,0.11005757224761054
C,6685.0,0.0356164383561643,6682.85,1.0,52.9,0.10724175421008919
P,6685.0,0.0356164383561643,6682.85,1.0,55.9,0.10893120353939734
C,6690.0,0.0356164383561643,6682.85,1.0,50.05,0.10637260348292915
P,6690.0,0.0356164383561643,6682.85,1.0,57.0,0.10597473365721612
C,6695.0,0.0356164383561643,6682.85,1.0,47.2,0.10534927457680757
P,6695.0,0.0356164383561643,6682.85,1.0,60.0,0.10664536143611077
C,6700.0,0.0356164383561643,6682.85,1.0,44.5,0.10447064230549402
P,6700.0,0.0356164383561643,6682.85,1.0,62.65,0.10647220158279755
C,6705.0,0.0356164383561643,6682.85,1.0,41.849999999999994,0.10353400972884264
P,6705.0,0.0356164383561643,6682.85,1.0,66.0,0.1075577564406034
C,6710.0,0.0356164383561643,6682.85,1.0,39.3,0.10263651352981797
P,6710.0,0.0356164383561643,6682.85,1.0,66.0,0.10172396821955836
C,6715.0,0.0356164383561643,6682.85,1.0,36.849999999999994,0.10177608996744839
P,6715.0,0.0356164383561643,6682.85,1.0,69.0,0.10177608996744926
C,6720.0,0.0356164383561643,6682.85,1.0,34.55,0.10105458688399253
P,6720.0,0.0356164383561643,6682.85,1.0,72.0,0.10167470715466331
C,6725.0,0.0356164383561643,6682.85,1.0,32.3,0.10026556895980444
P,6725.0,0.0356164383561643,6682.85,1.0,75.0,0.10141642745151458
C,6730.0,0.0356164383561643,6682.85,1.0,30.1,0.099404729864318
P,6730.0,0.0356164383561643,6682.85,1.0,78.0,0.10099647836391815
C,6735.0,0.0356164383561643,6682.85,1.0,28.049999999999997,0.09868305350646434
P,6735.0,0.0356164383561643,6682.85,1.0,81.0,0.10040850611593743
C,6740.0,0.0356164383561643,6682.85,1.0,26.1,0.09799685613668523
P,6740.0,0.0356164383561643,6682.85,1.0,84.0,0.09964428879379635
C,6745.0,0.0356164383561643,6682.85,1.0,24.15,0.09712328256073154
P,6745.0,0.0356164383561643,6682.85,1.0,87.0,0.09869333121939836
C,6750.0,0.0356164383561643,6682.85,1.0,22.35,0.09639430687223152
P,6750.0,0.0356164383561643,6682.85,1.0,94.25,0.10715480149135675
C,6755.0,0.0356164383561643,6682.85,1.0,20.700000000000003,0.09582067007768204
P,6755.0,0.0356164383561643,6682.85,1.0,93.0,0.09617415444744973
C,6760.0,0.0356164383561643,6682.85,1.0,19.3,0.0956580555090434
P,6760.0,0.0356164383561643,6682.85,1.0,96.0,0.09456702298730052
C,6605.0,0.0383561643835616,6682.8,1.0,111.0,0.12484846103155851
P,6605.0,0.0383561643835616,6682.8,1.0,34.55,0.12775780014253912
C,6610.0,0.0383561643835616,6682.8,1.0,108.0,0.12563655646183083
P,6610.0,0.0383561643835616,6682.8,1.0,35.6,0.12648657357069182
C,6615.0,0.0383561643835616,6682.8,1.0,105.0,0.12628483391399828
P,6615.0,0.0383561643835616,6682.8,1.0,37.0,0.12586553122141067
C,6620.0,0.0383561643835616,6682.8,1.0,102.0,0.12679955375898203
P,6620.0,0.0383561643835616,6682.8,1.0,38.0,0.12431358783123847
C,6625.0,0.0383561643835616,6682.8,1.0,96.0,0.1210341109597887
P,6625.0,0.0383561643835616,6682.8,1.0,39.349999999999994,0.12339693980029043
C,6630.0,0.0383561643835616,6682.8,1.0,93.0,0.12136529277411244
P,6630.0,0.0383561643835616,6682.8,1.0,40.75,0.12248290993390551
C,6635.0,0.0383561643835616,6682.8,1.0,90.0,0.12156832086745588
P,6635.0,0.0383561643835616,6682.8,1.0,41.95,0.12106532471056469
C,6640.0,0.0383561643835616,6682.8,1.0,87.0,0.12164670352773595
P,6640.0,0.0383561643835616,6682.8,1.0,43.25,0.1197525887964934
C,6645.0,0.0383561643835616,6682.8,1.0,84.0,0.12160320057843017
P,6645.0,0.0383561643835616,6682.8,1.0,44.8,0.11883492582495532
C,6650.0,0.0383561643835616,6682.8,1.0,86.05,0.1313299791758156
P,6650.0,0.0383561643835616,6682.8,1.0,46.3,0.1177103702023022
C,6655.0,0.0383561643835616,6682.8,1.0,75.0,0.11530613535732062
P,6655.0,0.0383561643835616,6682.8,1.0,48.0,0.11686761983248234
C,6660.0,0.0383561643835616,6682.8,1.0,72.0,0.11493977809367119
P,6660.0,0.0383561643835616,6682.8,1.0,49.85,0.11620116396920706
C,6665.0,0.0383561643835616,6682.8,1.0,69.0,0.11445013880932743
P,6665.0,0.0383561643835616,6682.8,1.0,51.5,0.11502956840255261
C,6670.0,0.0383561643835616,6682.8,1.0,73.5,0.12826305191672357
P,6670.0,0.0383561643835616,6682.8,1.0,53.150000000000006,0.11374079722421677
C,6675.0,0.0383561643835616,6682.8,1.0,70.45,0.1273946925018554
P,6675.0,0.0383561643835616,6682.8,1.0,55.0,0.11271568499878942
C,6680.0,0.0383561643835616,6682.8,1.0,59.7,0.11165883365092388
P,6680.0,0.0383561643835616,6682.8,1.0,56.9,0.11165883365092424
C,6685.0,0.0383561643835616,6682.8,1.0,56.75,0.11076148207950082
P,6685.0,0.0383561643835616,6682.8,1.0,58.95,0.11076148207950118
C,6690.0,0.0383561643835616,6682.8,1.0,53.8,0.10973763769065385
P,6690.0,0.0383561643835616,6682.8,1.0,61.1,0.10992930557144179
C,6695.0,0.0383561643835616,6682.8,1.0,51.0,0.10886210144970108
P,6695.0,0.0383561643835616,6682.8,1.0,63.0,0.10847798117584465
C,6700.0,0.0383561643835616,6682.8,1.0,48.65,0.10871501582177856
P,6700.0,0.0383561643835616,6682.8,1.0,58.4,0.09434423379259425
C,6705.0,0.0383561643835616,6682.8,1.0,45.6,0.10707751580108378
P,6705.0,0.0383561643835616,6682.8,1.0,69.0,0.10940033250560126
C,6710.0,0.0383561643835616,6682.8,1.0,43.1,0.10635745822683329
P,6710.0,0.0383561643835616,6682.8,1.0,69.0,0.10382374750876935
C,6715.0,0.0383561643835616,6682.8,1.0,40.6,0.10549049157543801
P,6715.0,0.0383561643835616,6682.8,1.0,72.0,0.10391935122656167
C,6720.0,0.0383561643835616,6682.8,1.0,38.5,0.10526323952393415
P,6720.0,0.0383561643835616,6682.8,1.0,75.0,0.10387621616044222
C,6725.0,0.0383561643835616,6682.8,1.0,36.2,0.10449286262476319
P,6725.0,0.0383561643835616,6682.8,1.0,78.0,0.10369186022719913
C,6730.0,0.0383561643835616,6682.8,1.0,33.7,0.10315996400808997
P,6730.0,0.0383561643835616,6682.8,1.0,81.0,0.10336273582736245
C,6740.0,0.0383561643835616,6682.8,1.0,29.549999999999997,0.10172760233346835
P,6740.0,0.0383561643835616,6682.8,1.0,89.9,0.10827442252788667
C,6750.0,0.0383561643835616,6682.8,1.0,26.0,0.10091487404552303
P,6750.0,0.0383561643835616,6682.8,1.0,93.0,0.10048137863931629
C,6760.0,0.0383561643835616,6682.8,1.0,22.299999999999997,0.09910498794633041
P,6760.0,0.0383561643835616,6682.8,1.0,99.0,0.09796831944106522
C,6770.0,0.0383561643835616,6682.8,1.0,19.15,0.09782355325651926
P,6770.0,0.0383561643835616,6682.8,1.0,108.9,0.10384377695399094
C,6605.0,0.0410958904109589,6683.2,1.0,118.65,0.13582757208099913
P,6605.0,0.0410958904109589,6683.2,1.0,38.85,0.1325573517711936
C,6610.0,0.0410958904109589,6683.2,1.0,114.0,0.13305567622491493
P,6610.0,0.0410958904109589,6683.2,1.0,40.05,0.1315375185721809
C,6615.0,0.0410958904109589,6683.2,1.0,108.0,0.1275235559614078
P,6615.0,0.0410958904109589,6683.2,1.0,41.3,0.130536263847311
C,6620.0,0.0410958904109589,6683.2,1.0,105.0,0.12796119279482077
P,6620.0,0.0410958904109589,6683.2,1.0,42.4,0.12915331800749216
C,6625.0,0.0410958904109589,6683.2,1.0,102.0,0.12828178278767596
P,6625.0,0.0410958904109589,6683.2,1.0,43.95,0.12857672793707858
C,6630.0,0.0410958904109589,6683.2,1.0,99.0,0.1284888756529932
P,6630.0,0.0410958904109589,6683.2,1.0,45.150000000000006,0.12722257105114412
C,6635.0,0.0410958904109589,6683.2,1.0,96.0,0.1285853932714817
P,6635.0,0.0410958904109589,6683.2,1.0,46.5,0.1260744654738401
C,6640.0,0.0410958904109589,6683.2,1.0,90.2,0.12320541133896203
P,6640.0,0.0410958904109589,6683.2,1.0,47.849999999999994,0.12483664192121482
C,6645.0,0.0410958904109589,6683.2,1.0,87.0,0.12274585565705497
P,6645.0,0.0410958904109589,6683.2,1.0,49.45,0.1239841013803009
C,6650.0,0.0410958904109589,6683.2,1.0,84.0,0.12255996068392357
P,6650.0,0.0410958904109589,6683.2,1.0,51.0,0.12293844569205133
C,6655.0,0.0410958904109589,6683.2,1.0,81.0,0.12226486499290959
P,6655.0,0.0410958904109589,6683.2,1.0,52.7,0.12207672222672201
C,6660.0,0.0410958904109589,6683.2,1.0,78.0,0.12186123391899877
P,6660.0,0.0410958904109589,6683.2,1.0,54.25,0.1208315680802867
C,6665.0,0.0410958904109589,6683.2,1.0,82.15,0.13467050734264616
P,6665.0,0.0410958904109589,6683.2,1.0,55.95,0.1197645203948233
C,6670.0,0.0410958904109589,6683.2,1.0,71.35,0.11952073371594531
P,6670.0,0.0410958904109589,6683.2,1.0,57.900000000000006,0.11905615556312503
C,6675.0,0.0410958904109589,6683.2,1.0,69.0,0.11999844036771322
P,6675.0,0.0410958904109589,6683.2,1.0,59.75,0.11805193328089729
C,6680.0,0.0410958904109589,6683.2,1.0,64.9,0.11711929574871316
P,6680.0,0.0410958904109589,6683.2,1.0,61.75,0.11721185073589052
C,6685.0,0.0410958904109589,6683.2,1.0,61.9,0.11616380953733849
P,6685.0,0.0410958904109589,6683.2,1.0,63.7,0.11616380953733815
C,6690.0,0.0410958904109589,6683.2,1.0,59.0,0.11528398240191914
P,6690.0,0.0410958904109589,6683.2,1.0,65.8,0.11528398240191845
C,6695.0,0.0410958904109589,6683.2,1.0,56.15,0.11437207775079754
P,6695.0,0.0410958904109589,6683.2,1.0,61.8,0.10296640349227408
C,6700.0,0.0410958904109589,6683.2,1.0,53.8,0.11426681564036546
P,6700.0,0.0410958904109589,6683.2,1.0,69.9,0.11296554353976325
C,6705.0,0.0410958904109589,6683.2,1.0,50.7,0.11264244132277604
P,6705.0,0.0410958904109589,6683.2,1.0,72.0,0.11170929313546434
C,6710.0,0.0410958904109589,6683.2,1.0,48.35,0.11228959676247993
P,6710.0,0.0410958904109589,6683.2,1.0,75.0,0.11200828672945715
C,6720.0,0.0410958904109589,6683.2,1.0,43.099999999999994,0.11016050596638308
P,6720.0,0.0410958904109589,6683.2,1.0,81.0,0.11225133716792218
C,6725.0,0.0410958904109589,6683.2,1.0,41.1,0.11008530059750853
P,6725.0,0.0410958904109589,6683.2,1.0,84.0,0.11219346339798027
C,6730.0,0.0410958904109589,6683.2,1.0,38.8,0.1093042632430429
P,6730.0,0.0410958904109589,6683.2,1.0,84.0,0.10619968478733323
C,6740.0,0.0410958904109589,6683.2,1.0,34.45,0.10780901247418681
P,6740.0,0.0410958904109589,6683.2,1.0,90.0,0.10532225572557176
C,6750.0,0.0410958904109589,6683.2,1.0,30.4,0.10633404630392057
P,6750.0,0.0410958904109589,6683.2,1.0,96.0,0.10387043087230192
C,6760.0,0.0410958904109589,6683.2,1.0,26.75,0.10508889231580154
P,6760.0,0.0410958904109589,6683.2,1.0,102.0,0.10178083406220256
C,6770.0,0.0410958904109589,6683.2,1.0,23.4,0.10388106788737804
P,6770.0,0.0410958904109589,6683.2,1.0,111.0,0.10564990453376708
C,6775.0,0.0410958904109589,6683.2,1.0,21.55,0.10264061703160351
P,6775.0,0.0410958904109589,6683.2,1.0,114.0,0.10411701732305674
C,6605.0,0.0438356164383561,6684.05,1.0,120.7,0.13443527898690041
P,6605.0,0.0438356164383561,6684.05,1.0,41.849999999999994,0.13482926051978641
C,6610.0,0.0438356164383561,6684.05,1.0,118.5,0.13651374624722107
P,6610.0,0.0438356164383561,6684.05,1.0,43.15,0.1339835438317815
C,6615.0,0.0438356164383561,6684.05,1.0,114.0,0.13402371410008318
P,6615.0,0.0438356164383561,6684.05,1.0,44.4,0.13296257472308834
C,6620.0,0.0438356164383561,6684.05,1.0,111.0,0.1343485682009863
P,6620.0,0.0438356164383561,6684.05,1.0,45.7,0.13196028991918535
C,6625.0,0.0438356164383561,6684.05,1.0,105.0,0.12888642094427258
P,6625.0,0.0438356164383561,6684.05,1.0,47.05,0.13097381083507845
C,6630.0,0.0438356164383561,6684.05,1.0,102.0,0.1290598188228245
P,6630.0,0.0438356164383561,6684.05,1.0,48.2,0.12953016107836743
C,6635.0,0.0438356164383561,6684.05,1.0,99.0,0.1291305045286417
P,6635.0,0.0438356164383561,6684.05,1.0,49.15,0.12763712528032514
C,6640.0,0.0438356164383561,6684.05,1.0,96.0,0.12910051067451606
P,6640.0,0.0438356164383561,6684.05,1.0,51.25,0.12780382129341727
C,6645.0,0.0438356164383561,6684.05,1.0,93.0,0.1289714315577217
P,6645.0,0.0438356164383561,6684.05,1.0,52.6,0.1264871144190304
C,6650.0,0.0438356164383561,6684.05,1.0,87.0,0.12325476832513406
P,6650.0,0.0438356164383561,6684.05,1.0,54.35,0.12581773360637857
C,6655.0,0.0438356164383561,6684.05,1.0,81.35,0.1181316387451947
P,6655.0,0.0438356164383561,6684.05,1.0,55.95,0.12478109231067992
C,6660.0,0.0438356164383561,6684.05,1.0,81.0,0.12256484631942662
P,6660.0,0.0438356164383561,6684.05,1.0,57.6,0.12374275788829228
C,6665.0,0.0438356164383561,6684.05,1.0,78.0,0.12206835274378283
P,6665.0,0.0438356164383561,6684.05,1.0,59.35,0.1227903645981686
C,6670.0,0.0438356164383561,6684.05,1.0,82.55,0.13505114780675714
P,6670.0,0.0438356164383561,6684.05,1.0,61.15,0.12183048193463591
C,6675.0,0.0438356164383561,6684.05,1.0,72.0,0.12077093477551747
P,6675.0,0.0438356164383561,6684.05,1.0,62.8,0.12050166870114305
C,6680.0,0.0438356164383561,6684.05,1.0,69.05,0.12005728621250611
P,6680.0,0.0438356164383561,6684.05,1.0,64.7,0.11951959834001213
C,6685.0,0.0438356164383561,6684.05,1.0,66.0,0.11905478322258733
P,6685.0,0.0438356164383561,6684.05,1.0,66.95,0.11905478322258767
C,6690.0,0.0438356164383561,6684.05,1.0,63.0,0.11804635285586938
P,6690.0,0.0438356164383561,6684.05,1.0,69.0,0.11813593632798224
C,6695.0,0.0438356164383561,6684.05,1.0,60.099999999999994,0.11710187243653221
P,6695.0,0.0438356164383561,6684.05,1.0,72.0,0.11880596031153977
C,6700.0,0.0438356164383561,6684.05,1.0,57.7,0.11694419111753514
P,6700.0,0.0438356164383561,6684.05,1.0,72.0,0.11397767967952287
C,6705.0,0.0438356164383561,6684.05,1.0,54.85,0.11586521782049511
P,6705.0,0.0438356164383561,6684.05,1.0,80.2,0.12379618504547103
C,6710.0,0.0438356164383561,6684.05,1.0,51.95,0.11457776969237937
P,6710.0,0.0438356164383561,6684.05,1.0,78.0,0.11475889666183484
C,6720.0,0.0438356164383561,6684.05,1.0,46.900000000000006,0.1130013509302005
P,6720.0,0.0438356164383561,6684.05,1.0,84.0,0.11510832168293686
C,6725.0,0.0438356164383561,6684.05,1.0,44.5,0.11225938299875322
P,6725.0,0.0438356164383561,6684.05,1.0,87.0,0.11512008439228613
C,6730.0,0.0438356164383561,6684.05,1.0,42.2,0.11157837064116055
P,6730.0,0.0438356164383561,6684.05,1.0,87.0,0.10943341747885169
C,6740.0,0.0438356164383561,6684.05,1.0,37.85,0.11030712291773206
P,6740.0,0.0438356164383561,6684.05,1.0,93.0,0.10878261195389287
C,6750.0,0.0438356164383561,6684.05,1.0,34.2,0.10987606650815022
P,6750.0,0.0438356164383561,6684.05,1.0,99.0,0.10762642995372527
C,6760.0,0.0438356164383561,6684.05,1.0,30.05,0.1079434125902433
P,6760.0,0.0438356164383561,6684.05,1.0,105.0,0.10592029279167704
C,6770.0,0.0438356164383561,6684.05,1.0,26.25,0.1061272422372847
P,6770.0,0.0438356164383561,6684.05,1.0,115.45,0.1128845003673746
C,6775.0,0.0438356164383561,6684.05,1.0,24.6,0.10552018520107481
P,6775.0,0.0438356164383561,6684.05,1.0,114.0,0.10217451681993824
C,6655.0,0.0465753424657534,6685.45,1.0,81.55,0.11352920207548495
C,6655.0,0.0465753424657534,6685.45,1.0,93.95,0.13543968375471888
P,6655.0,0.0465753424657534,6685.45,1.0,57.0,0.12396831735372114
P,6655.0,0.0465753424657534,6685.45,1.0,58.25,0.1261764935600893
C,6660.0,0.0465753424657534,6685.45,1.0,90.9,0.134923552469368
C,6660.0,0.0465753424657534,6685.45,1.0,90.45,0.13413339207084754
P,6660.0,0.0465753424657534,6685.45,1.0,58.599999999999994,0.12288615665007753
P,6660.0,0.0465753424657534,6685.45,1.0,59.95,0.12526019777883582
C,6665.0,0.0465753424657534,6685.45,1.0,88.15,0.1348468262336424
C,6665.0,0.0465753424657534,6685.45,1.0,83.4,0.12653210176794225
P,6665.0,0.0465753424657534,6685.45,1.0,60.3,0.1218904928475538
P,6665.0,0.0465753424657534,6685.45,1.0,61.650000000000006,0.12425536525398302
C,6670.0,0.0465753424657534,6685.45,1.0,85.55,0.13494297035297853
C,6670.0,0.0465753424657534,6685.45,1.0,80.19999999999999,0.12560499278979897
P,6670.0,0.0465753424657534,6685.45,1.0,62.099999999999994,0.12097787662312101
P,6670.0,0.0465753424657534,6685.45,1.0,63.55,0.12350985352586562
C,6675.0,0.0465753424657534,6685.45,1.0,82.45,0.13407873472434137
C,6675.0,0.0465753424657534,6685.45,1.0,80.35,0.13042163413459945
P,6675.0,0.0465753424657534,6685.45,1.0,63.95,0.12005813956416847
P,6675.0,0.0465753424657534,6685.45,1.0,65.25,0.12232267076939837
C,6680.0,0.0465753424657534,6685.45,1.0,79.4,0.13321477052965378
C,6680.0,0.0465753424657534,6685.45,1.0,77.45,0.1298238625878418
P,6680.0,0.0465753424657534,6685.45,1.0,65.8,0.11904209762406144
P,6680.0,0.0465753424657534,6685.45,1.0,67.15,0.12138980112763278
C,6685.0,0.0465753424657534,6685.45,1.0,69.5,0.12035392967499461
C,6685.0,0.0465753424657534,6685.45,1.0,70.9,0.1227868371252133
P,6685.0,0.0465753424657534,6685.45,1.0,67.7,0.11800791177656916
P,6685.0,0.0465753424657534,6685.45,1.0,69.05,0.12035392967499428
C,6690.0,0.0465753424657534,6685.45,1.0,66.5,0.11940562795286828
C,6690.0,0.0465753424657534,6685.45,1.0,67.9,0.12183809344681491
P,6690.0,0.0465753424657534,6685.45,1.0,69.75,0.11714688646877185
P,6690.0,0.0465753424657534,6685.45,1.0,71.25,0.11975312458235657
C,6695.0,0.0465753424657534,6685.45,1.0,63.599999999999994,0.11852360115573618
C,6695.0,0.0465753424657534,6685.45,1.0,65.05,0.1210449779309439
P,6695.0,0.0465753424657534,6685.45,1.0,71.85,0.1162629221551786
P,6695.0,0.0465753424657534,6685.45,1.0,73.35,0.11887138643288402
C,6700.0,0.0465753424657534,6685.45,1.0,60.75,0.11762522423590274
C,6700.0,0.0465753424657534,6685.45,1.0,62.2,0.12015086794405
P,6700.0,0.0465753424657534,6685.45,1.0,67.35,0.10377003052686343
P,6700.0,0.0465753424657534,6685.45,1.0,71.69999999999999,0.11135291906094175
C,6705.0,0.0465753424657534,6685.45,1.0,58.0,0.11679567118874395
C,6705.0,0.0465753424657534,6685.45,1.0,59.4,0.11924059212956827
P,6705.0,0.0465753424657534,6685.45,1.0,82.8,0.12596095325974224
P,6705.0,0.0465753424657534,6685.45,1.0,77.45,0.11662100850724338
C,6710.0,0.0465753424657534,6685.45,1.0,55.3,0.11594600895159952
C,6710.0,0.0465753424657534,6685.45,1.0,56.7,0.1183996496973775
P,6710.0,0.0465753424657534,6685.45,1.0,78.0,0.11270198781041904
P,6710.0,0.0465753424657534,6685.45,1.0,80.75,0.11752347205139052
C,6715.0,0.0465753424657534,6685.45,1.0,52.7,0.11516222278922959
C,6715.0,0.0465753424657534,6685.45,1.0,54.1,0.1176270153109427
P,6715.0,0.0465753424657534,6685.45,1.0,81.0,0.11296012010475777
P,6715.0,0.0465753424657534,6685.45,1.0,82.05000000000001,0.11480997703276129
C,6720.0,0.0465753424657534,6685.45,1.0,50.15,0.11435508347154401
C,6720.0,0.0465753424657534,6685.45,1.0,51.5,0.1167451413552731
P,6720.0,0.0465753424657534,6685.45,1.0,77.4,0.10138932506716344
P,6720.0,0.0465753424657534,6685.45,1.0,85.6,0.1159486884285378
C,6725.0,0.0465753424657534,6685.45,1.0,47.65,0.11352258578083256
C,6725.0,0.0465753424657534,6685.45,1.0,49.0,0.1159285694267982
P,6725.0,0.0465753424657534,6685.45,1.0,80.15,0.1009049530360814
P,6725.0,0.0465753424657534,6685.45,1.0,88.1,0.11512689108298282
