cp,K,T,F,df,mid,iv,expiry
C,6620.0,0.005479452054794521,6693.4,1.0,77.45,0.13037749107981944,2025-09-24
P,6620.0,0.005479452054794521,6693.4,1.0,4.05,0.13037749107981916,2025-09-24
C,6625.0,0.005479452054794521,6693.4,1.0,72.9,0.12829626781081144,2025-09-24
P,6625.0,0.005479452054794521,6693.4,1.0,4.449999999999999,0.1278389621651009,2025-09-24
C,6630.0,0.005479452054794521,6693.4,1.0,68.25,0.12489446452584584,2025-09-24
P,6630.0,0.005479452054794521,6693.4,1.0,4.85,0.12489446452584008,2025-09-24
C,6635.0,0.005479452054794521,6693.4,1.0,62.199999999999996,0.10907214719090318,2025-09-24
P,6635.0,0.005479452054794521,6693.4,1.0,5.25,0.12156432420679839,2025-09-24
C,6640.0,0.005479452054794521,6693.4,1.0,59.25,0.11940102463020018,2025-09-24
P,6640.0,0.005479452054794521,6693.4,1.0,5.8,0.11901757361481466,2025-09-24
C,6645.0,0.005479452054794521,6693.4,1.0,54.75,0.11598252163090655,2025-09-24
P,6645.0,0.005479452054794521,6693.4,1.0,6.35,0.11598252163090582,2025-09-24
C,6650.0,0.005479452054794521,6693.4,1.0,50.45,0.11350725128320881,2025-09-24
P,6650.0,0.005479452054794521,6693.4,1.0,7.050000000000001,0.11350725128320284,2025-09-24
C,6655.0,0.005479452054794521,6693.4,1.0,46.15,0.11046615745524754,2025-09-24
P,6655.0,0.005479452054794521,6693.4,1.0,7.8,0.1107908606824665,2025-09-24
C,6660.0,0.005479452054794521,6693.4,1.0,42.0,0.10780096606832681,2025-09-24
P,6660.0,0.005479452054794521,6693.4,1.0,8.600000000000001,0.10780096606832616,2025-09-24
C,6665.0,0.005479452054794521,6693.4,1.0,37.95,0.10509085629838,2025-09-24
P,6665.0,0.005479452054794521,6693.4,1.0,9.600000000000001,0.10538507137735474,2025-09-24
C,6670.0,0.005479452054794521,6693.4,1.0,34.05,0.10254531446568979,2025-09-24
P,6670.0,0.005479452054794521,6693.4,1.0,10.7,0.1028270898729604,2025-09-24
C,6675.0,0.005479452054794521,6693.4,1.0,30.3,0.10006267529688412,2025-09-24
P,6675.0,0.005479452054794521,6693.4,1.0,11.95,0.10033404199445578,2025-09-24
C,6680.0,0.005479452054794521,6693.4,1.0,26.75,0.09781445840589045,2025-09-24
P,6680.0,0.005479452054794521,6693.4,1.0,13.35,0.09781445840589277,2025-09-24
C,6685.0,0.005479452054794521,6693.4,1.0,23.4,0.09569648896734853,2025-09-24
P,6685.0,0.005479452054794521,6693.4,1.0,15.05,0.09595360293382459,2025-09-24
C,6690.0,0.005479452054794521,6693.4,1.0,20.3,0.09387281022293793,2025-09-24
P,6690.0,0.005479452054794521,6693.4,1.0,16.85,0.09361910952686772,2025-09-24
C,6695.0,0.005479452054794521,6693.4,1.0,17.3,0.09150225926523496,2025-09-24
P,6695.0,0.005479452054794521,6693.4,1.0,18.9,0.09150225926523207,2025-09-24
C,6700.0,0.005479452054794521,6693.4,1.0,14.600000000000001,0.08952549367468005,2025-09-24
P,6700.0,0.005479452054794521,6693.4,1.0,21.25,0.0897811297743717,2025-09-24
C,6705.0,0.005479452054794521,6693.4,1.0,12.2,0.08789079331003517,2025-09-24
P,6705.0,0.005479452054794521,6693.4,1.0,23.85,0.08815261569966368,2025-09-24
C,6710.0,0.005479452054794521,6693.4,1.0,10.05,0.0863136681729745,2025-09-24
P,6710.0,0.005479452054794521,6693.4,1.0,26.7,0.08658596519388226,2025-09-24
C,6715.0,0.005479452054794521,6693.4,1.0,8.2,0.0850708324385073,2025-09-24
P,6715.0,0.005479452054794521,6693.4,1.0,29.65,0.08420607546140295,2025-09-24
C,6720.0,0.005479452054794521,6693.4,1.0,6.6,0.08393292377336907,2025-09-24
P,6720.0,0.005479452054794521,6693.4,1.0,33.05,0.0830022672823447,2025-09-24
C,6725.0,0.005479452054794521,6693.4,1.0,5.25,0.08297703806222193,2025-09-24
P,6725.0,0.005479452054794521,6693.4,1.0,36.7,0.08195746808296488,2025-09-24
C,6730.0,0.005479452054794521,6693.4,1.0,4.15,0.08235040342614426,2025-09-24
P,6730.0,0.005479452054794521,6693.4,1.0,40.599999999999994,0.08121490884226619,2025-09-24
C,6735.0,0.005479452054794521,6693.4,1.0,3.25,0.08188592738063609,2025-09-24
P,6735.0,0.005479452054794521,6693.4,1.0,44.7,0.08059969552491025,2025-09-24
C,6740.0,0.005479452054794521,6693.4,1.0,2.5,0.08133977950769836,2025-09-24
P,6740.0,0.005479452054794521,6693.4,1.0,48.95,0.07985268247806657,2025-09-24
C,6745.0,0.005479452054794521,6693.4,1.0,1.925,0.08116728410050097,2025-09-24
P,6745.0,0.005479452054794521,6693.4,1.0,53.4,0.07972020160202005,2025-09-24
C,6750.0,0.005479452054794521,6693.4,1.0,1.475,0.08115384823182815,2025-09-24
P,6750.0,0.005479452054794521,6693.4,1.0,57.95,0.07943590537046767,2025-09-24
C,6755.0,0.005479452054794521,6693.4,1.0,1.15,0.08166566621889537,2025-09-24
P,6755.0,0.005479452054794521,6693.4,1.0,63.3,0.08954649837002827,2025-09-24
C,6760.0,0.005479452054794521,6693.4,1.0,0.875,0.08187722762749675,2025-09-24
P,6760.0,0.005479452054794521,6693.4,1.0,68.05,0.09141345156090196,2025-09-24
C,6765.0,0.005479452054794521,6693.4,1.0,0.675,0.08244549304471245,2025-09-24
P,6765.0,0.005479452054794521,6693.4,1.0,73.0,0.09584539454659553,2025-09-24
C,6620.0,0.00821917808219178,6694.0,1.0,81.15,0.12918834684815708,2025-09-25
P,6620.0,0.00821917808219178,6694.0,1.0,7.050000000000001,0.12853519490261273,2025-09-25
C,6625.0,0.00821917808219178,6694.0,1.0,76.69999999999999,0.126988091612933,2025-09-25
P,6625.0,0.00821917808219178,6694.0,1.0,7.6,0.12636436041345092,2025-09-25
C,6630.0,0.00821917808219178,6694.0,1.0,72.30000000000001,0.12478370752435959,2025-09-25
P,6630.0,0.00821917808219178,6694.0,1.0,8.2,0.12418746096081772,2025-09-25
C,6635.0,0.00821917808219178,6694.0,1.0,67.95,0.12254676248349085,2025-09-25
P,6635.0,0.00821917808219178,6694.0,1.0,8.899999999999999,0.12226160207164091,2025-09-25
C,6640.0,0.00821917808219178,6694.0,1.0,66.0,0.13276332688022405,2025-09-25
P,6640.0,0.00821917808219178,6694.0,1.0,9.600000000000001,0.119977365485371,2025-09-25
C,6645.0,0.00821917808219178,6694.0,1.0,58.1,0.1109433962142431,2025-09-25
P,6645.0,0.00821917808219178,6694.0,1.0,10.399999999999999,0.11787076655200941,2025-09-25
C,6650.0,0.00821917808219178,6694.0,1.0,55.3,0.11588738790677372,2025-09-25
P,6650.0,0.00821917808219178,6694.0,1.0,11.3,0.11588738790677656,2025-09-25
C,6655.0,0.00821917808219178,6694.0,1.0,51.349999999999994,0.11422133870330328,2025-09-25
P,6655.0,0.00821917808219178,6694.0,1.0,12.2,0.11349198271619829,2025-09-25
C,6660.0,0.00821917808219178,6694.0,1.0,49.2,0.1204769107730004,2025-09-25
P,6660.0,0.00821917808219178,6694.0,1.0,13.3,0.11163009378963926,2025-09-25
C,6665.0,0.00821917808219178,6694.0,1.0,43.55,0.10998420102658611,2025-09-25
P,6665.0,0.00821917808219178,6694.0,1.0,14.45,0.10952892086310703,2025-09-25
C,6670.0,0.00821917808219178,6694.0,1.0,39.85,0.10805566919947363,2025-09-25
P,6670.0,0.00821917808219178,6694.0,1.0,15.850000000000001,0.10805566919947568,2025-09-25
C,6675.0,0.00821917808219178,6694.0,1.0,36.25,0.1060438832831553,2025-09-25
P,6675.0,0.00821917808219178,6694.0,1.0,17.200000000000003,0.10582780941314444,2025-09-25
C,6680.0,0.00821917808219178,6694.0,1.0,32.900000000000006,0.10454913282994598,2025-09-25
P,6680.0,0.00821917808219178,6694.0,1.0,18.75,0.10391350921662927,2025-09-25
C,6685.0,0.00821917808219178,6694.0,1.0,29.65,0.10288088215288797,2025-09-25
P,6685.0,0.00821917808219178,6694.0,1.0,20.65,0.10288088215288797,2025-09-25
C,6690.0,0.00821917808219178,6694.0,1.0,26.55,0.10121684038004015,2025-09-25
P,6690.0,0.00821917808219178,6694.0,1.0,22.450000000000003,0.10080279349528991,2025-09-25
C,6695.0,0.00821917808219178,6694.0,1.0,23.6,0.09952142719622799,2025-09-25
P,6695.0,0.00821917808219178,6694.0,1.0,24.6,0.09952142719622983,2025-09-25
C,6700.0,0.00821917808219178,6694.0,1.0,20.85,0.09796776288445584,2025-09-25
P,6700.0,0.00821917808219178,6694.0,1.0,26.8,0.09776027918061747,2025-09-25
C,6705.0,0.00821917808219178,6694.0,1.0,18.3,0.0965286659831546,2025-09-25
P,6705.0,0.00821917808219178,6694.0,1.0,29.25,0.09631864233479377,2025-09-25
C,6710.0,0.00821917808219178,6694.0,1.0,16.0,0.09539968609662515,2025-09-25
P,6710.0,0.00821917808219178,6694.0,1.0,31.950000000000003,0.09518538331603643,2025-09-25
C,6715.0,0.00821917808219178,6694.0,1.0,13.8,0.09392799558774467,2025-09-25
P,6715.0,0.00821917808219178,6694.0,1.0,34.75,0.09370733114934286,2025-09-25
C,6720.0,0.00821917808219178,6694.0,1.0,11.899999999999999,0.09298572432541388,2025-09-25
P,6720.0,0.00821917808219178,6694.0,1.0,37.85,0.0927565564489538,2025-09-25
C,6725.0,0.00821917808219178,6694.0,1.0,10.100000000000001,0.091683293709711,2025-09-25
P,6725.0,0.00821917808219178,6694.0,1.0,40.95,0.09096100740146212,2025-09-25
C,6730.0,0.00821917808219178,6694.0,1.0,8.55,0.09073631688877681,2025-09-25
P,6730.0,0.00821917808219178,6694.0,1.0,44.349999999999994,0.08971485256187907,2025-09-25
C,6735.0,0.00821917808219178,6694.0,1.0,7.25,0.09023766021648687,2025-09-25
P,6735.0,0.00821917808219178,6694.0,1.0,48.05,0.0891458350696613,2025-09-25
C,6740.0,0.00821917808219178,6694.0,1.0,6.050000000000001,0.08945043402464853,2025-09-25
P,6740.0,0.00821917808219178,6694.0,1.0,51.849999999999994,0.08826885116723494,2025-09-25
C,6745.0,0.00821917808219178,6694.0,1.0,5.0,0.0886719584934522,2025-09-25
P,6745.0,0.00821917808219178,6694.0,1.0,55.8,0.0873783550622558,2025-09-25
C,6750.0,0.00821917808219178,6694.0,1.0,4.15,0.08832416253445281,2025-09-25
P,6750.0,0.00821917808219178,6694.0,1.0,59.9,0.08653762171644003,2025-09-25
C,6755.0,0.00821917808219178,6694.0,1.0,3.35,0.08745161436025659,2025-09-25
P,6755.0,0.00821917808219178,6694.0,1.0,64.2,0.08625396735381088,2025-09-25
C,6760.0,0.00821917808219178,6694.0,1.0,2.75,0.0872819465644641,2025-09-25
P,6760.0,0.00821917808219178,6694.0,1.0,68.55,0.08547999331935952,2025-09-25
C,6765.0,0.00821917808219178,6694.0,1.0,2.2,0.08670415013536296,2025-09-25
P,6765.0,0.00821917808219178,6694.0,1.0,73.05,0.08516222666318393,2025-09-25
C,6620.0,0.010958904109589041,6695.95,1.0,88.85,0.14346405201756848,2025-09-26
P,6620.0,0.010958904109589041,6695.95,1.0,10.600000000000001,0.1321513347323866,2025-09-26
C,6625.0,0.010958904109589041,6695.95,1.0,82.30000000000001,0.1305817987546505,2025-09-26
P,6625.0,0.010958904109589041,6695.95,1.0,11.3,0.13033813135707295,2025-09-26
C,6630.0,0.010958904109589041,6695.95,1.0,78.05,0.12874829190672812,2025-09-26
P,6630.0,0.010958904109589041,6695.95,1.0,12.100000000000001,0.12874829190672582,2025-09-26
C,6635.0,0.010958904109589041,6695.95,1.0,73.9,0.1271134035498198,2025-09-26
P,6635.0,0.010958904109589041,6695.95,1.0,12.899999999999999,0.1268858498694241,2025-09-26
C,6640.0,0.010958904109589041,6695.95,1.0,69.75,0.12519841689237393,2025-09-26
P,6640.0,0.010958904109589041,6695.95,1.0,13.8,0.12519841689237257,2025-09-26
C,6645.0,0.010958904109589041,6695.95,1.0,65.69999999999999,0.12343641819977995,2025-09-26
P,6645.0,0.010958904109589041,6695.95,1.0,14.8,0.12365010239824965,2025-09-26
C,6650.0,0.010958904109589041,6695.95,1.0,61.75,0.12179358989170473,2025-09-26
P,6650.0,0.010958904109589041,6695.95,1.0,15.85,0.12200112898577911,2025-09-26
C,6655.0,0.010958904109589041,6695.95,1.0,57.85,0.12003726065157068,2025-09-26
P,6655.0,0.010958904109589041,6695.95,1.0,17.0,0.1204411945974787,2025-09-26
C,6660.0,0.010958904109589041,6695.95,1.0,54.05,0.11835175963976224,2025-09-26
P,6660.0,0.010958904109589041,6695.95,1.0,18.1,0.11835175963976527,2025-09-26
C,6665.0,0.010958904109589041,6695.95,1.0,50.35,0.11671016227647457,2025-09-26
P,6665.0,0.010958904109589041,6695.95,1.0,19.4,0.11671016227647389,2025-09-26
C,6670.0,0.010958904109589041,6695.95,1.0,46.75,0.11508761054509264,2025-09-26
P,6670.0,0.010958904109589041,6695.95,1.0,20.85,0.11527629429874217,2025-09-26
C,6675.0,0.010958904109589041,6695.95,1.0,43.35,0.11383166519350203,2025-09-26
P,6675.0,0.010958904109589041,6695.95,1.0,22.35,0.11364627224545325,2025-09-26
C,6680.0,0.010958904109589041,6695.95,1.0,39.95,0.11217329594379319,2025-09-26
P,6680.0,0.010958904109589041,6695.95,1.0,24.0,0.11217329594379169,2025-09-26
C,6685.0,0.010958904109589041,6695.95,1.0,36.75,0.11082981466637977,2025-09-26
P,6685.0,0.010958904109589041,6695.95,1.0,25.75,0.11064907434988708,2025-09-26
C,6690.0,0.010958904109589041,6695.95,1.0,33.65,0.10941292648649215,2025-09-26
P,6690.0,0.010958904109589041,6695.95,1.0,27.7,0.10941292648648901,2025-09-26
C,6695.0,0.010958904109589041,6695.95,1.0,30.65,0.1079046865689596,2025-09-26
P,6695.0,0.010958904109589041,6695.95,1.0,29.7,0.10790468656895938,2025-09-26
C,6700.0,0.010958904109589041,6695.95,1.0,27.85,0.10664405502212636,2025-09-26
P,6700.0,0.010958904109589041,6695.95,1.0,31.9,0.10664405502212501,2025-09-26
C,6705.0,0.010958904109589041,6695.95,1.0,25.15,0.1052560981960114,2025-09-26
P,6705.0,0.010958904109589041,6695.95,1.0,34.25,0.1054361239528139,2025-09-26
C,6710.0,0.010958904109589041,6695.95,1.0,22.65,0.10408636044409951,2025-09-26
P,6710.0,0.010958904109589041,6695.95,1.0,36.75,0.10426830414747386,2025-09-26
C,6715.0,0.010958904109589041,6695.95,1.0,20.3,0.10294595503204251,2025-09-26
P,6715.0,0.010958904109589041,6695.95,1.0,39.400000000000006,0.10313080394858881,2025-09-26
C,6720.0,0.010958904109589041,6695.95,1.0,18.1,0.10182781588398124,2025-09-26
P,6720.0,0.010958904109589041,6695.95,1.0,42.2,0.10201666304410104,2025-09-26
C,6725.0,0.010958904109589041,6695.95,1.0,16.1,0.10092193412276237,2025-09-26
P,6725.0,0.010958904109589041,6695.95,1.0,45.15,0.1009219341227597,2025-09-26
C,6730.0,0.010958904109589041,6695.95,1.0,14.2,0.09984609768472262,2025-09-26
P,6730.0,0.010958904109589041,6695.95,1.0,48.25,0.09984609768472105,2025-09-26
C,6735.0,0.010958904109589041,6695.95,1.0,12.5,0.09900150036475894,2025-09-26
P,6735.0,0.010958904109589041,6695.95,1.0,51.5,0.09879275801753354,2025-09-26
C,6740.0,0.010958904109589041,6695.95,1.0,10.899999999999999,0.09798945727929037,2025-09-26
P,6740.0,0.010958904109589041,6695.95,1.0,54.9,0.09777074681756479,2025-09-26
C,6745.0,0.010958904109589041,6695.95,1.0,9.5,0.09725706278521667,2025-09-26
P,6745.0,0.010958904109589041,6695.95,1.0,58.45,0.09679581218938685,2025-09-26
C,6750.0,0.010958904109589041,6695.95,1.0,8.2,0.09638311643928894,2025-09-26
P,6750.0,0.010958904109589041,6695.95,1.0,62.150000000000006,0.09589308427747803,2025-09-26
C,6755.0,0.010958904109589041,6695.95,1.0,7.050000000000001,0.0956247538869597,2025-09-26
P,6755.0,0.010958904109589041,6695.95,1.0,66.05,0.09536295311270232,2025-09-26
C,6760.0,0.010958904109589041,6695.95,1.0,6.050000000000001,0.09503817284536907,2025-09-26
P,6760.0,0.010958904109589041,6695.95,1.0,70.0,0.09447408969638642,2025-09-26
C,6765.0,0.010958904109589041,6695.95,1.0,5.15,0.09439862345532557,2025-09-26
P,6765.0,0.010958904109589041,6695.95,1.0,74.1,0.09378663680785335,2025-09-26
C,6620.0,0.019178082191780823,6696.6,1.0,90.94999999999999,0.11417233890259698,2025-09-29
P,6620.0,0.019178082191780823,6696.6,1.0,14.3,0.11399514083071642,2025-09-29
C,6625.0,0.019178082191780823,6696.6,1.0,86.80000000000001,0.11291440680134937,2025-09-29
P,6625.0,0.019178082191780823,6696.6,1.0,15.15,0.11274224881092719,2025-09-29
C,6630.0,0.019178082191780823,6696.6,1.0,82.69999999999999,0.11164365361101988,2025-09-29
P,6630.0,0.019178082191780823,6696.6,1.0,16.05,0.1114762075386025,2025-09-29
C,6635.0,0.019178082191780823,6696.6,1.0,78.69999999999999,0.11051325728484811,2025-09-29
P,6635.0,0.019178082191780823,6696.6,1.0,17.049999999999997,0.11035028510290837,2025-09-29
C,6640.0,0.019178082191780823,6696.6,1.0,74.69999999999999,0.10918386116607777,2025-09-29
P,6640.0,0.019178082191780823,6696.6,1.0,18.049999999999997,0.10902493798573241,2025-09-29
C,6645.0,0.019178082191780823,6696.6,1.0,70.80000000000001,0.10796885394828286,2025-09-29
P,6645.0,0.019178082191780823,6696.6,1.0,19.15,0.10781372423220922,2025-09-29
C,6650.0,0.019178082191780823,6696.6,1.0,66.9,0.106545621483918,2025-09-29
P,6650.0,0.019178082191780823,6696.6,1.0,20.35,0.10669729148309916,2025-09-29
C,6655.0,0.019178082191780823,6696.6,1.0,63.15,0.10536116054872068,2025-09-29
P,6655.0,0.019178082191780823,6696.6,1.0,21.6,0.10550965795747388,2025-09-29
C,6660.0,0.019178082191780823,6696.6,1.0,59.5,0.10424359139624188,2025-09-29
P,6660.0,0.019178082191780823,6696.6,1.0,22.950000000000003,0.1043892232234161,2025-09-29
C,6665.0,0.019178082191780823,6696.6,1.0,55.95,0.10317769384134715,2025-09-29
P,6665.0,0.019178082191780823,6696.6,1.0,24.35,0.10317769384135252,2025-09-29
C,6670.0,0.019178082191780823,6696.6,1.0,52.45,0.10200872996078392,2025-09-29
P,6670.0,0.019178082191780823,6696.6,1.0,25.9,0.10214962351963434,2025-09-29
C,6675.0,0.019178082191780823,6696.6,1.0,49.05,0.1008686977504283,2025-09-29
P,6675.0,0.019178082191780823,6696.6,1.0,27.5,0.10100772971288333,2025-09-29
C,6680.0,0.019178082191780823,6696.6,1.0,45.75,0.09974495038935902,2025-09-29
P,6680.0,0.019178082191780823,6696.6,1.0,29.2,0.09988246638457297,2025-09-29
C,6685.0,0.019178082191780823,6696.6,1.0,42.599999999999994,0.0987620043286332,2025-09-29
P,6685.0,0.019178082191780823,6696.6,1.0,31.05,0.09889836027276426,2025-09-29
C,6690.0,0.019178082191780823,6696.6,1.0,39.55,0.09777070214360921,2025-09-29
P,6690.0,0.019178082191780823,6696.6,1.0,32.95,0.09777070214361286,2025-09-29
C,6695.0,0.019178082191780823,6696.6,1.0,36.599999999999994,0.0967613914556596,2025-09-29
P,6695.0,0.019178082191780823,6696.6,1.0,35.0,0.09676139145566008,2025-09-29
C,6700.0,0.019178082191780823,6696.6,1.0,33.75,0.09572468646170025,2025-09-29
P,6700.0,0.019178082191780823,6696.6,1.0,37.2,0.09585990003927887,2025-09-29
C,6705.0,0.019178082191780823,6696.6,1.0,31.05,0.09478694729065126,2025-09-29
P,6705.0,0.019178082191780823,6696.6,1.0,39.5,0.09492262788550151,2025-09-29
C,6710.0,0.019178082191780823,6696.6,1.0,28.5,0.09394148656194,2025-09-29
P,6710.0,0.019178082191780823,6696.6,1.0,41.900000000000006,0.09394148656194104,2025-09-29
C,6715.0,0.019178082191780823,6696.6,1.0,26.1,0.093184242081576,2025-09-29
P,6715.0,0.019178082191780823,6696.6,1.0,44.45,0.09304618832869074,2025-09-29
C,6720.0,0.019178082191780823,6696.6,1.0,23.8,0.09237390618290496,2025-09-29
P,6720.0,0.019178082191780823,6696.6,1.0,47.15,0.0922338750299865,2025-09-29
C,6725.0,0.019178082191780823,6696.6,1.0,21.6,0.09150452900167513,2025-09-29
P,6725.0,0.019178082191780823,6696.6,1.0,50.0,0.09150452900167247,2025-09-29
C,6730.0,0.019178082191780823,6696.6,1.0,19.549999999999997,0.09071548866303113,2025-09-29
P,6730.0,0.019178082191780823,6696.6,1.0,52.95,0.09071548866303303,2025-09-29
C,6735.0,0.019178082191780823,6696.6,1.0,17.65,0.09001151128159313,2025-09-29
P,6735.0,0.019178082191780823,6696.6,1.0,56.05,0.09001151128159529,2025-09-29
C,6740.0,0.019178082191780823,6696.6,1.0,15.85,0.08924686553812372,2025-09-29
P,6740.0,0.019178082191780823,6696.6,1.0,59.3,0.08940125924440369,2025-09-29
C,6745.0,0.019178082191780823,6696.6,1.0,14.25,0.08873820907191839,2025-09-29
P,6745.0,0.019178082191780823,6696.6,1.0,62.550000000000004,0.08841823116991847,2025-09-29
C,6750.0,0.019178082191780823,6696.6,1.0,12.7,0.08802200148854734,2025-09-29
P,6750.0,0.019178082191780823,6696.6,1.0,66.1,0.08802200148854757,2025-09-29
C,6755.0,0.019178082191780823,6696.6,1.0,11.35,0.08760082913639623,2025-09-29
P,6755.0,0.019178082191780823,6696.6,1.0,69.7,0.08742689268235072,2025-09-29
C,6760.0,0.019178082191780823,6696.6,1.0,10.05,0.08698049945794144,2025-09-29
P,6760.0,0.019178082191780823,6696.6,1.0,73.35,0.08661470100133677,2025-09-29
C,6765.0,0.019178082191780823,6696.6,1.0,8.8,0.08614132901834957,2025-09-29
P,6765.0,0.019178082191780823,6696.6,1.0,77.19999999999999,0.08614132901835637,2025-09-29
C,6620.0,0.021917808219178082,6696.45,1.0,95.1,0.12049926587781566,2025-09-30
P,6620.0,0.021917808219178082,6696.45,1.0,18.5,0.12002963397004723,2025-09-30
C,6625.0,0.021917808219178082,6696.45,1.0,91.1,0.11943500054756986,2025-09-30
P,6625.0,0.021917808219178082,6696.45,1.0,19.5,0.118976316237311,2025-09-30
C,6630.0,0.021917808219178082,6696.45,1.0,87.2,0.11850798090021657,2025-09-30
P,6630.0,0.021917808219178082,6696.45,1.0,20.5,0.11776054449971533,2025-09-30
C,6635.0,0.021917808219178082,6696.45,1.0,83.3,0.11740936881738365,2025-09-30
P,6635.0,0.021917808219178082,6696.45,1.0,21.75,0.11711688719441044,2025-09-30
C,6640.0,0.021917808219178082,6696.45,1.0,79.19999999999999,0.11556829930661787,2025-09-30
P,6640.0,0.021917808219178082,6696.45,1.0,22.85,0.11585519921590659,2025-09-30
C,6645.0,0.021917808219178082,6696.45,1.0,75.4,0.11442563519772438,2025-09-30
P,6645.0,0.021917808219178082,6696.45,1.0,24.049999999999997,0.11470711024347773,2025-09-30
C,6650.0,0.021917808219178082,6696.45,1.0,71.69999999999999,0.11338166775059726,2025-09-30
P,6650.0,0.021917808219178082,6696.45,1.0,25.3,0.11351990915408358,2025-09-30
C,6655.0,0.021917808219178082,6696.45,1.0,68.0,0.11215122736480013,2025-09-30
P,6655.0,0.021917808219178082,6696.45,1.0,26.75,0.11269505424264659,2025-09-30
C,6660.0,0.021917808219178082,6696.45,1.0,64.5,0.11127045240742661,2025-09-30
P,6660.0,0.021917808219178082,6696.45,1.0,28.05,0.11127045240742556,2025-09-30
C,6665.0,0.021917808219178082,6696.45,1.0,61.0,0.1101878498455342,2025-09-30
P,6665.0,0.021917808219178082,6696.45,1.0,29.65,0.1104520443794086,2025-09-30
C,6670.0,0.021917808219178082,6696.45,1.0,57.6,0.10916438120884894,2025-09-30
P,6670.0,0.021917808219178082,6696.45,1.0,31.15,0.10916438120884774,2025-09-30
C,6675.0,0.021917808219178082,6696.45,1.0,54.35,0.1083192386416129,2025-09-30
P,6675.0,0.021917808219178082,6696.45,1.0,32.85,0.10819004848003622,2025-09-30
C,6680.0,0.021917808219178082,6696.45,1.0,51.05,0.10712767312770384,2025-09-30
P,6680.0,0.021917808219178082,6696.45,1.0,34.65,0.10725578245451153,2025-09-30
C,6685.0,0.021917808219178082,6696.45,1.0,47.95,0.10622607620024507,2025-09-30
P,6685.0,0.021917808219178082,6696.45,1.0,36.6,0.10648064021335833,2025-09-30
C,6690.0,0.021917808219178082,6696.45,1.0,45.0,0.10547532862318403,2025-09-30
P,6690.0,0.021917808219178082,6696.45,1.0,38.6,0.10560205448722265,2025-09-30
C,6695.0,0.021917808219178082,6696.45,1.0,42.05,0.10448847829969742,2025-09-30
P,6695.0,0.021917808219178082,6696.45,1.0,40.6,0.10448847829969836,2025-09-30
C,6700.0,0.021917808219178082,6696.45,1.0,39.25,0.10363954779322716,2025-09-30
P,6700.0,0.021917808219178082,6696.45,1.0,42.75,0.10351308177234107,2025-09-30
C,6705.0,0.021917808219178082,6696.45,1.0,36.5,0.10266941508333528,2025-09-30
P,6705.0,0.021917808219178082,6696.45,1.0,45.05,0.10266941508333552,2025-09-30
C,6710.0,0.021917808219178082,6696.45,1.0,33.9,0.10182588039197084,2025-09-30
P,6710.0,0.021917808219178082,6696.45,1.0,47.45,0.10182588039197364,2025-09-30
C,6715.0,0.021917808219178082,6696.45,1.0,31.4,0.10097775948523349,2025-09-30
P,6715.0,0.021917808219178082,6696.45,1.0,49.95,0.10097775948523194,2025-09-30
C,6720.0,0.021917808219178082,6696.45,1.0,29.15,0.10051003147664662,2025-09-30
P,6720.0,0.021917808219178082,6696.45,1.0,52.65,0.10038026315059119,2025-09-30
C,6725.0,0.021917808219178082,6696.45,1.0,26.9,0.09977677922907648,2025-09-30
P,6725.0,0.021917808219178082,6696.45,1.0,55.4,0.09964527462153681,2025-09-30
C,6730.0,0.021917808219178082,6696.45,1.0,24.75,0.09903247521996164,2025-09-30
P,6730.0,0.021917808219178082,6696.45,1.0,58.25,0.09889881329299331,2025-09-30
C,6735.0,0.021917808219178082,6696.45,1.0,22.7,0.09827518817140443,2025-09-30
P,6735.0,0.021917808219178082,6696.45,1.0,61.2,0.09813890881279079,2025-09-30
C,6740.0,0.021917808219178082,6696.45,1.0,20.8,0.09764283573623653,2025-09-30
P,6740.0,0.021917808219178082,6696.45,1.0,64.3,0.09750347218839199,2025-09-30
C,6745.0,0.021917808219178082,6696.45,1.0,18.950000000000003,0.09685945232523523,2025-09-30
P,6745.0,0.021917808219178082,6696.45,1.0,67.4,0.09657332325099216,2025-09-30
C,6750.0,0.021917808219178082,6696.45,1.0,17.3,0.09635552395054651,2025-09-30
P,6750.0,0.021917808219178082,6696.45,1.0,70.8,0.09620832686478599,2025-09-30
C,6755.0,0.021917808219178082,6696.45,1.0,15.65,0.09555262438263988,2025-09-30
P,6755.0,0.021917808219178082,6696.45,1.0,74.3,0.09585667137725606,2025-09-30
C,6760.0,0.021917808219178082,6696.45,1.0,14.25,0.09521139099965527,2025-09-30
P,6760.0,0.021917808219178082,6696.45,1.0,77.9,0.09552615658414765,2025-09-30
C,6765.0,0.021917808219178082,6696.45,1.0,12.85,0.0945724129413757,2025-09-30
P,6765.0,0.021917808219178082,6696.45,1.0,81.6,0.09522672959691506,2025-09-30
C,6620.0,0.024657534246575342,6698.55,1.0,100.2,0.12395795105445635,2025-10-01
P,6620.0,0.024657534246575342,6698.55,1.0,21.700000000000003,0.1241019432521504,2025-10-01
C,6625.0,0.024657534246575342,6698.55,1.0,96.2,0.12280187649136545,2025-10-01
P,6625.0,0.024657534246575342,6698.55,1.0,22.6,0.12266069136736041,2025-10-01
C,6630.0,0.024657534246575342,6698.55,1.0,92.4,0.12206308379158888,2025-10-01
P,6630.0,0.024657534246575342,6698.55,1.0,23.799999999999997,0.12192473731781536,2025-10-01
C,6635.0,0.024657534246575342,6698.55,1.0,88.25,0.12021768062920654,2025-10-01
P,6635.0,0.024657534246575342,6698.55,1.0,24.950000000000003,0.12089723272203913,2025-10-01
C,6640.0,0.024657534246575342,6698.55,1.0,84.45,0.11918722865281257,2025-10-01
P,6640.0,0.024657534246575342,6698.55,1.0,26.15,0.1198548247737946,2025-10-01
C,6645.0,0.024657534246575342,6698.55,1.0,80.75,0.11826686225683257,2025-10-01
P,6645.0,0.024657534246575342,6698.55,1.0,27.4,0.11879204286704652,2025-10-01
C,6650.0,0.024657534246575342,6698.55,1.0,77.05,0.11718646753650483,2025-10-01
P,6650.0,0.024657534246575342,6698.55,1.0,28.55,0.11731576738581337,2025-10-01
C,6655.0,0.024657534246575342,6698.55,1.0,73.45,0.11620179160410601,2025-10-01
P,6655.0,0.024657534246575342,6698.55,1.0,30.1,0.1167113866992564,2025-10-01
C,6660.0,0.024657534246575342,6698.55,1.0,70.0,0.11542820253879231,2025-10-01
P,6660.0,0.024657534246575342,6698.55,1.0,31.6,0.11580529061455883,2025-10-01
C,6665.0,0.024657534246575342,6698.55,1.0,66.45,0.11423074889883926,2025-10-01
P,6665.0,0.024657534246575342,6698.55,1.0,33.1,0.11472758582615802,2025-10-01
C,6670.0,0.024657534246575342,6698.55,1.0,63.1,0.11335490002128355,2025-10-01
P,6670.0,0.024657534246575342,6698.55,1.0,34.7,0.11372356611659398,2025-10-01
C,6675.0,0.024657534246575342,6698.55,1.0,59.75,0.11229766381717386,2025-10-01
P,6675.0,0.024657534246575342,6698.55,1.0,36.4,0.11278471040593666,2025-10-01
C,6680.0,0.024657534246575342,6698.55,1.0,56.55,0.11142004694154908,2025-10-01
P,6680.0,0.024657534246575342,6698.55,1.0,38.2,0.11190334471944521,2025-10-01
C,6685.0,0.024657534246575342,6698.55,1.0,53.45,0.11059225343313504,2025-10-01
P,6685.0,0.024657534246575342,6698.55,1.0,40.05,0.11095252032221672,2025-10-01
C,6690.0,0.024657534246575342,6698.55,1.0,50.45,0.10980816703902044,2025-10-01
P,6690.0,0.024657534246575342,6698.55,1.0,42.0,0.11004728744878106,2025-10-01
C,6695.0,0.024657534246575342,6698.55,1.0,47.45,0.10882391515538774,2025-10-01
P,6695.0,0.024657534246575342,6698.55,1.0,44.05,0.1091816529918746,2025-10-01
C,6700.0,0.024657534246575342,6698.55,1.0,44.599999999999994,0.10799283700409933,2025-10-01
P,6700.0,0.024657534246575342,6698.55,1.0,46.05,0.10799283700410067,2025-10-01
C,6705.0,0.024657534246575342,6698.55,1.0,41.849999999999994,0.10719066508849406,2025-10-01
P,6705.0,0.024657534246575342,6698.55,1.0,48.45,0.10754854687900886,2025-10-01
C,6710.0,0.024657534246575342,6698.55,1.0,39.2,0.10641330829734694,2025-10-01
P,6710.0,0.024657534246575342,6698.55,1.0,50.75,0.1066526629956907,2025-10-01
C,6715.0,0.024657534246575342,6698.55,1.0,36.6,0.10553694842467158,2025-10-01
P,6715.0,0.024657534246575342,6698.55,1.0,53.15,0.10577758550864731,2025-10-01
C,6720.0,0.024657534246575342,6698.55,1.0,34.2,0.10491964233223733,2025-10-01
P,6720.0,0.024657534246575342,6698.55,1.0,55.75,0.10516208721049791,2025-10-01
C,6725.0,0.024657534246575342,6698.55,1.0,31.8,0.10407567204037393,2025-10-01
P,6725.0,0.024657534246575342,6698.55,1.0,58.4,0.10444292601333728,2025-10-01
C,6730.0,0.024657534246575342,6698.55,1.0,29.6,0.10349091429106674,2025-10-01
P,6730.0,0.024657534246575342,6698.55,1.0,61.150000000000006,0.10373872997884219,2025-10-01
C,6735.0,0.024657534246575342,6698.55,1.0,27.4,0.10267124273031199,2025-10-01
P,6735.0,0.024657534246575342,6698.55,1.0,64.0,0.10304844465265148,2025-10-01
C,6740.0,0.024657534246575342,6698.55,1.0,25.4,0.10211591281370712,2025-10-01
P,6740.0,0.024657534246575342,6698.55,1.0,66.95,0.10237169299741139,2025-10-01
C,6745.0,0.024657534246575342,6698.55,1.0,23.450000000000003,0.10144799302100839,2025-10-01
P,6745.0,0.024657534246575342,6698.55,1.0,70.0,0.101708851657177,2025-10-01
C,6750.0,0.024657534246575342,6698.55,1.0,21.65,0.10092778439503056,2025-10-01
P,6750.0,0.024657534246575342,6698.55,1.0,73.0,0.10066095462103783,2025-10-01
C,6755.0,0.024657534246575342,6698.55,1.0,19.85,0.10015722697809297,2025-10-01
P,6755.0,0.024657534246575342,6698.55,1.0,76.3,0.10015722697809094,2025-10-01
C,6760.0,0.024657534246575342,6698.55,1.0,18.25,0.09968040384369607,2025-10-01
P,6760.0,0.024657534246575342,6698.55,1.0,79.7,0.09968040384369363,2025-10-01
C,6765.0,0.024657534246575342,6698.55,1.0,16.75,0.0992365542176133,2025-10-01
P,6765.0,0.024657534246575342,6698.55,1.0,83.3,0.09952621299375558,2025-10-01
C,6620.0,0.0273972602739726,6699.35,1.0,104.1,0.1265671979211377,2025-10-02
P,6620.0,0.0273972602739726,6699.35,1.0,24.65,0.1262997701432997,2025-10-02
C,6625.0,0.0273972602739726,6699.35,1.0,100.2,0.12558997063176683,2025-10-02
P,6625.0,0.0273972602739726,6699.35,1.0,25.85,0.12558997063176933,2025-10-02
C,6630.0,0.0273972602739726,6699.35,1.0,96.15,0.1240986464681367,2025-10-02
P,6630.0,0.0273972602739726,6699.35,1.0,27.0,0.12461507644964878,2025-10-02
C,6635.0,0.0273972602739726,6699.35,1.0,92.35,0.12312943943180596,2025-10-02
P,6635.0,0.0273972602739726,6699.35,1.0,28.15,0.12351047443181082,2025-10-02
C,6640.0,0.0273972602739726,6699.35,1.0,88.55,0.1220269404944097,2025-10-02
P,6640.0,0.0273972602739726,6699.35,1.0,29.25,0.12215203339941562,2025-10-02
C,6645.0,0.0273972602739726,6699.35,1.0,84.85,0.12103846150625118,2025-10-02
P,6645.0,0.0273972602739726,6699.35,1.0,30.700000000000003,0.12153138184660406,2025-10-02
C,6650.0,0.0273972602739726,6699.35,1.0,81.25,0.12015393132544645,2025-10-02
P,6650.0,0.0273972602739726,6699.35,1.0,32.0,0.12039702951945795,2025-10-02
C,6655.0,0.0273972602739726,6699.35,1.0,77.69999999999999,0.11924418862655528,2025-10-02
P,6655.0,0.0273972602739726,6699.35,1.0,33.45,0.1194841872876723,2025-10-02
C,6660.0,0.0273972602739726,6699.35,1.0,74.15,0.118186606190398,2025-10-02
P,6660.0,0.0273972602739726,6699.35,1.0,34.8,0.11818660619039871,2025-10-02
C,6665.0,0.0273972602739726,6699.35,1.0,70.75,0.1173330198227419,2025-10-02
P,6665.0,0.0273972602739726,6699.35,1.0,36.5,0.11756772545102617,2025-10-02
C,6670.0,0.0273972602739726,6699.35,1.0,67.35,0.11632350425071576,2025-10-02
P,6670.0,0.0273972602739726,6699.35,1.0,38.1,0.11655601696844253,2025-10-02
C,6675.0,0.0273972602739726,6699.35,1.0,64.05,0.11538780734516883,2025-10-02
P,6675.0,0.0273972602739726,6699.35,1.0,39.8,0.11561842442747321,2025-10-02
C,6680.0,0.0273972602739726,6699.35,1.0,60.849999999999994,0.11451920556458028,2025-10-02
P,6680.0,0.0273972602739726,6699.35,1.0,41.6,0.1147482384215971,2025-10-02
C,6685.0,0.0273972602739726,6699.35,1.0,57.75,0.11371170427975376,2025-10-02
P,6685.0,0.0273972602739726,6699.35,1.0,43.45,0.1138255912901541,2025-10-02
C,6690.0,0.0273972602739726,6699.35,1.0,54.75,0.11296003760774645,2025-10-02
P,6690.0,0.0273972602739726,6699.35,1.0,45.4,0.11296003760774899,2025-10-02
C,6695.0,0.0273972602739726,6699.35,1.0,51.75,0.1120333624462204,2025-10-02
P,6695.0,0.0273972602739726,6699.35,1.0,47.45,0.11214649812610304,2025-10-02
C,6700.0,0.0273972602739726,6699.35,1.0,48.900000000000006,0.1112675351946219,2025-10-02
P,6700.0,0.0273972602739726,6699.35,1.0,49.55,0.11126753519462271,2025-10-02
C,6705.0,0.0273972602739726,6699.35,1.0,46.05,0.11031915581078174,2025-10-02
P,6705.0,0.0273972602739726,6699.35,1.0,51.65,0.11020605335838264,2025-10-02
C,6710.0,0.0273972602739726,6699.35,1.0,43.349999999999994,0.10952359431456443,2025-10-02
P,6710.0,0.0273972602739726,6699.35,1.0,54.05,0.10963696794839116,2025-10-02
C,6715.0,0.0273972602739726,6699.35,1.0,40.75,0.10876472703921504,2025-10-02
P,6715.0,0.0273972602739726,6699.35,1.0,56.45,0.10887857586734105,2025-10-02
C,6720.0,0.0273972602739726,6699.35,1.0,38.3,0.1081546089443541,2025-10-02
P,6720.0,0.0273972602739726,6699.35,1.0,58.95,0.108154608944357,2025-10-02
C,6725.0,0.0273972602739726,6699.35,1.0,35.9,0.10746321567318855,2025-10-02
P,6725.0,0.0273972602739726,6699.35,1.0,61.55,0.10746321567318891,2025-10-02
C,6730.0,0.0273972602739726,6699.35,1.0,33.6,0.10680319315654889,2025-10-02
P,6730.0,0.0273972602739726,6699.35,1.0,64.3,0.10691978310811885,2025-10-02
C,6735.0,0.0273972602739726,6699.35,1.0,31.35,0.10605602167439705,2025-10-02
P,6735.0,0.0273972602739726,6699.35,1.0,67.05,0.1061740168534593,2025-10-02
C,6740.0,0.0273972602739726,6699.35,1.0,29.25,0.10545623446382063,2025-10-02
P,6740.0,0.0273972602739726,6699.35,1.0,69.9,0.10545623446381741,2025-10-02
C,6745.0,0.0273972602739726,6699.35,1.0,27.200000000000003,0.10476658993216223,2025-10-02
P,6745.0,0.0273972602739726,6699.35,1.0,72.85,0.10476658993216433,2025-10-02
C,6750.0,0.0273972602739726,6699.35,1.0,25.35,0.10435377173300701,2025-10-02
P,6750.0,0.0273972602739726,6699.35,1.0,75.95,0.10422992230594764,2025-10-02
C,6755.0,0.0273972602739726,6699.35,1.0,23.5,0.10372935351626252,2025-10-02
P,6755.0,0.0273972602739726,6699.35,1.0,78.9,0.10309682186848045,2025-10-02
C,6760.0,0.0273972602739726,6699.35,1.0,21.85,0.10339805410896967,2025-10-02
P,6760.0,0.0273972602739726,6699.35,1.0,82.2,0.1026217108908676,2025-10-02
C,6765.0,0.0273972602739726,6699.35,1.0,20.1,0.10258815575490822,2025-10-02
P,6765.0,0.0273972602739726,6699.35,1.0,85.6,0.10218996665179782,2025-10-02
C,6620.0,0.030136986301369864,6701.4,1.0,108.4,0.12785944241945185,2025-10-03
P,6620.0,0.030136986301369864,6701.4,1.0,29.55,0.13424632400693146,2025-10-03
C,6625.0,0.030136986301369864,6701.4,1.0,107.0,0.13302485150557292,2025-10-03
P,6625.0,0.030136986301369864,6701.4,1.0,30.7,0.1332699427524464,2025-10-03
C,6630.0,0.030136986301369864,6701.4,1.0,103.15,0.13194225350371747,2025-10-03
P,6630.0,0.030136986301369864,6701.4,1.0,31.85,0.13218387301097106,2025-10-03
C,6635.0,0.030136986301369864,6701.4,1.0,99.4,0.1309887084565144,2025-10-03
P,6635.0,0.030136986301369864,6701.4,1.0,33.15,0.1313461319448027,2025-10-03
C,6640.0,0.030136986301369864,6701.4,1.0,95.75,0.13015511631620497,2025-10-03
P,6640.0,0.030136986301369864,6701.4,1.0,34.6,0.13074289613820786,2025-10-03
C,6645.0,0.030136986301369864,6701.4,1.0,92.05,0.1290846850435603,2025-10-03
P,6645.0,0.030136986301369864,6701.4,1.0,35.75,0.12931699633369023,2025-10-03
C,6650.0,0.030136986301369864,6701.4,1.0,88.45,0.1281264064266507,2025-10-03
P,6650.0,0.030136986301369864,6701.4,1.0,37.3,0.1287004140588095,2025-10-03
C,6655.0,0.030136986301369864,6701.4,1.0,84.95,0.12727253418129414,2025-10-03
P,6655.0,0.030136986301369864,6701.4,1.0,38.65,0.12749970112710388,2025-10-03
C,6660.0,0.030136986301369864,6701.4,1.0,81.5,0.12640357694639956,2025-10-03
P,6660.0,0.030136986301369864,6701.4,1.0,40.15,0.12651604231544003,2025-10-03
C,6665.0,0.030136986301369864,6701.4,1.0,78.15,0.12562772425412352,2025-10-03
P,6665.0,0.030136986301369864,6701.4,1.0,41.75,0.125627724254121,2025-10-03
C,6670.0,0.030136986301369864,6701.4,1.0,74.75,0.12460736000066996,2025-10-03
P,6670.0,0.030136986301369864,6701.4,1.0,43.35,0.12460736000066774,2025-10-03
C,6675.0,0.030136986301369864,6701.4,1.0,71.44999999999999,0.1236736038116333,2025-10-03
P,6675.0,0.030136986301369864,6701.4,1.0,45.15,0.12389317916534937,2025-10-03
C,6680.0,0.030136986301369864,6701.4,1.0,68.30000000000001,0.12292997224794636,2025-10-03
P,6680.0,0.030136986301369864,6701.4,1.0,46.900000000000006,0.1229299722479448,2025-10-03
C,6685.0,0.030136986301369864,6701.4,1.0,65.15,0.122044091997894,2025-10-03
P,6685.0,0.030136986301369864,6701.4,1.0,48.8,0.12215268520685611,2025-10-03
C,6690.0,0.030136986301369864,6701.4,1.0,62.099999999999994,0.12123084443648513,2025-10-03
P,6690.0,0.030136986301369864,6701.4,1.0,50.7,0.12123084443648338,2025-10-03
C,6695.0,0.030136986301369864,6701.4,1.0,59.099999999999994,0.12037824701312802,2025-10-03
P,6695.0,0.030136986301369864,6701.4,1.0,52.9,0.12080985371373042,2025-10-03
C,6700.0,0.030136986301369864,6701.4,1.0,56.2,0.11959103959815866,2025-10-03
P,6700.0,0.030136986301369864,6701.4,1.0,54.8,0.11959103959815723,2025-10-03
C,6705.0,0.030136986301369864,6701.4,1.0,53.4,0.11886598097522184,2025-10-03
P,6705.0,0.030136986301369864,6701.4,1.0,57.1,0.11908147133320801,2025-10-03
C,6710.0,0.030136986301369864,6701.4,1.0,50.7,0.11820043986638851,2025-10-03
P,6710.0,0.030136986301369864,6701.4,1.0,59.4,0.1184161972164106,2025-10-03
C,6715.0,0.030136986301369864,6701.4,1.0,48.0,0.11737608366987297,2025-10-03
P,6715.0,0.030136986301369864,6701.4,1.0,61.75,0.11770056655864966,2025-10-03
C,6720.0,0.030136986301369864,6701.4,1.0,45.400000000000006,0.11660611191127566,2025-10-03
P,6720.0,0.030136986301369864,6701.4,1.0,64.0,0.11660611191127515,2025-10-03
C,6725.0,0.030136986301369864,6701.4,1.0,42.95,0.11599804467332,2025-10-03
P,6725.0,0.030136986301369864,6701.4,1.0,66.65,0.11621643761984586,2025-10-03
C,6730.0,0.030136986301369864,6701.4,1.0,40.55,0.11533318833341032,2025-10-03
P,6730.0,0.030136986301369864,6701.4,1.0,69.25,0.1155531145563578,2025-10-03
C,6735.0,0.030136986301369864,6701.4,1.0,38.25,0.11471974918925326,2025-10-03
P,6735.0,0.030136986301369864,6701.4,1.0,71.9,0.11483065683479664,2025-10-03
C,6740.0,0.030136986301369864,6701.4,1.0,35.95,0.1139339322573422,2025-10-03
P,6740.0,0.030136986301369864,6701.4,1.0,74.65,0.11415802251347493,2025-10-03
C,6745.0,0.030136986301369864,6701.4,1.0,33.8,0.11330893572881069,2025-10-03
P,6745.0,0.030136986301369864,6701.4,1.0,77.55,0.11364903836889806,2025-10-03
C,6750.0,0.030136986301369864,6701.4,1.0,31.75,0.11273505564405252,2025-10-03
P,6750.0,0.030136986301369864,6701.4,1.0,80.45,0.11296486575005617,2025-10-03
C,6755.0,0.030136986301369864,6701.4,1.0,29.799999999999997,0.11221432692237565,2025-10-03
P,6755.0,0.030136986301369864,6701.4,1.0,83.45,0.11233098455954864,2025-10-03
C,6760.0,0.030136986301369864,6701.4,1.0,27.9,0.11163103233165239,2025-10-03
P,6760.0,0.030136986301369864,6701.4,1.0,86.3,0.11115618854061214,2025-10-03
C,6765.0,0.030136986301369864,6701.4,1.0,26.1,0.11110330878472144,2025-10-03
P,6765.0,0.030136986301369864,6701.4,1.0,89.5,0.11061949054738683,2025-10-03
C,6610.0,0.038356164383561646,6701.7,1.0,120.0,0.1230061407011896,2025-10-06
P,6610.0,0.038356164383561646,6701.7,1.0,31.0,0.12907431091760468,2025-10-06
C,6615.0,0.038356164383561646,6701.7,1.0,116.2,0.12241426204749416,2025-10-06
P,6615.0,0.038356164383561646,6701.7,1.0,32.1,0.12816865853536769,2025-10-06
C,6620.0,0.038356164383561646,6701.7,1.0,114.65,0.12663261371717474,2025-10-06
P,6620.0,0.038356164383561646,6701.7,1.0,33.05,0.12684973847226588,2025-10-06
C,6625.0,0.038356164383561646,6701.7,1.0,110.9,0.12588041242097772,2025-10-06
P,6625.0,0.038356164383561646,6701.7,1.0,34.4,0.12630869300819172,2025-10-06
C,6630.0,0.038356164383561646,6701.7,1.0,107.1,0.1249268318656624,2025-10-06
P,6630.0,0.038356164383561646,6701.7,1.0,35.6,0.12534970930842126,2025-10-06
C,6635.0,0.038356164383561646,6701.7,1.0,103.4,0.1240897834948543,2025-10-06
P,6635.0,0.038356164383561646,6701.7,1.0,36.849999999999994,0.12440309404602612,2025-10-06
C,6640.0,0.038356164383561646,6701.7,1.0,99.75,0.12325884673235173,2025-10-06
P,6640.0,0.038356164383561646,6701.7,1.0,38.05,0.12325884673235012,2025-10-06
C,6645.0,0.038356164383561646,6701.7,1.0,96.1,0.12232873099513908,2025-10-06
P,6645.0,0.038356164383561646,6701.7,1.0,39.6,0.12273715767043421,2025-10-06
C,6650.0,0.038356164383561646,6701.7,1.0,92.55,0.12150166524893836,2025-10-06
P,6650.0,0.038356164383561646,6701.7,1.0,40.900000000000006,0.12160274184628134,2025-10-06
C,6655.0,0.038356164383561646,6701.7,1.0,89.1,0.12077155705649953,2025-10-06
P,6655.0,0.038356164383561646,6701.7,1.0,42.55,0.12107186037142849,2025-10-06
C,6660.0,0.038356164383561646,6701.7,1.0,85.65,0.11993441655928726,2025-10-06
P,6660.0,0.038356164383561646,6701.7,1.0,44.05,0.12013288020762027,2025-10-06
C,6665.0,0.038356164383561646,6701.7,1.0,82.19999999999999,0.1189900456766452,2025-10-06
P,6665.0,0.038356164383561646,6701.7,1.0,45.5,0.1189900456766443,2025-10-06
C,6670.0,0.038356164383561646,6701.7,1.0,78.9,0.11823101963903825,2025-10-06
P,6670.0,0.038356164383561646,6701.7,1.0,47.349999999999994,0.11852425713385013,2025-10-06
C,6675.0,0.038356164383561646,6701.7,1.0,75.65,0.11745635863539039,2025-10-06
P,6675.0,0.038356164383561646,6701.7,1.0,49.05,0.11765063134892771,2025-10-06
C,6680.0,0.038356164383561646,6701.7,1.0,72.45,0.1166635717872931,2025-10-06
P,6680.0,0.038356164383561646,6701.7,1.0,50.849999999999994,0.11685680781793574,2025-10-06
C,6685.0,0.038356164383561646,6701.7,1.0,69.3,0.11585015560842979,2025-10-06
P,6685.0,0.038356164383561646,6701.7,1.0,52.599999999999994,0.11585015560842939,2025-10-06
C,6690.0,0.038356164383561646,6701.7,1.0,66.25,0.11510942588959609,2025-10-06
P,6690.0,0.038356164383561646,6701.7,1.0,54.55,0.11510942588959681,2025-10-06
C,6695.0,0.038356164383561646,6701.7,1.0,63.3,0.11443808540078444,2025-10-06
P,6695.0,0.038356164383561646,6701.7,1.0,56.650000000000006,0.11453372418748463,2025-10-06
C,6700.0,0.038356164383561646,6701.7,1.0,60.35,0.11364234042070409,2025-10-06
P,6700.0,0.038356164383561646,6701.7,1.0,58.65,0.1136423404207039,2025-10-06
C,6705.0,0.038356164383561646,6701.7,1.0,57.5,0.1129110517950455,2025-10-06
P,6705.0,0.038356164383561646,6701.7,1.0,60.9,0.11310204349510579,2025-10-06
C,6710.0,0.038356164383561646,6701.7,1.0,54.75,0.11224186646849313,2025-10-06
P,6710.0,0.038356164383561646,6701.7,1.0,63.150000000000006,0.11243304192277624,2025-10-06
C,6715.0,0.038356164383561646,6701.7,1.0,52.05,0.11153715892129575,2025-10-06
P,6715.0,0.038356164383561646,6701.7,1.0,65.5,0.11182454004741439,2025-10-06
C,6720.0,0.038356164383561646,6701.7,1.0,49.45,0.11089077980395573,2025-10-06
P,6720.0,0.038356164383561646,6701.7,1.0,67.8,0.11098689929091922,2025-10-06
C,6725.0,0.038356164383561646,6701.7,1.0,46.95,0.11030162231003417,2025-10-06
P,6725.0,0.038356164383561646,6701.7,1.0,70.3,0.11039818948240276,2025-10-06
C,6730.0,0.038356164383561646,6701.7,1.0,44.45,0.10957483903888951,2025-10-06
P,6730.0,0.038356164383561646,6701.7,1.0,72.9,0.10986627237015689,2025-10-06
C,6740.0,0.038356164383561646,6701.7,1.0,39.8,0.10838135237565787,2025-10-06
P,6740.0,0.038356164383561646,6701.7,1.0,78.15,0.1084800670803889,2025-10-06
C,6750.0,0.038356164383561646,6701.7,1.0,35.5,0.1073082203564361,2025-10-06
P,6750.0,0.038356164383561646,6701.7,1.0,83.8,0.1073082203564358,2025-10-06
C,6760.0,0.038356164383561646,6701.7,1.0,31.5,0.10625657969418635,2025-10-06
P,6760.0,0.038356164383561646,6701.7,1.0,89.8,0.10625657969418746,2025-10-06
C,6770.0,0.038356164383561646,6701.7,1.0,27.799999999999997,0.10522873209785255,2025-10-06
P,6770.0,0.038356164383561646,6701.7,1.0,95.9,0.10479957031621583,2025-10-06
C,6775.0,0.038356164383561646,6701.7,1.0,26.1,0.10480773566841198,2025-10-06
P,6775.0,0.038356164383561646,6701.7,1.0,99.2,0.10437029292814748,2025-10-06
C,6610.0,0.0410958904109589,6702.4,1.0,123.6,0.12556401439621734,2025-10-07
P,6610.0,0.0410958904109589,6702.4,1.0,33.8,0.13113361358770212,2025-10-07
C,6615.0,0.0410958904109589,6702.4,1.0,122.1,0.12976383684622714,2025-10-07
P,6615.0,0.0410958904109589,6702.4,1.0,34.9,0.1301843382794937,2025-10-07
C,6620.0,0.0410958904109589,6702.4,1.0,118.3,0.1289477245636581,2025-10-07
P,6620.0,0.0410958904109589,6702.4,1.0,36.05,0.1292591013300487,2025-10-07
C,6625.0,0.0410958904109589,6702.4,1.0,114.5,0.12804678598105498,2025-10-07
P,6625.0,0.0410958904109589,6702.4,1.0,37.25,0.12835438527690585,2025-10-07
C,6630.0,0.0410958904109589,6702.4,1.0,110.8,0.12726416466991575,2025-10-07
P,6630.0,0.0410958904109589,6702.4,1.0,38.45,0.12736550391826654,2025-10-07
C,6635.0,0.0410958904109589,6702.4,1.0,107.1,0.12639279912259027,2025-10-07
P,6635.0,0.0410958904109589,6702.4,1.0,39.75,0.12649301153300005,2025-10-07
C,6640.0,0.0410958904109589,6702.4,1.0,103.4,0.125432981010635,2025-10-07
P,6640.0,0.0410958904109589,6702.4,1.0,41.150000000000006,0.12573044316091356,2025-10-07
C,6645.0,0.0410958904109589,6702.4,1.0,99.8,0.12458105668708956,2025-10-07
P,6645.0,0.0410958904109589,6702.4,1.0,42.55,0.12487555303374495,2025-10-07
C,6650.0,0.0410958904109589,6702.4,1.0,96.3,0.12383118546075553,2025-10-07
P,6650.0,0.0410958904109589,6702.4,1.0,43.95,0.12392843332614277,2025-10-07
C,6655.0,0.0410958904109589,6702.4,1.0,92.8,0.1229852373284548,2025-10-07
P,6655.0,0.0410958904109589,6702.4,1.0,45.45,0.12308163976954514,2025-10-07
C,6660.0,0.0410958904109589,6702.4,1.0,89.3,0.12204305689254605,2025-10-07
P,6660.0,0.0410958904109589,6702.4,1.0,47.0,0.1222343224846557,2025-10-07
C,6665.0,0.0410958904109589,6702.4,1.0,85.9,0.12119398462166031,2025-10-07
P,6665.0,0.0410958904109589,6702.4,1.0,48.6,0.12138385403931949,2025-10-07
C,6670.0,0.0410958904109589,6702.4,1.0,82.55,0.12033903256777029,2025-10-07
P,6670.0,0.0410958904109589,6702.4,1.0,50.25,0.12052765768704407,2025-10-07
C,6675.0,0.0410958904109589,6702.4,1.0,79.3,0.11956942488738996,2025-10-07
P,6675.0,0.0410958904109589,6702.4,1.0,52.0,0.1197569563772384,2025-10-07
C,6680.0,0.0410958904109589,6702.4,1.0,76.1,0.11878793176734381,2025-10-07
P,6680.0,0.0410958904109589,6702.4,1.0,53.75,0.11888123188885898,2025-10-07
C,6685.0,0.0410958904109589,6702.4,1.0,73.0,0.11808519073305739,2025-10-07
P,6685.0,0.0410958904109589,6702.4,1.0,55.6,0.11808519073305673,2025-10-07
C,6690.0,0.0410958904109589,6702.4,1.0,69.9,0.11727277649816313,2025-10-07
P,6690.0,0.0410958904109589,6702.4,1.0,57.55,0.11736539114407354,2025-10-07
C,6695.0,0.0410958904109589,6702.4,1.0,66.9,0.11653407245693467,2025-10-07
P,6695.0,0.0410958904109589,6702.4,1.0,59.5,0.11653407245693262,2025-10-07
C,6700.0,0.0410958904109589,6702.4,1.0,64.0,0.11586634456323115,2025-10-07
P,6700.0,0.0410958904109589,6702.4,1.0,61.6,0.11586634456323078,2025-10-07
C,6705.0,0.0410958904109589,6702.4,1.0,61.150000000000006,0.1151750908804427,2025-10-07
P,6705.0,0.0410958904109589,6702.4,1.0,63.7,0.1150828473924511,2025-10-07
C,6710.0,0.0410958904109589,6702.4,1.0,58.349999999999994,0.11445836290852336,2025-10-07
P,6710.0,0.0410958904109589,6702.4,1.0,65.9,0.11436605646351024,2025-10-07
C,6715.0,0.0410958904109589,6702.4,1.0,55.6,0.1137141349465935,2025-10-07
P,6715.0,0.0410958904109589,6702.4,1.0,68.2,0.11371413494659129,2025-10-07
C,6720.0,0.0410958904109589,6702.4,1.0,53.0,0.11312572517124053,2025-10-07
P,6720.0,0.0410958904109589,6702.4,1.0,70.5,0.1129402594255459,2025-10-07
C,6725.0,0.0410958904109589,6702.4,1.0,50.4,0.1124137829689751,2025-10-07
P,6725.0,0.0410958904109589,6702.4,1.0,73.0,0.11241378296897515,2025-10-07
C,6730.0,0.0410958904109589,6702.4,1.0,47.95,0.11185586954123623,2025-10-07
P,6730.0,0.0410958904109589,6702.4,1.0,75.5,0.11176228504951631,2025-10-07
C,6740.0,0.0410958904109589,6702.4,1.0,43.150000000000006,0.11054447805979938,2025-10-07
P,6740.0,0.0410958904109589,6702.4,1.0,80.7,0.11044957360096229,2025-10-07
C,6750.0,0.0410958904109589,6702.4,1.0,38.75,0.10947004280494585,2025-10-07
P,6750.0,0.0410958904109589,6702.4,1.0,86.3,0.10937332149827715,2025-10-07
C,6760.0,0.0410958904109589,6702.4,1.0,34.650000000000006,0.10844420082695352,2025-10-07
P,6760.0,0.0410958904109589,6702.4,1.0,92.1,0.10814688978114154,2025-10-07
C,6770.0,0.0410958904109589,6702.4,1.0,30.799999999999997,0.10736781694165226,2025-10-07
P,6770.0,0.0410958904109589,6702.4,1.0,98.0,0.10655051573765165,2025-10-07
C,6775.0,0.0410958904109589,6702.4,1.0,29.0,0.10687451272656483,2025-10-07
P,6775.0,0.0410958904109589,6702.4,1.0,101.3,0.10625109647721744,2025-10-07
C,6610.0,0.043835616438356165,6703.2,1.0,129.7,0.132999052243311,2025-10-08
P,6610.0,0.043835616438356165,6703.2,1.0,36.650000000000006,0.13330513723235882,2025-10-08
C,6615.0,0.043835616438356165,6703.2,1.0,125.8,0.13201881470965418,2025-10-08
P,6615.0,0.043835616438356165,6703.2,1.0,37.8,0.13242204458328313,2025-10-08
C,6620.0,0.043835616438356165,6703.2,1.0,122.05,0.13126446703813546,2025-10-08
P,6620.0,0.043835616438356165,6703.2,1.0,38.95,0.13146372992473163,2025-10-08
C,6625.0,0.043835616438356165,6703.2,1.0,118.2,0.13023332713998717,2025-10-08
P,6625.0,0.043835616438356165,6703.2,1.0,40.150000000000006,0.1305289249735515,2025-10-08
C,6630.0,0.043835616438356165,6703.2,1.0,114.5,0.1294195529661815,2025-10-08
P,6630.0,0.043835616438356165,6703.2,1.0,41.45,0.12971195927051424,2025-10-08
C,6635.0,0.043835616438356165,6703.2,1.0,110.8,0.12852449877322222,2025-10-08
P,6635.0,0.043835616438356165,6703.2,1.0,42.75,0.12881392410609255,2025-10-08
C,6640.0,0.043835616438356165,6703.2,1.0,107.15,0.12764382350201986,2025-10-08
P,6640.0,0.043835616438356165,6703.2,1.0,44.05,0.12783491139294684,2025-10-08
C,6645.0,0.043835616438356165,6703.2,1.0,103.6,0.12686941147340128,2025-10-08
P,6645.0,0.043835616438356165,6703.2,1.0,45.45,0.12696407486829953,2025-10-08
C,6650.0,0.043835616438356165,6703.2,1.0,100.0,0.1259145734537462,2025-10-08
P,6650.0,0.043835616438356165,6703.2,1.0,46.75,0.1258207125548897,2025-10-08
C,6655.0,0.043835616438356165,6703.2,1.0,96.5,0.12506072980888258,2025-10-08
P,6655.0,0.043835616438356165,6703.2,1.0,48.25,0.12496762426375535,2025-10-08
C,6660.0,0.043835616438356165,6703.2,1.0,93.1,0.12430310654834668,2025-10-08
P,6660.0,0.043835616438356165,6703.2,1.0,49.95,0.12439551189819376,2025-10-08
C,6665.0,0.043835616438356165,6703.2,1.0,89.7,0.12345381454897608,2025-10-08
P,6665.0,0.043835616438356165,6703.2,1.0,51.55,0.12354559488310253,2025-10-08
C,6670.0,0.043835616438356165,6703.2,1.0,86.4,0.12269478963589185,2025-10-08
P,6670.0,0.043835616438356165,6703.2,1.0,53.25,0.12278600845892555,2025-10-08
C,6675.0,0.043835616438356165,6703.2,1.0,83.1,0.12184075670916611,2025-10-08
P,6675.0,0.043835616438356165,6703.2,1.0,54.95,0.12193148470105941,2025-10-08
C,6680.0,0.043835616438356165,6703.2,1.0,79.9,0.12107149440793807,2025-10-08
P,6680.0,0.043835616438356165,6703.2,1.0,56.7,0.12107149440793806,2025-10-08
C,6685.0,0.043835616438356165,6703.2,1.0,76.8,0.12038366145928717,2025-10-08
P,6685.0,0.043835616438356165,6703.2,1.0,58.6,0.12038366145928785,2025-10-08
C,6690.0,0.043835616438356165,6703.2,1.0,73.7,0.1195950072820525,2025-10-08
P,6690.0,0.043835616438356165,6703.2,1.0,60.5,0.11959500728205086,2025-10-08
C,6695.0,0.043835616438356165,6703.2,1.0,70.7,0.11888324487560767,2025-10-08
P,6695.0,0.043835616438356165,6703.2,1.0,62.4,0.11870429986596347,2025-10-08
C,6700.0,0.043835616438356165,6703.2,1.0,67.7,0.11806723146620729,2025-10-08
P,6700.0,0.043835616438356165,6703.2,1.0,64.5,0.11806723146620787,2025-10-08
C,6705.0,0.043835616438356165,6703.2,1.0,64.8,0.1173238319289242,2025-10-08
P,6705.0,0.043835616438356165,6703.2,1.0,66.6,0.1173238319289232,2025-10-08
C,6710.0,0.043835616438356165,6703.2,1.0,62.0,0.11665100752988115,2025-10-08
P,6710.0,0.043835616438356165,6703.2,1.0,68.8,0.11665100752988027,2025-10-08
C,6715.0,0.043835616438356165,6703.2,1.0,59.3,0.11604717015004336,2025-10-08
P,6715.0,0.043835616438356165,6703.2,1.0,71.0,0.1158682398435187,2025-10-08
C,6720.0,0.043835616438356165,6703.2,1.0,56.6,0.1153318395860143,2025-10-08
P,6720.0,0.043835616438356165,6703.2,1.0,73.3,0.11515248217570662,2025-10-08
C,6725.0,0.043835616438356165,6703.2,1.0,54.0,0.1146825077884412,2025-10-08
P,6725.0,0.043835616438356165,6703.2,1.0,75.7,0.11450253891722025,2025-10-08
C,6730.0,0.043835616438356165,6703.2,1.0,51.5,0.11409845993290904,2025-10-08
P,6730.0,0.043835616438356165,6703.2,1.0,78.2,0.11391768989885165,2025-10-08
C,6740.0,0.043835616438356165,6703.2,1.0,46.650000000000006,0.11285137088040087,2025-10-08
P,6740.0,0.043835616438356165,6703.2,1.0,83.4,0.11275988075766519,2025-10-08
C,6750.0,0.043835616438356165,6703.2,1.0,42.150000000000006,0.11176738831169476,2025-10-08
P,6750.0,0.043835616438356165,6703.2,1.0,88.85,0.111581333609802,2025-10-08
C,6760.0,0.043835616438356165,6703.2,1.0,37.849999999999994,0.11056505618088347,2025-10-08
P,6760.0,0.043835616438356165,6703.2,1.0,94.55,0.1103749521226298,2025-10-08
C,6770.0,0.043835616438356165,6703.2,1.0,33.95,0.10962254375897551,2025-10-08
P,6770.0,0.043835616438356165,6703.2,1.0,100.6,0.10932979032065802,2025-10-08
C,6775.0,0.043835616438356165,6703.2,1.0,32.05,0.10905735669216586,2025-10-08
P,6775.0,0.043835616438356165,6703.2,1.0,105.05,0.1114290764538808,2025-10-08
C,6610.0,0.04657534246575343,6703.85,1.0,133.1,0.13484019301153605,2025-10-09
P,6610.0,0.04657534246575343,6703.85,1.0,39.5,0.1353305566567429,2025-10-09
C,6615.0,0.04657534246575343,6703.85,1.0,129.4,0.13422114750956038,2025-10-09
P,6615.0,0.04657534246575343,6703.85,1.0,40.650000000000006,0.1344150722402818,2025-10-09
C,6620.0,0.04657534246575343,6703.85,1.0,125.5,0.13314255645039613,2025-10-09
P,6620.0,0.04657534246575343,6703.85,1.0,41.849999999999994,0.1335263008413336,2025-10-09
C,6625.0,0.04657534246575343,6703.85,1.0,121.7,0.1321866092586203,2025-10-09
P,6625.0,0.04657534246575343,6703.85,1.0,43.05,0.13256642756939782,2025-10-09
C,6630.0,0.04657534246575343,6703.85,1.0,118.0,0.13134743861803302,2025-10-09
P,6630.0,0.04657534246575343,6703.85,1.0,44.349999999999994,0.13172347686173627,2025-10-09
C,6635.0,0.04657534246575343,6703.85,1.0,114.25,0.130340131666093,2025-10-09
P,6635.0,0.04657534246575343,6703.85,1.0,45.650000000000006,0.13080577700359017,2025-10-09
C,6640.0,0.04657534246575343,6703.85,1.0,110.7,0.12962870284066,2025-10-09
P,6640.0,0.04657534246575343,6703.85,1.0,47.0,0.1299055603794093,2025-10-09
C,6645.0,0.04657534246575343,6703.85,1.0,107.1,0.12874571980553517,2025-10-09
P,6645.0,0.04657534246575343,6703.85,1.0,48.4,0.12902022888048764,2025-10-09
C,6650.0,0.04657534246575343,6703.85,1.0,103.55,0.127874962000178,2025-10-09
P,6650.0,0.04657534246575343,6703.85,1.0,49.849999999999994,0.12814728117397658,2025-10-09
C,6655.0,0.04657534246575343,6703.85,1.0,100.0,0.12692389974392052,2025-10-09
P,6655.0,0.04657534246575343,6703.85,1.0,51.4,0.12737438616211694,2025-10-09
C,6660.0,0.04657534246575343,6703.85,1.0,96.65,0.1262499867252399,2025-10-09
P,6660.0,0.04657534246575343,6703.85,1.0,53.0,0.12660787269066698,2025-10-09
C,6665.0,0.04657534246575343,6703.85,1.0,93.25,0.12540110112370492,2025-10-09
P,6665.0,0.04657534246575343,6703.85,1.0,54.5,0.1255789251104702,2025-10-09
C,6670.0,0.04657534246575343,6703.85,1.0,89.95,0.12464364303706846,2025-10-09
P,6670.0,0.04657534246575343,6703.85,1.0,56.2,0.12482045239734132,2025-10-09
C,6675.0,0.04657534246575343,6703.85,1.0,86.65,0.12379818568224961,2025-10-09
P,6675.0,0.04657534246575343,6703.85,1.0,57.9,0.12397410492240829,2025-10-09
C,6680.0,0.04657534246575343,6703.85,1.0,83.45,0.12303909299382616,2025-10-09
P,6680.0,0.04657534246575343,6703.85,1.0,59.7,0.12321424141258613,2025-10-09
C,6685.0,0.04657534246575343,6703.85,1.0,80.3,0.12227605563306242,2025-10-09
P,6685.0,0.04657534246575343,6703.85,1.0,61.5,0.12236330805523428,2025-10-09
C,6690.0,0.04657534246575343,6703.85,1.0,77.2,0.12150719284627655,2025-10-09
P,6690.0,0.04657534246575343,6703.85,1.0,63.4,0.12159418773732919,2025-10-09
C,6695.0,0.04657534246575343,6703.85,1.0,74.15,0.12073064071497071,2025-10-09
P,6695.0,0.04657534246575343,6703.85,1.0,65.44999999999999,0.1209910519517309,2025-10-09
C,6700.0,0.04657534246575343,6703.85,1.0,71.2,0.12003122866859665,2025-10-09
P,6700.0,0.04657534246575343,6703.85,1.0,67.4,0.12011790999211307,2025-10-09
C,6705.0,0.04657534246575343,6703.85,1.0,68.3,0.11932030262592518,2025-10-09
P,6705.0,0.04657534246575343,6703.85,1.0,69.45,0.11932030262592708,2025-10-09
C,6710.0,0.04657534246575343,6703.85,1.0,65.45,0.11859619990255717,2025-10-09
P,6710.0,0.04657534246575343,6703.85,1.0,71.6,0.11859619990255747,2025-10-09
C,6715.0,0.04657534246575343,6703.85,1.0,62.7,0.11794398392231409,2025-10-09
P,6715.0,0.04657534246575343,6703.85,1.0,73.94999999999999,0.11811747862672371,2025-10-09
C,6720.0,0.04657534246575343,6703.85,1.0,60.0,0.11727553858589154,2025-10-09
P,6720.0,0.04657534246575343,6703.85,1.0,76.15,0.11727553858589256,2025-10-09
C,6725.0,0.04657534246575343,6703.85,1.0,57.4,0.1166765212067675,2025-10-09
P,6725.0,0.04657534246575343,6703.85,1.0,78.5,0.11658934285385592,2025-10-09
C,6730.0,0.04657534246575343,6703.85,1.0,54.8,0.11597135133297073,2025-10-09
P,6730.0,0.04657534246575343,6703.85,1.0,80.95,0.11597135133297118,2025-10-09
C,6740.0,0.04657534246575343,6703.85,1.0,49.9,0.11476213826129686,2025-10-09
P,6740.0,0.04657534246575343,6703.85,1.0,86.1,0.1148505996319263,2025-10-09
C,6750.0,0.04657534246575343,6703.85,1.0,45.3,0.1136430618701243,2025-10-09
P,6750.0,0.04657534246575343,6703.85,1.0,91.4,0.11355327657394466,2025-10-09
C,6760.0,0.04657534246575343,6703.85,1.0,41.0,0.11261282431926303,2025-10-09
P,6760.0,0.04657534246575343,6703.85,1.0,97.1,0.11252131272410798,2025-10-09
C,6770.0,0.04657534246575343,6703.85,1.0,36.95,0.11158038459069265,2025-10-09
P,6770.0,0.04657534246575343,6703.85,1.0,103.0,0.11139299197991101,2025-10-09
C,6775.0,0.04657534246575343,6703.85,1.0,35.0,0.11102739302605515,2025-10-09
P,6775.0,0.04657534246575343,6703.85,1.0,107.25,0.11311283076345219,2025-10-09
