K,T,C,P,F,moneyness
6615.0,0.005479452054794521,67.55,8.15,6674.4,0.9911003236245955
6620.0,0.005479452054794521,63.6,8.75,6674.85,0.9917825868746114
6625.0,0.005479452054794521,58.65,9.35,6674.3,0.9926134575910582
6630.0,0.005479452054794521,54.849999999999994,10.05,6674.8,0.9932881884101395
6635.0,0.005479452054794521,51.0,10.85,6675.15,0.9939851538916729
6640.0,0.005479452054794521,46.45,11.75,6674.7,0.9948012644763061
6645.0,0.005479452054794521,42.5,12.7,6674.8,0.995535446754959
6650.0,0.005479452054794521,38.4,13.8,6674.6,0.9963143858808018
6655.0,0.005479452054794521,34.9,15.0,6674.9,0.9970186819278192
6660.0,0.005479452054794521,30.7,16.45,6674.25,0.9978649286436678
6665.0,0.005479452054794521,28.049999999999997,18.0,6675.05,0.9984943933004247
6670.0,0.005479452054794521,24.75,19.75,6675.0,0.9992509363295881
6675.0,0.005479452054794521,21.75,21.65,6675.1,0.9999850189510269
6680.0,0.005479452054794521,18.85,23.85,6675.0,1.000749063670412
6685.0,0.005479452054794521,13.35,22.05,6676.3,1.0013031169959408
6690.0,0.005479452054794521,13.8,28.2,6675.6,1.0021571094733057
6695.0,0.005479452054794521,11.6,32.3,6674.3,1.003101448841077
6700.0,0.005479452054794521,9.7,35.400000000000006,6674.3,1.0038505910732212
6705.0,0.005479452054794521,8.15,38.5,6674.65,1.0045470549017552
6710.0,0.005479452054794521,6.55,42.150000000000006,6674.4,1.0053338127771785
6715.0,0.005479452054794521,5.25,46.400000000000006,6673.85,1.0061658562898477
6720.0,0.005479452054794521,4.2,49.85,6674.35,1.0068396173410143
6725.0,0.005479452054794521,3.3,53.099999999999994,6675.2,1.0074604506232023
6730.0,0.005479452054794521,2.6,57.9,6674.7,1.0082850165550512
6735.0,0.005479452054794521,2.025,62.15,6674.875,1.009007659319463
6740.0,0.005479452054794521,1.5499999999999998,67.3,6674.25,1.009851294152901
6745.0,0.005479452054794521,1.2000000000000002,71.9,6674.3,1.010592871162519
6750.0,0.005479452054794521,0.9,76.5,6674.4,1.011326860841424
6755.0,0.005479452054794521,0.675,80.85,6674.825,1.0120115508646295
6760.0,0.005479452054794521,0.5,84.7,6675.8,1.0126127205728153
6615.0,0.00821917808219178,73.80000000000001,13.3,6675.5,0.9909370084637855
6620.0,0.00821917808219178,70.35,13.3,6677.05,0.9914558075796946
6625.0,0.00821917808219178,65.15,14.1,6676.05,0.9923532627826335
6630.0,0.00821917808219178,61.6,14.9,6676.7,0.9930055266823431
6635.0,0.00821917808219178,58.150000000000006,15.9,6677.25,0.9936725448350743
6640.0,0.00821917808219178,54.0,16.9,6677.1,0.9944436956163604
6645.0,0.00821917808219178,50.25,17.95,6677.3,0.9951627154688272
6650.0,0.00821917808219178,45.95,19.25,6676.7,0.9960010184672069
6655.0,0.00821917808219178,42.25,20.55,6676.7,0.9967498914134229
6660.0,0.00821917808219178,39.25,22.05,6677.2,0.9974240699694483
6665.0,0.00821917808219178,35.85,23.65,6677.2,0.9981728868387947
6670.0,0.00821917808219178,28.299999999999997,25.45,6672.85,0.9995728961388312
6675.0,0.00821917808219178,29.55,27.35,6677.2,0.9996705205774876
6680.0,0.00821917808219178,26.55,29.4,6677.15,1.0004268288116938
6685.0,0.00821917808219178,23.85,31.65,6677.2,1.0011681543161806
6690.0,0.00821917808219178,21.25,34.1,6677.15,1.0019244737650046
6695.0,0.00821917808219178,18.8,35.9,6677.9,1.0025606852453617
6700.0,0.00821917808219178,16.55,40.4,6676.15,1.0035724182350607
6705.0,0.00821917808219178,14.5,43.05,6676.45,1.0042762246403403
6710.0,0.00821917808219178,12.6,46.25,6676.35,1.0050401791397994
6715.0,0.00821917808219178,10.9,49.400000000000006,6676.5,1.0057664944207294
6720.0,0.00821917808219178,9.4,52.7,6676.7,1.00648523971423
6725.0,0.00821917808219178,8.0,56.3,6676.7,1.007234112660446
6730.0,0.00821917808219178,6.75,59.95,6676.8,1.0079678888090102
6735.0,0.00821917808219178,5.7,64.1,6676.6,1.0087469670191413
6740.0,0.00821917808219178,4.75,67.5,6677.25,1.0093975813396234
6745.0,0.00821917808219178,4.0,72.65,6676.35,1.010282564574955
6750.0,0.00821917808219178,3.3,76.15,6677.15,1.01091034348487
6755.0,0.00821917808219178,2.7,81.05000000000001,6676.65,1.0117349269468972
6760.0,0.00821917808219178,2.2,85.1,6677.1,1.0124155696335235
6615.0,0.01643835616438356,79.5,16.5,6678.0,0.9905660377358491
6620.0,0.01643835616438356,75.0,17.4,6677.6,0.9913741463999041
6625.0,0.01643835616438356,72.0,18.299999999999997,6678.7,0.9919595130788926
6630.0,0.01643835616438356,66.0,19.299999999999997,6676.7,0.9930055266823431
6635.0,0.01643835616438356,63.0,20.450000000000003,6677.55,0.9936279024492516
6640.0,0.01643835616438356,60.0,21.65,6678.35,0.9942575636197564
6645.0,0.01643835616438356,54.0,22.9,6676.1,0.9953415916478183
6650.0,0.01643835616438356,51.0,24.25,6676.75,0.9959935597408919
6655.0,0.01643835616438356,48.0,25.7,6677.3,0.9966603267787878
6660.0,0.01643835616438356,44.65,27.25,6677.4,0.9973941953454938
6665.0,0.01643835616438356,41.349999999999994,28.950000000000003,6677.4,0.9981429897864439
6670.0,0.01643835616438356,38.2,30.65,6677.55,0.9988693457929929
6675.0,0.01643835616438356,35.0,32.55,6677.45,0.9996330934713101
6680.0,0.01643835616438356,32.05,34.65,6677.4,1.000389373109294
6685.0,0.01643835616438356,29.25,36.85,6677.4,1.0011381675502442
6690.0,0.01643835616438356,26.55,39.05,6677.5,1.0018719580681392
6695.0,0.01643835616438356,24.05,42.0,6677.05,1.0026883129525763
6700.0,0.01643835616438356,21.65,45.0,6676.65,1.0034972628488839
6705.0,0.01643835616438356,19.5,48.0,6676.5,1.0042687036620983
6710.0,0.01643835616438356,17.35,51.0,6676.35,1.0050401791397994
6715.0,0.01643835616438356,15.45,54.0,6676.45,1.0057740266159412
6720.0,0.01643835616438356,13.65,57.0,6676.65,1.0064927770663432
6725.0,0.01643835616438356,12.05,60.3,6676.75,1.0072265698131575
6730.0,0.01643835616438356,10.5,63.0,6677.5,1.007862223886185
6735.0,0.01643835616438356,9.2,66.0,6678.2,1.0085052858554702
6740.0,0.01643835616438356,8.0,72.0,6676.0,1.0095865787896945
6745.0,0.01643835616438356,6.949999999999999,75.0,6676.95,1.0101917791806139
6750.0,0.01643835616438356,5.95,78.0,6677.95,1.0107892392126328
6755.0,0.01643835616438356,5.05,84.0,6676.05,1.011825855108934
6760.0,0.01643835616438356,4.35,87.0,6677.35,1.0123776647921705
6615.0,0.019178082191780823,84.0,19.65,6679.35,0.9903658290103078
6620.0,0.019178082191780823,78.0,20.7,6677.3,0.9914186871939257
6625.0,0.019178082191780823,75.0,21.8,6678.2,0.9920337815579049
6630.0,0.019178082191780823,69.95,22.9,6677.05,0.9929534749627454
6635.0,0.019178082191780823,66.0,24.1,6676.9,0.9937246326888227
6640.0,0.019178082191780823,63.0,25.25,6677.75,0.9943468982816068
6645.0,0.019178082191780823,60.75,26.55,6679.2,0.9948796263025512
6650.0,0.019178082191780823,57.0,28.049999999999997,6678.95,0.9956654863414159
6655.0,0.019178082191780823,46.05,29.549999999999997,6671.5,0.9975267930750206
6660.0,0.019178082191780823,49.35,31.15,6678.2,0.9972747147434938
6665.0,0.019178082191780823,46.05,32.75,6678.3,0.9980084752107572
6670.0,0.019178082191780823,42.95,34.55,6678.4,0.9987422137038813
6675.0,0.019178082191780823,39.85,36.55,6678.3,0.9995058622703382
6680.0,0.019178082191780823,36.85,38.5,6678.35,1.000247067015056
6685.0,0.019178082191780823,34.0,40.65,6678.35,1.0009957549394686
6690.0,0.019178082191780823,31.25,43.0,6678.25,1.0017594429678434
6695.0,0.019178082191780823,28.65,45.3,6678.35,1.0024931307882934
6700.0,0.019178082191780823,26.15,48.0,6678.15,1.0032718642138916
6705.0,0.019178082191780823,23.75,51.0,6677.75,1.0040807158099658
6710.0,0.019178082191780823,21.55,54.0,6677.55,1.0048595667572688
6715.0,0.019178082191780823,18.4,57.0,6676.4,1.0057815589239711
6720.0,0.019178082191780823,17.5,60.0,6677.5,1.0063646574316736
6725.0,0.019178082191780823,15.7,63.0,6677.7,1.0070832771762732
6730.0,0.019178082191780823,14.0,66.0,6678.0,1.0077867625037435
6735.0,0.019178082191780823,12.4,69.0,6678.4,1.00847508385242
6740.0,0.019178082191780823,11.0,72.0,6679.0,1.0091331037580475
6745.0,0.019178082191780823,9.65,75.0,6679.65,1.0097834467374789
6750.0,0.019178082191780823,7.699999999999999,78.75,6678.95,1.0106378996698584
6755.0,0.019178082191780823,7.4,84.0,6678.4,1.0114698131288933
6760.0,0.019178082191780823,6.449999999999999,86.25,6680.2,1.0119457501272417
6615.0,0.021917808219178082,87.0,23.25,6678.75,0.9904548006737788
6620.0,0.021917808219178082,84.0,24.25,6679.75,0.9910550544556308
6625.0,0.021917808219178082,78.0,25.45,6677.55,0.9921303472081826
6630.0,0.021917808219178082,75.0,26.6,6678.4,0.9927527551509344
6635.0,0.021917808219178082,72.0,27.85,6679.15,0.9933898774544666
6640.0,0.021917808219178082,69.0,29.2,6679.8,0.9940417377765801
6645.0,0.021917808219178082,63.0,30.45,6677.55,0.9951254576903206
6650.0,0.021917808219178082,60.0,31.950000000000003,6678.05,0.9957996720599576
6655.0,0.021917808219178082,57.55,33.45,6679.1,0.9963917294246231
6660.0,0.021917808219178082,54.15,35.099999999999994,6679.05,0.9971477979652794
6665.0,0.021917808219178082,43.6,36.9,6671.7,0.9989957582025571
6670.0,0.021917808219178082,40.5,38.7,6671.8,0.9997302077400402
6675.0,0.021917808219178082,44.65,40.65,6679.0,0.9994011079502919
6680.0,0.021917808219178082,41.65,42.5,6679.15,1.0001272617024621
6685.0,0.021917808219178082,38.75,45.0,6678.75,1.0009358038555118
6690.0,0.021917808219178082,36.0,46.8,6679.2,1.0016169601149838
6695.0,0.021917808219178082,33.3,48.0,6680.3,1.0022004999775458
6700.0,0.021917808219178082,30.75,51.55,6679.2,1.0031141454066355
6705.0,0.021917808219178082,28.3,54.0,6679.3,1.0038477085922177
6710.0,0.021917808219178082,25.95,57.0,6678.95,1.0046489343384815
6715.0,0.021917808219178082,23.75,60.0,6678.75,1.005427662361969
6720.0,0.021917808219178082,21.700000000000003,63.0,6678.7,1.0061838381720993
6725.0,0.021917808219178082,19.7,66.0,6678.7,1.0069324868612155
6730.0,0.021917808219178082,17.85,69.0,6678.85,1.0076585040837869
6735.0,0.021917808219178082,15.15,72.0,6678.15,1.0085128366388896
6740.0,0.021917808219178082,14.55,75.0,6679.55,1.0090500108540246
6745.0,0.021917808219178082,13.05,78.0,6680.05,1.0097229811154107
6750.0,0.021917808219178082,11.6,84.0,6677.6,1.0108422187612316
6755.0,0.021917808219178082,10.35,87.0,6678.35,1.0114773858812431
6760.0,0.021917808219178082,9.15,90.0,6679.15,1.012104833698899
6615.0,0.024657534246575342,91.5,26.700000000000003,6679.8,0.9902991107518189
6620.0,0.024657534246575342,87.0,27.95,6679.05,0.9911589223018243
6625.0,0.024657534246575342,84.0,29.0,6680.0,0.9917664670658682
6630.0,0.024657534246575342,81.0,30.2,6680.8,0.9923961202251227
6635.0,0.024657534246575342,75.0,31.5,6678.5,0.9934865613535974
6640.0,0.024657534246575342,72.0,32.900000000000006,6679.1,0.9941459178631851
6645.0,0.024657534246575342,69.0,34.3,6679.7,0.994805155920176
6650.0,0.024657534246575342,65.6,35.8,6679.8,0.9955387885864846
6655.0,0.024657534246575342,55.2,37.35,6672.85,0.9973249810800482
6660.0,0.024657534246575342,57.7,39.05,6678.65,0.9972075194837281
6665.0,0.024657534246575342,54.0,40.75,6678.25,0.9980159472915808
6670.0,0.024657534246575342,51.35,42.55,6678.8,0.9986823980355752
6675.0,0.024657534246575342,48.65,44.400000000000006,6679.25,0.9993637010143355
6680.0,0.024657534246575342,46.15,46.4,6679.75,1.0000374265503948
6685.0,0.024657534246575342,43.15,47.9,6680.25,1.0007110512331125
6690.0,0.024657534246575342,40.400000000000006,50.6,6679.8,1.0015269918261025
6695.0,0.024657534246575342,37.6,53.35,6679.25,1.0023580491821686
6700.0,0.024657534246575342,35.05,54.0,6681.05,1.0028363805090517
6705.0,0.024657534246575342,32.5,56.35,6681.15,1.003569744729575
6710.0,0.024657534246575342,30.1,60.0,6680.1,1.0044759808984896
6715.0,0.024657534246575342,27.85,63.0,6679.85,1.0052620942087023
6720.0,0.024657534246575342,25.65,66.0,6679.65,1.006040735667288
6725.0,0.024657534246575342,23.55,67.19999999999999,6681.35,1.0065331108234115
6730.0,0.024657534246575342,21.6,72.0,6679.6,1.0075453619977244
6735.0,0.024657534246575342,19.75,75.0,6679.75,1.0082712676372618
6740.0,0.024657534246575342,18.05,78.0,6680.05,1.0089744837239243
6745.0,0.024657534246575342,16.4,81.0,6680.4,1.00967007963595
6750.0,0.024657534246575342,14.9,84.0,6680.9,1.010342917870347
6755.0,0.024657534246575342,12.55,90.0,6677.55,1.011598565342079
6760.0,0.024657534246575342,11.9,93.0,6678.9,1.012142718112264
6615.0,0.0273972602739726,96.4,30.1,6681.3,0.990076781464685
6620.0,0.0273972602739726,93.2,31.25,6681.95,0.990728754330697
6625.0,0.0273972602739726,89.19999999999999,32.7,6681.5,0.9915438150115992
6630.0,0.0273972602739726,85.4,33.65,6681.75,0.9922550230104389
6635.0,0.0273972602739726,81.55,34.95,6681.6,0.993025622605364
6640.0,0.0273972602739726,78.30000000000001,36.35,6681.95,0.9937218925613033
6645.0,0.0273972602739726,74.45,38.8,6680.65,0.9946636929041336
6650.0,0.0273972602739726,71.44999999999999,39.25,6682.2,0.9951812277393673
6655.0,0.0273972602739726,68.0,40.8,6682.2,0.9959294843015774
6660.0,0.0273972602739726,64.65,42.45,6682.2,0.9966777408637874
6665.0,0.0273972602739726,61.35,44.15,6682.2,0.9974259974259975
6670.0,0.0273972602739726,58.15,45.85,6682.3,0.9981593164030349
6675.0,0.0273972602739726,55.0,47.75,6682.25,0.9989150361031089
6680.0,0.0273972602739726,51.95,49.7,6682.25,0.9996632870664821
6685.0,0.0273972602739726,48.85,51.75,6682.1,1.0004339953008785
6690.0,0.0273972602739726,45.8,53.8,6682.0,1.001197246333433
6695.0,0.0273972602739726,43.35,56.0,6682.35,1.001893046607855
6700.0,0.0273972602739726,40.65,58.25,6682.4,1.0026337842691249
6705.0,0.0273972602739726,38.0,61.599999999999994,6681.4,1.003532193851588
6710.0,0.0273972602739726,35.45,63.85,6681.6,1.004250478927203
6715.0,0.0273972602739726,33.05,66.45,6681.6,1.0049988026819923
6720.0,0.0273972602739726,30.75,68.9,6681.85,1.0057094966214446
6725.0,0.0273972602739726,28.55,72.19999999999999,6681.35,1.0065331108234115
6730.0,0.0273972602739726,26.45,75.1,6681.35,1.0072814625786704
6735.0,0.0273972602739726,24.45,77.3,6682.15,1.0079091310431523
6740.0,0.0273972602739726,22.55,80.6,6681.95,1.008687583714335
6745.0,0.0273972602739726,20.75,83.44999999999999,6682.3,1.0093829968723345
6750.0,0.0273972602739726,19.05,87.15,6681.9,1.0101917119382213
6755.0,0.0273972602739726,17.45,90.1,6682.35,1.0108719237992623
6760.0,0.0273972602739726,15.05,93.55,6681.5,1.011748858789194
6615.0,0.03561643835616438,102.0,33.85,6683.15,0.9898027127926203
6620.0,0.03561643835616438,96.0,35.0,6681.0,0.9908696302948661
6625.0,0.03561643835616438,94.55,36.349999999999994,6683.2,0.9912915968398373
6630.0,0.03561643835616438,90.0,37.599999999999994,6682.4,0.9921585059260146
6635.0,0.03561643835616438,87.0,38.95,6683.05,0.9928101690096587
6640.0,0.03561643835616438,81.0,40.3,6680.7,0.993907824030416
6645.0,0.03561643835616438,78.0,41.8,6681.2,0.9945818116506017
6650.0,0.03561643835616438,75.0,43.400000000000006,6681.6,0.9952705938697317
6655.0,0.03561643835616438,72.0,44.9,6682.1,0.9959443887400667
6660.0,0.03561643835616438,68.80000000000001,46.55,6682.25,0.9966702832129897
6665.0,0.03561643835616438,66.0,48.3,6682.7,0.9973513699552576
6670.0,0.03561643835616438,63.0,50.1,6682.9,0.9980697002798187
6675.0,0.03561643835616438,60.0,52.0,6683.0,0.9988029328146042
6680.0,0.03561643835616438,56.8,53.95,6682.85,0.999573535243197
6685.0,0.03561643835616438,52.9,55.9,6682.0,1.0004489673750374
6690.0,0.03561643835616438,50.05,57.0,6683.05,1.0010399443367923
6695.0,0.03561643835616438,47.2,60.0,6682.2,1.0019155367992578
6700.0,0.03561643835616438,44.5,62.65,6681.85,1.0027163135957855
6705.0,0.03561643835616438,41.849999999999994,66.0,6680.85,1.003614809492804
6710.0,0.03561643835616438,39.3,66.0,6683.3,1.0039950323941764
6715.0,0.03561643835616438,36.849999999999994,69.0,6682.85,1.0048108217302498
6720.0,0.03561643835616438,34.55,72.0,6682.55,1.005604148117111
6725.0,0.03561643835616438,32.3,75.0,6682.3,1.0063900154138545
6730.0,0.03561643835616438,30.1,78.0,6682.1,1.007168405142096
6735.0,0.03561643835616438,28.049999999999997,81.0,6682.05,1.0079242148741778
6740.0,0.03561643835616438,26.1,84.0,6682.1,1.0086649406623667
6745.0,0.03561643835616438,24.15,87.0,6682.15,1.0094056553654138
6750.0,0.03561643835616438,22.35,94.25,6678.1,1.010766535391803
6755.0,0.03561643835616438,20.700000000000003,93.0,6682.7,1.010818980352253
6760.0,0.03561643835616438,19.3,96.0,6683.3,1.011476366465668
6605.0,0.038356164383561646,111.0,34.55,6681.45,0.988557872916807
6610.0,0.038356164383561646,108.0,35.6,6682.4,0.9891655692565546
6615.0,0.038356164383561646,105.0,37.0,6683.0,0.9898249289241359
6620.0,0.038356164383561646,102.0,38.0,6684.0,0.990424895272292
6625.0,0.038356164383561646,96.0,39.349999999999994,6681.65,0.9915215553044533
6630.0,0.038356164383561646,93.0,40.75,6682.25,0.9921807774327509
6635.0,0.038356164383561646,90.0,41.95,6683.05,0.9928101690096587
6640.0,0.038356164383561646,87.0,43.25,6683.75,0.9934542734243501
6645.0,0.038356164383561646,84.0,44.8,6684.2,0.9941354238353132
6650.0,0.038356164383561646,86.05,46.3,6689.75,0.9940580739190553
6655.0,0.038356164383561646,75.0,48.0,6682.0,0.9959592936246633
6660.0,0.038356164383561646,72.0,49.85,6682.15,0.9966851986261908
6665.0,0.038356164383561646,69.0,51.5,6682.5,0.9973812196034418
6670.0,0.038356164383561646,73.5,53.150000000000006,6690.35,0.9969583056192874
6675.0,0.038356164383561646,70.45,55.0,6690.45,0.9976907382911464
6680.0,0.038356164383561646,59.7,56.9,6682.8,0.9995810139462501
6685.0,0.038356164383561646,56.75,58.95,6682.8,1.0003292033279463
6690.0,0.038356164383561646,53.8,61.1,6682.7,1.0010923728433119
6695.0,0.038356164383561646,51.0,63.0,6683.0,1.0017956007780937
6700.0,0.038356164383561646,48.65,58.4,6690.25,1.0014573446433241
6705.0,0.038356164383561646,45.6,69.0,6681.6,1.0035021551724137
6710.0,0.038356164383561646,43.1,69.0,6684.1,1.0038748672222138
6715.0,0.038356164383561646,40.6,72.0,6683.6,1.0046980669100485
6720.0,0.038356164383561646,38.5,75.0,6683.5,1.0054612104436298
6725.0,0.038356164383561646,36.2,78.0,6683.2,1.0062544888676084
6730.0,0.038356164383561646,33.7,81.0,6682.7,1.0070779774641987
6740.0,0.038356164383561646,29.549999999999997,89.9,6679.65,1.0090349045234406
6750.0,0.038356164383561646,26.0,93.0,6683.0,1.0100254376776896
6760.0,0.038356164383561646,22.299999999999997,99.0,6683.3,1.011476366465668
6770.0,0.038356164383561646,19.15,108.9,6680.25,1.0134351259309158
6605.0,0.0410958904109589,118.65,38.85,6684.8,0.9880624700813786
6610.0,0.0410958904109589,114.0,40.05,6683.95,0.9889361829457133
6615.0,0.0410958904109589,108.0,41.3,6681.7,0.9900175105137914
6620.0,0.0410958904109589,105.0,42.4,6682.6,0.9906323885912668
6625.0,0.0410958904109589,102.0,43.95,6683.05,0.9913138462229072
6630.0,0.0410958904109589,99.0,45.150000000000006,6683.85,0.9919432662312888
6635.0,0.0410958904109589,96.0,46.5,6684.5,0.9925948088862293
6640.0,0.0410958904109589,90.2,47.849999999999994,6682.35,0.9936624091823983
6645.0,0.0410958904109589,87.0,49.45,6682.55,0.9943808875354467
6650.0,0.0410958904109589,84.0,51.0,6683.0,0.9950620978602424
6655.0,0.0410958904109589,81.0,52.7,6683.3,0.9957655649155357
6660.0,0.0410958904109589,78.0,54.25,6683.75,0.9964466055732186
6665.0,0.0410958904109589,82.15,55.95,6691.2,0.9960844093735055
6670.0,0.0410958904109589,71.35,57.900000000000006,6683.45,0.9979875663018352
6675.0,0.0410958904109589,69.0,59.75,6684.25,0.9986161499046265
6680.0,0.0410958904109589,64.9,61.75,6683.15,0.9995286653748607
6685.0,0.0410958904109589,61.9,63.7,6683.2,1.0002693320565
6690.0,0.0410958904109589,59.0,65.8,6683.2,1.0010174766578885
6695.0,0.0410958904109589,56.15,61.8,6689.35,1.0008446261594923
6700.0,0.0410958904109589,53.8,69.9,6683.9,1.0024087733209655
6705.0,0.0410958904109589,50.7,72.0,6683.7,1.003186857578886
6710.0,0.0410958904109589,48.35,75.0,6683.35,1.0039875212281266
6720.0,0.0410958904109589,43.099999999999994,81.0,6682.1,1.0056718696218254
6725.0,0.0410958904109589,41.1,84.0,6682.1,1.0064201373819608
6730.0,0.0410958904109589,38.8,84.0,6684.8,1.0067616084250837
6740.0,0.0410958904109589,34.45,90.0,6684.45,1.0083103321888862
6750.0,0.0410958904109589,30.4,96.0,6684.4,1.0098138950391957
6760.0,0.0410958904109589,26.75,102.0,6684.75,1.0112569654811325
6770.0,0.0410958904109589,23.4,111.0,6682.4,1.0131090626122352
6775.0,0.0410958904109589,21.55,114.0,6682.55,1.0138345392103314
6605.0,0.043835616438356165,120.7,41.849999999999994,6683.85,0.9882029070071889
6610.0,0.043835616438356165,118.5,43.15,6685.35,0.9887290867344267
6615.0,0.043835616438356165,114.0,44.4,6684.6,0.9895880082577865
6620.0,0.043835616438356165,111.0,45.7,6685.3,0.990232300719489
6625.0,0.043835616438356165,105.0,47.05,6682.95,0.9913286796998332
6630.0,0.043835616438356165,102.0,48.2,6683.8,0.9919506867350908
6635.0,0.043835616438356165,99.0,49.15,6684.85,0.9925428394055213
6640.0,0.043835616438356165,96.0,51.25,6684.75,0.9933056584015857
6645.0,0.043835616438356165,93.0,52.6,6685.4,0.9939569808837168
6650.0,0.043835616438356165,87.0,54.35,6682.65,0.9951142136727197
6655.0,0.043835616438356165,81.35,55.95,6680.4,0.996197832465122
6660.0,0.043835616438356165,81.0,57.6,6683.4,0.9964987880420146
6665.0,0.043835616438356165,78.0,59.35,6683.65,0.9972096085222896
6670.0,0.043835616438356165,82.55,61.15,6691.4,0.9968018650805512
6675.0,0.043835616438356165,72.0,62.8,6684.2,0.9986236198797164
6680.0,0.043835616438356165,69.05,64.7,6684.35,0.9993492261775639
6685.0,0.043835616438356165,66.0,66.95,6684.05,1.0001421293975958
6690.0,0.043835616438356165,63.0,69.0,6684.0,1.0008976660682227
6695.0,0.043835616438356165,60.099999999999994,72.0,6683.1,1.0017806107943918
6700.0,0.043835616438356165,57.7,72.0,6685.7,1.0021388934591742
6705.0,0.043835616438356165,54.85,80.2,6679.65,1.0037951090251735
6710.0,0.043835616438356165,51.95,78.0,6683.95,1.0038973960008677
6720.0,0.043835616438356165,46.900000000000006,84.0,6682.9,1.0055514821409868
6725.0,0.043835616438356165,44.5,87.0,6682.5,1.0063598952487842
6730.0,0.043835616438356165,42.2,87.0,6685.2,1.0067013701908694
6740.0,0.043835616438356165,37.85,93.0,6684.85,1.0082499981301
6750.0,0.043835616438356165,34.2,99.0,6685.2,1.0096930533117932
6760.0,0.043835616438356165,30.05,105.0,6685.05,1.0112115840569629
6770.0,0.043835616438356165,26.25,115.45,6680.8,1.0133516944078553
6775.0,0.043835616438356165,24.6,114.0,6685.6,1.0133720234533923
6655.0,0.04657534246575343,81.55,57.0,6679.55,0.996324602705272
6655.0,0.04657534246575343,81.55,58.25,6678.3,0.9965110881511762
6655.0,0.04657534246575343,93.95,57.0,6691.95,0.9944784405143493
6655.0,0.04657534246575343,93.95,58.25,6690.7,0.9946642354312702
6660.0,0.04657534246575343,90.9,58.599999999999994,6692.3,0.9951735576707559
6660.0,0.04657534246575343,90.9,59.95,6690.95,0.9953743489340079
6660.0,0.04657534246575343,90.45,58.599999999999994,6691.85,0.9952404790902366
6660.0,0.04657534246575343,90.45,59.95,6690.5,0.9954412973619311
6665.0,0.04657534246575343,88.15,60.3,6692.85,0.9958388429443361
6665.0,0.04657534246575343,88.15,61.650000000000006,6691.5,0.9960397519240828
6665.0,0.04657534246575343,83.4,60.3,6688.1,0.9965461042747567
6665.0,0.04657534246575343,83.4,61.650000000000006,6686.75,0.996747298762478
6670.0,0.04657534246575343,85.55,62.099999999999994,6693.45,0.9964965750098977
6670.0,0.04657534246575343,85.55,63.55,6692.0,0.9967124925283921
6670.0,0.04657534246575343,80.19999999999999,62.099999999999994,6688.1,0.997293700752082
6670.0,0.04657534246575343,80.19999999999999,63.55,6686.65,0.99750996388326
6675.0,0.04657534246575343,82.45,63.95,6693.5,0.9972361245984911
6675.0,0.04657534246575343,82.45,65.25,6692.2,0.9974298436986343
6675.0,0.04657534246575343,80.35,63.95,6691.4,0.9975490928654691
6675.0,0.04657534246575343,80.35,65.25,6690.1,0.9977429335884366
6680.0,0.04657534246575343,79.4,65.8,6693.6,0.9979682084379108
6680.0,0.04657534246575343,79.4,67.15,6692.25,0.9981695244499235
6680.0,0.04657534246575343,77.45,65.8,6691.65,0.9982590243064118
6680.0,0.04657534246575343,77.45,67.15,6690.3,0.9984604576775331
6685.0,0.04657534246575343,69.5,67.7,6686.8,0.9997308129449064
6685.0,0.04657534246575343,69.5,69.05,6685.45,0.9999326896469198
6685.0,0.04657534246575343,70.9,67.7,6688.2,0.9995215454083312
6685.0,0.04657534246575343,70.9,69.05,6686.85,0.9997233375954298
6690.0,0.04657534246575343,66.5,69.75,6686.75,1.000486035817101
6690.0,0.04657534246575343,66.5,71.25,6685.25,1.0007105194270969
6690.0,0.04657534246575343,67.9,69.75,6688.15,1.000276608628694
6690.0,0.04657534246575343,67.9,71.25,6686.65,1.0005009982577224
6695.0,0.04657534246575343,63.599999999999994,71.85,6686.75,1.0012337832280256
6695.0,0.04657534246575343,63.599999999999994,73.35,6685.25,1.001458434613515
6695.0,0.04657534246575343,65.05,71.85,6688.2,1.0010167160072965
6695.0,0.04657534246575343,65.05,73.35,6686.7,1.001241269983699
6700.0,0.04657534246575343,60.75,67.35,6693.4,1.0009860459557176
6700.0,0.04657534246575343,60.75,71.69999999999999,6689.05,1.0016370037598763
6700.0,0.04657534246575343,62.2,67.35,6694.85,1.0007692480040629
6700.0,0.04657534246575343,62.2,71.69999999999999,6690.5,1.0014199237725132
6705.0,0.04657534246575343,58.0,82.8,6680.2,1.0037124636986916
6705.0,0.04657534246575343,58.0,77.45,6685.55,1.0029092595224027
6705.0,0.04657534246575343,59.4,82.8,6681.6,1.0035021551724137
6705.0,0.04657534246575343,59.4,77.45,6686.95,1.0026992874180307
6710.0,0.04657534246575343,55.3,78.0,6687.3,1.0033944940409432
6710.0,0.04657534246575343,55.3,80.75,6684.55,1.0038072869527492
6710.0,0.04657534246575343,56.7,78.0,6688.7,1.0031844753091035
6710.0,0.04657534246575343,56.7,80.75,6685.95,1.003597095401551
6715.0,0.04657534246575343,52.7,81.0,6686.7,1.0042322819926122
6715.0,0.04657534246575343,52.7,82.05000000000001,6685.65,1.0043899994764907
6715.0,0.04657534246575343,54.1,81.0,6688.1,1.0040220690480106
6715.0,0.04657534246575343,54.1,82.05000000000001,6687.05,1.0041797205045573
6720.0,0.04657534246575343,50.15,77.4,6692.75,1.0040715699824436
6720.0,0.04657534246575343,50.15,85.6,6684.55,1.005303273967582
6720.0,0.04657534246575343,51.5,77.4,6694.1,1.0038690787409807
6720.0,0.04657534246575343,51.5,85.6,6685.9,1.0051002856758253
6725.0,0.04657534246575343,47.65,80.15,6692.5,1.0048561822936122
6725.0,0.04657534246575343,47.65,88.1,6684.55,1.0060512674749982
6725.0,0.04657534246575343,49.0,80.15,6693.85,1.0046535252507898
6725.0,0.04657534246575343,49.0,88.1,6685.9,1.0058481281502865
