cp,K,T,mid,price_pde,delta_pde,price_err,rq,F_T
C,6615.0,0.0054794520547945,67.55,68.07019793066263,0.8539020936381357,0.5201979306626328,-0.3006642203144561,6677.45
P,6615.0,0.0054794520547945,8.15,5.517228309033886,-0.1460979063618554,-2.6327716909661145,-0.3006642203144561,6677.45
C,6620.0,0.0054794520547945,63.6,63.922803801051685,0.8519703139204579,0.32280380105168405,-0.3006642203144561,6677.45
P,6620.0,0.0054794520547945,8.75,6.378078344486316,-0.14802968607950903,-2.3719216555136837,-0.3006642203144561,6677.45
C,6625.0,0.0054794520547945,58.65,59.71638694930633,0.8520424863987776,1.0663869493063345,-0.3006642203144561,6677.45
P,6625.0,0.0054794520547945,9.35,7.179905657803627,-0.1479575136012895,-2.1700943421963723,-0.3006642203144561,6677.45
C,6630.0,0.0054794520547945,54.849999999999994,55.637937695321064,0.7562650462027475,0.7879376953210695,-0.3006642203144561,6677.45
P,6630.0,0.0054794520547945,10.05,8.109700568880292,-0.24373495379726515,-1.9402994311197084,-0.3006642203144561,6677.45
C,6635.0,0.0054794520547945,51.0,51.98380843022359,0.751185038408437,0.9838084302235899,-0.3006642203144561,6677.45
P,6635.0,0.0054794520547945,10.85,9.463815468844677,-0.24881496159161665,-1.3861845311553225,-0.3006642203144561,6677.45
C,6640.0,0.0054794520547945,46.45,48.40007008658689,0.7461692149380003,1.9500700865868836,-0.3006642203144561,6677.45
P,6640.0,0.0054794520547945,11.75,10.888321290274344,-0.25383078506195506,-0.8616787097256555,-0.3006642203144561,6677.45
C,6645.0,0.0054794520547945,42.5,44.67159638870554,0.7452281489869509,2.171596388705538,-0.3006642203144561,6677.45
P,6645.0,0.0054794520547945,12.7,12.168091757454409,-0.2547718510130504,-0.5319082425455903,-0.3006642203144561,6677.45
C,6650.0,0.0054794520547945,38.4,40.930156884809904,0.7454591304152979,2.530156884809905,-0.3006642203144561,6677.45
P,6650.0,0.0054794520547945,13.8,13.434896418621214,-0.25454086958475075,-0.3651035813787864,-0.3006642203144561,6677.45
C,6655.0,0.0054794520547945,34.9,37.58785568756463,0.6166603763306032,2.6878556875646282,-0.3006642203144561,6677.45
P,6655.0,0.0054794520547945,15.0,15.100839386437332,-0.3833396236694362,0.10083938643733248,-0.3006642203144561,6677.45
C,6660.0,0.0054794520547945,30.7,34.549197238125224,0.609724993867703,3.8491972381252246,-0.3006642203144561,6677.45
P,6660.0,0.0054794520547945,16.45,17.070425102062856,-0.3902750061322902,0.6204251020628568,-0.3006642203144561,6677.45
C,6665.0,0.0054794520547945,28.049999999999997,31.525825658990446,0.604084240779139,3.4758256589904484,-0.3006642203144561,6677.45
P,6665.0,0.0054794520547945,18.0,19.055297687991246,-0.3959157592208623,1.0552976879912457,-0.3006642203144561,6677.45
C,6670.0,0.0054794520547945,24.75,28.30313168426716,0.6030678407737158,3.5531316842671608,-0.3006642203144561,6677.45
P,6670.0,0.0054794520547945,19.75,20.84084787833001,-0.3969321592262793,1.0908478783300097,-0.3006642203144561,6677.45
C,6675.0,0.0054794520547945,21.75,25.109613947896715,0.6028415222536039,3.3596139478967153,-0.3006642203144561,6677.45
P,6675.0,0.0054794520547945,21.65,22.65557430702206,-0.3971584777463953,1.0055743070220622,-0.3006642203144561,6677.45
C,6680.0,0.0054794520547945,18.85,22.580437228198157,0.4516784869175124,3.7304372281981557,-0.3006642203144561,6677.45
P,6680.0,0.0054794520547945,23.85,25.13464175238706,-0.548321513082501,1.28464175238706,-0.3006642203144561,6677.45
C,6685.0,0.0054794520547945,13.35,20.167187473044077,0.44242449113431587,6.817187473044077,-0.3006642203144561,6677.45
P,6685.0,0.0054794520547945,22.05,27.72963616229665,-0.5575755088656691,5.679636162296649,-0.3006642203144561,6677.45
C,6690.0,0.0054794520547945,13.8,17.685372769940596,0.43596212300072745,3.885372769940595,-0.3006642203144561,6677.45
P,6690.0,0.0054794520547945,28.2,30.256065624255186,-0.5640378769992659,2.0560656242551865,-0.3006642203144561,6677.45
C,6695.0,0.0054794520547945,11.6,15.136308426928226,0.4321250229920199,3.536308426928226,-0.3006642203144561,6677.45
P,6695.0,0.0054794520547945,32.3,32.71524544630757,-0.5678749770079969,0.41524544630757276,-0.3006642203144561,6677.45
C,6700.0,0.0054794520547945,9.7,12.813254060135007,0.2889794054222618,3.1132540601350076,-0.3006642203144561,6677.45
P,6700.0,0.0054794520547945,35.400000000000006,35.400435244576116,-0.7110205945777559,0.00043524457610999434,-0.3006642203144561,6677.45
C,6705.0,0.0054794520547945,8.15,10.970308045697365,0.2770027970963171,2.820308045697365,-0.3006642203144561,6677.45
P,6705.0,0.0054794520547945,38.5,38.56573339520128,-0.7229972029036557,0.06573339520127774,-0.3006642203144561,6677.45
C,6710.0,0.0054794520547945,6.55,9.251604533726873,0.2648719464355759,2.701604533726873,-0.3006642203144561,6677.45
P,6710.0,0.0054794520547945,42.150000000000006,41.85527404829211,-0.7351280535643784,-0.29472595170789617,-0.3006642203144561,6677.45
C,6715.0,0.0054794520547945,5.25,7.527183431999804,0.25502997414471373,2.277183431999804,-0.3006642203144561,6677.45
P,6715.0,0.0054794520547945,46.400000000000006,45.13909711163027,-0.7449700258553013,-1.2609028883697349,-0.3006642203144561,6677.45
C,6720.0,0.0054794520547945,4.2,5.90116325254867,0.2453757041380985,1.7011632525486702,-0.3006642203144561,6677.45
P,6720.0,0.0054794520547945,49.85,48.521321097241994,-0.7546242958619112,-1.328678902758007,-0.3006642203144561,6677.45
C,6725.0,0.0054794520547945,3.3,4.605671994997972,0.13271701627643345,1.3056719949979723,-0.3006642203144561,6677.45
P,6725.0,0.0054794520547945,53.099999999999994,52.23407400475625,-0.8672829837235749,-0.8659259952437424,-0.3006642203144561,6677.45
C,6730.0,0.0054794520547945,2.6,3.588050677433313,0.11982575728879759,0.9880506774333129,-0.3006642203144561,6677.45
P,6730.0,0.0054794520547945,57.9,56.224696852253,-0.8801742427111969,-1.6753031477470017,-0.3006642203144561,6677.45
C,6735.0,0.0054794520547945,2.025,2.7023278201215986,0.10707333254977366,0.6773278201215986,-0.3006642203144561,6677.45
P,6735.0,0.0054794520547945,62.15,60.347218160006015,-0.8929266674502387,-1.8027818399939832,-0.3006642203144561,6677.45
C,6740.0,0.0054794520547945,1.5499999999999998,1.9103795444389398,0.09524546384191417,0.36037954443893994,-0.3006642203144561,6677.45
P,6740.0,0.0054794520547945,67.3,64.56351404938385,-0.9047545361580726,-2.7364859506161423,-0.3006642203144561,6677.45
C,6745.0,0.0054794520547945,1.2000000000000002,1.2570756677352046,0.08332551697545705,0.05707566773520445,-0.3006642203144561,6677.45
P,6745.0,0.0054794520547945,71.9,68.9184543377455,-0.9166744830245623,-2.9815456622545042,-0.3006642203144561,6677.45
C,6750.0,0.0054794520547945,0.9,0.8321245070939699,0.031863280541982696,-0.06787549290603012,-0.3006642203144561,6677.45
P,6750.0,0.0054794520547945,76.5,73.50174734216843,-0.9681367194580607,-2.9982526578315714,-0.3006642203144561,6677.45
C,6755.0,0.0054794520547945,0.675,0.5242014605980889,0.02430815756520336,-0.15079853940191112,-0.3006642203144561,6677.45
P,6755.0,0.0054794520547945,80.85,78.2020684607286,-0.9756918424347761,-2.647931539271397,-0.3006642203144561,6677.45
C,6760.0,0.0054794520547945,0.5,0.2998658369551077,0.017559268781071575,-0.2001341630448923,-0.3006642203144561,6677.45
P,6760.0,0.0054794520547945,84.7,82.98597700215355,-0.982440731218949,-1.714022997846456,-0.3006642203144561,6677.45
C,6615.0,0.0082191780821917,73.80000000000001,71.36180518496364,0.8000627202055101,-2.4381948150363684,-0.20044281354297194,6677.45
P,6615.0,0.0082191780821917,13.3,8.808835563333801,-0.19993727979454623,-4.4911644366662,-0.20044281354297194,6677.45
C,6620.0,0.0082191780821917,70.35,67.42103024896382,0.796866802864099,-2.9289697510361776,-0.20044281354297194,6677.45
P,6620.0,0.0082191780821917,13.3,9.876304792393741,-0.2031331971359296,-3.4236952076062597,-0.20044281354297194,6677.45
C,6625.0,0.0082191780821917,65.15,63.414276264039664,0.7956869571715494,-1.7357237359603417,-0.20044281354297194,6677.45
P,6625.0,0.0082191780821917,14.1,10.877794972539148,-0.20431304282841856,-3.222205027460852,-0.20044281354297194,6677.45
C,6630.0,0.0082191780821917,61.6,59.52842077506216,0.7059714906544894,-2.0715792249378424,-0.20044281354297194,6677.45
P,6630.0,0.0082191780821917,14.9,12.000183648618561,-0.29402850934557134,-2.899816351381439,-0.20044281354297194,6677.45
C,6635.0,0.0082191780821917,58.150000000000006,56.01865313072237,0.6996556935573776,-2.1313468692776354,-0.20044281354297194,6677.45
P,6635.0,0.0082191780821917,15.9,13.498660169345708,-0.3003443064426461,-2.401339830654292,-0.20044281354297194,6677.45
C,6640.0,0.0082191780821917,54.0,52.58086672924306,0.6933521718479727,-1.4191332707569373,-0.20044281354297194,6677.45
P,6640.0,0.0082191780821917,16.9,15.06911793292725,-0.30664782815205954,-1.8308820670727481,-0.20044281354297194,6677.45
C,6645.0,0.0082191780821917,50.25,48.98849698122645,0.6906728501067833,-1.2615030187735528,-0.20044281354297194,6677.45
P,6645.0,0.0082191780821917,17.95,16.484992349975762,-0.30932714989313714,-1.465007650024237,-0.20044281354297194,6677.45
C,6650.0,0.0082191780821917,45.95,45.390712546245986,0.6890259991586748,-0.5592874537540169,-0.20044281354297194,6677.45
P,6650.0,0.0082191780821917,19.25,17.895452080056714,-0.310974000841312,-1.3545479199432862,-0.20044281354297194,6677.45
C,6655.0,0.0082191780821917,42.25,42.12439053312247,0.5792751374773344,-0.1256094668775276,-0.20044281354297194,6677.45
P,6655.0,0.0082191780821917,20.55,19.637374231997356,-0.42072486252268027,-0.9126257680026448,-0.20044281354297194,6677.45
C,6660.0,0.0082191780821917,39.25,39.11397554745968,0.5712032784258562,-0.13602445254031892,-0.20044281354297194,6677.45
P,6660.0,0.0082191780821917,22.05,21.63520341139787,-0.42879672157410137,-0.41479658860212965,-0.20044281354297194,6677.45
C,6665.0,0.0082191780821917,35.85,36.11648024078468,0.5641474114540356,0.2664802407846807,-0.20044281354297194,6677.45
P,6665.0,0.0082191780821917,23.65,23.645952269783567,-0.435852588546007,-0.004047730216431233,-0.20044281354297194,6677.45
C,6670.0,0.0082191780821917,28.299999999999997,32.92649583890877,0.5608977388028454,4.626495838908774,-0.20044281354297194,6677.45
P,6670.0,0.0082191780821917,25.45,25.464212032971897,-0.43910226119717516,0.01421203297189777,-0.20044281354297194,6677.45
C,6675.0,0.0082191780821917,29.55,29.773894616634077,0.5582433704842327,0.22389461663407673,-0.20044281354297194,6677.45
P,6675.0,0.0082191780821917,27.35,27.31985497575999,-0.4417566295157808,-0.030145024240010088,-0.20044281354297194,6677.45
C,6680.0,0.0082191780821917,26.55,27.1485392038445,0.436435395780246,0.5985392038444992,-0.20044281354297194,6677.45
P,6680.0,0.0082191780821917,29.4,29.70274372803412,-0.5635646042197353,0.3027437280341232,-0.20044281354297194,6677.45
C,6685.0,0.0082191780821917,23.85,24.628142166914383,0.4263412677546767,0.7781421669143818,-0.20044281354297194,6677.45
P,6685.0,0.0082191780821917,31.65,32.190590856168,-0.5736587322453534,0.5405908561680022,-0.20044281354297194,6677.45
C,6690.0,0.0082191780821917,21.25,22.033279503930128,0.41852492461142454,0.7832795039301281,-0.20044281354297194,6677.45
P,6690.0,0.0082191780821917,34.1,34.60397235824594,-0.5814750753885933,0.5039723582459388,-0.20044281354297194,6677.45
C,6695.0,0.0082191780821917,18.8,19.370088414636598,0.4128589720231143,0.5700884146365972,-0.20044281354297194,6677.45
P,6695.0,0.0082191780821917,35.9,36.94902543401468,-0.5871410279768787,1.0490254340146805,-0.20044281354297194,6677.45
C,6700.0,0.0082191780821917,16.55,16.89729198638488,0.2987312585383215,0.347291986384878,-0.20044281354297194,6677.45
P,6700.0,0.0082191780821917,40.4,39.48447317082716,-0.7012687414616922,-0.9155268291728405,-0.20044281354297194,6677.45
C,6705.0,0.0082191780821917,14.5,14.816804459955637,0.28646070002181107,0.31680445995563744,-0.20044281354297194,6677.45
P,6705.0,0.0082191780821917,43.05,42.41222980946025,-0.7135392999781923,-0.6377701905397473,-0.20044281354297194,6677.45
C,6710.0,0.0082191780821917,12.6,12.849698222936441,0.2740011679300104,0.24969822293644128,-0.20044281354297194,6677.45
P,6710.0,0.0082191780821917,46.25,45.4533677375037,-0.7259988320699853,-0.7966322624963027,-0.20044281354297194,6677.45
C,6715.0,0.0082191780821917,10.9,10.847492248558273,0.2637506373398892,-0.052507751441726924,-0.20044281354297194,6677.45
P,6715.0,0.0082191780821917,49.400000000000006,48.45940592818794,-0.7362493626601043,-0.9405940718120647,-0.20044281354297194,6677.45
C,6720.0,0.0082191780821917,9.4,8.929175116505393,0.2537859874277848,-0.4708248834946076,-0.20044281354297194,6677.45
P,6720.0,0.0082191780821917,52.7,51.54933296119886,-0.7462140125722141,-1.1506670388011457,-0.20044281354297194,6677.45
C,6725.0,0.0082191780821917,8.0,7.3067624143460295,0.1578063843573296,-0.6932375856539705,-0.20044281354297194,6677.45
P,6725.0,0.0082191780821917,56.3,54.93516442409968,-0.8421936156426256,-1.3648355759003152,-0.20044281354297194,6677.45
C,6730.0,0.0082191780821917,6.75,5.943364429562638,0.14418879623438374,-0.8066355704373622,-0.20044281354297194,6677.45
P,6730.0,0.0082191780821917,59.95,58.580010604381755,-0.8558112037655935,-1.3699893956182478,-0.20044281354297194,6677.45
C,6735.0,0.0082191780821917,5.7,4.7128032696835955,0.13055233679158992,-0.9871967303164046,-0.20044281354297194,6677.45
P,6735.0,0.0082191780821917,64.1,62.35769360956705,-0.8694476632084144,-1.7423063904329439,-0.20044281354297194,6677.45
C,6740.0,0.0082191780821917,4.75,3.5650814154057686,0.11788101683063072,-1.1849185845942314,-0.20044281354297194,6677.45
P,6740.0,0.0082191780821917,67.5,66.2182159203525,-0.8821189831693846,-1.281784079647494,-0.20044281354297194,6677.45
C,6745.0,0.0082191780821917,4.0,2.572221805687501,0.10495680673331308,-1.427778194312499,-0.20044281354297194,6677.45
P,6745.0,0.0082191780821917,72.65,70.23360047569638,-0.8950431932666729,-2.4163995243036283,-0.20044281354297194,6677.45
C,6750.0,0.0082191780821917,3.3,1.8469886948184457,0.05053183311456548,-1.453011305181554,-0.20044281354297194,6677.45
P,6750.0,0.0082191780821917,76.15,74.51661152988949,-0.9494681668854312,-1.6333884701105177,-0.20044281354297194,6677.45
C,6755.0,0.0082191780821917,2.7,1.2764353413454146,0.04060179743531661,-1.4235646586545856,-0.20044281354297194,6677.45
P,6755.0,0.0082191780821917,81.05000000000001,78.95430234147815,-0.9593982025646729,-2.095697658521857,-0.20044281354297194,6677.45
C,6760.0,0.0082191780821917,2.2,0.8245915898755979,0.03151106214888778,-1.3754084101244022,-0.20044281354297194,6677.45
P,6760.0,0.0082191780821917,85.1,83.5107027550758,-0.9684889378511585,-1.5892972449241967,-0.20044281354297194,6677.45
C,6615.0,0.0164383561643835,79.5,79.88292515007153,0.7011317130249072,0.3829251500715287,-0.10022140677148536,6677.45
P,6615.0,0.0164383561643835,16.5,17.32995552844225,-0.29886828697506174,0.8299555284422517,-0.10022140677148536,6677.45
C,6620.0,0.0164383561643835,75.0,76.21201163687249,0.6955961980160615,1.2120116368724894,-0.10022140677148536,6677.45
P,6620.0,0.0164383561643835,17.4,18.667286180304938,-0.30440380198393935,1.2672861803049393,-0.10022140677148536,6677.45
C,6625.0,0.0164383561643835,72.0,72.46944667632386,0.6916766418971005,0.46944667632385517,-0.10022140677148536,6677.45
P,6625.0,0.0164383561643835,18.299999999999997,19.93296538481904,-0.30832335810293354,1.632965384819041,-0.10022140677148536,6677.45
C,6630.0,0.0164383561643835,66.0,68.82822982609444,0.6221631527341837,2.828229826094443,-0.10022140677148536,6677.45
P,6630.0,0.0164383561643835,19.299999999999997,21.29999269965361,-0.3778368472658407,1.999992699653614,-0.10022140677148536,6677.45
C,6635.0,0.0164383561643835,63.0,65.46273547428451,0.6140910740698862,2.4627354742845142,-0.10022140677148536,6677.45
P,6635.0,0.0164383561643835,20.450000000000003,22.942742512907124,-0.38590892593010856,2.492742512907121,-0.10022140677148536,6677.45
C,6640.0,0.0164383561643835,60.0,62.1649023446679,0.6059407567972948,2.164902344667901,-0.10022140677148536,6677.45
P,6640.0,0.0164383561643835,21.65,24.653153548353767,-0.3940592432027185,3.003153548353769,-0.10022140677148536,6677.45
C,6645.0,0.0164383561643835,54.0,58.71407828205462,0.6003805930045907,4.714078282054622,-0.10022140677148536,6677.45
P,6645.0,0.0164383561643835,22.9,26.21057365080343,-0.3996194069953779,3.3105736508034305,-0.10022140677148536,6677.45
C,6650.0,0.0164383561643835,51.0,55.26547527779181,0.5954788243682909,4.265475277791808,-0.10022140677148536,6677.45
P,6650.0,0.0164383561643835,24.25,27.77021481160362,-0.4045211756316863,3.520214811603619,-0.10022140677148536,6677.45
C,6655.0,0.0164383561643835,48.0,52.04677248490461,0.5186434058174313,4.046772484904608,-0.10022140677148536,6677.45
P,6655.0,0.0164383561643835,25.7,29.559756183779104,-0.4813565941825491,3.859756183779105,-0.10022140677148536,6677.45
C,6660.0,0.0164383561643835,44.65,49.01041409922377,0.5091378341040335,4.3604140992237745,-0.10022140677148536,6677.45
P,6660.0,0.0164383561643835,27.25,31.531641963160883,-0.4908621658959636,4.281641963160883,-0.10022140677148536,6677.45
C,6665.0,0.0164383561643835,41.349999999999994,45.987777498188024,0.5002135140209171,4.637777498188029,-0.10022140677148536,6677.45
P,6665.0,0.0164383561643835,28.950000000000003,33.51724952718771,-0.4997864859790721,4.567249527187705,-0.10022140677148536,6677.45
C,6670.0,0.0164383561643835,38.2,42.79126539265367,0.49381373856510485,4.591265392653668,-0.10022140677148536,6677.45
P,6670.0,0.0164383561643835,30.65,35.328981586717575,-0.5061862614349063,4.678981586717576,-0.10022140677148536,6677.45
C,6675.0,0.0164383561643835,35.0,39.63893960468608,0.4876615932864126,4.63893960468608,-0.10022140677148536,6677.45
P,6675.0,0.0164383561643835,32.55,37.184899963812036,-0.5123384067135942,4.634899963812039,-0.10022140677148536,6677.45
C,6680.0,0.0164383561643835,32.05,36.82985824935408,0.4071885291737993,4.779858249354085,-0.10022140677148536,6677.45
P,6680.0,0.0164383561643835,34.65,39.38406277354309,-0.5928114708261961,4.734062773543094,-0.10022140677148536,6677.45
C,6685.0,0.0164383561643835,29.25,34.106630224559396,0.39617835331516527,4.856630224559396,-0.10022140677148536,6677.45
P,6685.0,0.0164383561643835,36.85,41.66907891381176,-0.6038216466848182,4.819078913811758,-0.10022140677148536,6677.45
C,6690.0,0.0164383561643835,26.55,31.3136158819315,0.3866288442967007,4.7636158819315,-0.10022140677148536,6677.45
P,6690.0,0.0164383561643835,39.05,43.88430873624686,-0.6133711557033179,4.834308736246861,-0.10022140677148536,6677.45
C,6695.0,0.0164383561643835,24.05,28.45346765347232,0.37845499052202863,4.403467653472319,-0.10022140677148536,6677.45
P,6695.0,0.0164383561643835,42.0,46.032404672850895,-0.6215450094779746,4.032404672850895,-0.10022140677148536,6677.45
C,6700.0,0.0164383561643835,21.65,25.730964776691447,0.3035404726546263,4.080964776691449,-0.10022140677148536,6677.45
P,6700.0,0.0164383561643835,45.0,48.31814596113257,-0.696459527345376,3.318145961132572,-0.10022140677148536,6677.45
C,6705.0,0.0164383561643835,19.5,23.27325155716908,0.2910660236047294,3.773251557169079,-0.10022140677148536,6677.45
P,6705.0,0.0164383561643835,48.0,50.86867690667295,-0.708933976395251,2.8686769066729525,-0.10022140677148536,6677.45
C,6710.0,0.0164383561643835,17.35,20.907395971640383,0.27840311732994627,3.557395971640382,-0.10022140677148536,6677.45
P,6710.0,0.0164383561643835,51.0,53.51106548620775,-0.7215968826700527,2.511065486207748,-0.10022140677148536,6677.45
C,6715.0,0.0164383561643835,15.45,18.47440470733759,0.26743913566435235,3.0244047073375917,-0.10022140677148536,6677.45
P,6715.0,0.0164383561643835,54.0,56.086318386968365,-0.7325608643356611,2.0863183869683652,-0.10022140677148536,6677.45
C,6720.0,0.0164383561643835,13.65,16.098290690572252,0.2566574223259694,2.448290690572252,-0.10022140677148536,6677.45
P,6720.0,0.0164383561643835,57.0,58.71844853526623,-0.7433425776740383,1.7184485352662335,-0.10022140677148536,6677.45
C,6725.0,0.0164383561643835,12.05,13.94096361411613,0.18892198433045398,1.8909636141161297,-0.10022140677148536,6677.45
P,6725.0,0.0164383561643835,60.3,61.56936562387125,-0.811078015669524,1.269365623871252,-0.10022140677148536,6677.45
C,6730.0,0.0164383561643835,10.5,11.984990158611435,0.17501018820965678,1.484990158611435,-0.10022140677148536,6677.45
P,6730.0,0.0164383561643835,63.0,64.62163633343202,-0.8249898117903631,1.621636333432022,-0.10022140677148536,6677.45
C,6735.0,0.0164383561643835,9.2,10.14014966964992,0.1610490397597616,0.9401496696499212,-0.10022140677148536,6677.45
P,6735.0,0.0164383561643835,66.0,67.78504000953278,-0.8389509602402377,1.7850400095327785,-0.10022140677148536,6677.45
C,6740.0,0.0164383561643835,8.0,8.331440188687251,0.14812120764503986,0.33144018868725134,-0.10022140677148536,6677.45
P,6740.0,0.0164383561643835,72.0,70.98457469363242,-0.8518787923549477,-1.0154253063675753,-0.10022140677148536,6677.45
C,6745.0,0.0164383561643835,6.949999999999999,6.662800784782376,0.13480411537665127,-0.2871992152176235,-0.10022140677148536,6677.45
P,6745.0,0.0164383561643835,75.0,74.32417945479118,-0.8651958846233478,-0.675820545208822,-0.10022140677148536,6677.45
C,6750.0,0.0164383561643835,5.95,5.255045388029828,0.08477944792058126,-0.6949546119701724,-0.10022140677148536,6677.45
P,6750.0,0.0164383561643835,78.0,77.92466822310078,-0.9152205520794283,-0.075331776899219,-0.10022140677148536,6677.45
C,6755.0,0.0164383561643835,5.05,4.03130336353345,0.07149171076961269,-1.01869663646655,-0.10022140677148536,6677.45
P,6755.0,0.0164383561643835,84.0,81.70917036366784,-0.9285082892303899,-2.2908296363321625,-0.10022140677148536,6677.45
C,6760.0,0.0164383561643835,4.35,2.9669314289796715,0.05874964923021335,-1.383068571020328,-0.10022140677148536,6677.45
P,6760.0,0.0164383561643835,87.0,85.65304259417628,-0.9412503507697803,-1.3469574058237157,-0.10022140677148536,6677.45
C,6615.0,0.0191780821917808,84.0,84.57737304608375,0.668809991438333,0.5773730460837498,-0.07887661846599472,6678.35
P,6615.0,0.0191780821917808,19.65,21.131470839706633,-0.3311900085616562,1.4814708397066347,-0.07887661846599472,6678.35
C,6620.0,0.0191780821917808,78.0,80.98808195156022,0.6623689974832945,2.9880819515602184,-0.07887661846599472,6678.35
P,6620.0,0.0191780821917808,20.7,22.549748980097615,-0.33763100251669226,1.8497489800976155,-0.07887661846599472,6678.35
C,6625.0,0.0191780821917808,75.0,77.3271901428179,0.6573283061012667,2.327190142817898,-0.07887661846599472,6678.35
P,6625.0,0.0191780821917808,21.8,23.896426406271132,-0.3426716938987228,2.0964264062711315,-0.07887661846599472,6678.35
C,6630.0,0.0191780821917808,69.95,73.76097269763991,0.5962829363607547,3.8109726976399116,-0.07887661846599472,6678.35
P,6630.0,0.0191780821917808,22.9,25.33777819600964,-0.40371706363924775,2.437778196009642,-0.07887661846599472,6678.35
C,6635.0,0.0191780821917808,66.0,70.43421554145698,0.5876330893296614,4.434215541456979,-0.07887661846599472,6678.35
P,6635.0,0.0191780821917808,24.1,27.018590274743,-0.4123669106703337,2.918590274743,-0.07887661846599472,6678.35
C,6640.0,0.0191780821917808,63.0,67.1726214878321,0.578882603339892,4.172621487832103,-0.07887661846599472,6678.35
P,6640.0,0.0191780821917808,25.25,28.764565456035474,-0.4211173966600823,3.5145654560354735,-0.07887661846599472,6678.35
C,6645.0,0.0191780821917808,60.75,63.77387037624839,0.5722965556107025,3.0238703762483894,-0.07887661846599472,6678.35
P,6645.0,0.0191780821917808,26.55,30.373383579365374,-0.4277034443892908,3.823383579365373,-0.07887661846599472,6678.35
C,6650.0,0.0191780821917808,57.0,60.37515961176004,0.5662371217136764,3.37515961176004,-0.07887661846599472,6678.35
P,6650.0,0.0191780821917808,28.049999999999997,31.982242049793157,-0.4337628782863284,3.9322420497931603,-0.07887661846599472,6678.35
C,6655.0,0.0191780821917808,46.05,57.17452854183002,0.5006481719920416,11.124528541830024,-0.07887661846599472,6678.35
P,6655.0,0.0191780821917808,29.549999999999997,33.789180214777865,-0.49935182800796135,4.239180214777868,-0.07887661846599472,6678.35
C,6660.0,0.0191780821917808,49.35,54.13273229656908,0.49074422388142275,4.78273229656908,-0.07887661846599472,6678.35
P,6660.0,0.0191780821917808,31.15,35.75495320443251,-0.5092557761185845,4.604953204432512,-0.07887661846599472,6678.35
C,6665.0,0.0191780821917808,46.05,51.117626308112705,0.48124567870713353,5.0676263081127075,-0.07887661846599472,6678.35
P,6665.0,0.0191780821917808,32.75,37.74741645089314,-0.5187543212928659,4.997416450893141,-0.07887661846599472,6678.35
C,6670.0,0.0191780821917808,42.95,47.93417821633361,0.4738618510372035,4.984178216333611,-0.07887661846599472,6678.35
P,6670.0,0.0191780821917808,34.55,39.57153759403057,-0.5261381489628085,5.021537594030576,-0.07887661846599472,6678.35
C,6675.0,0.0191780821917808,39.85,44.79738880622242,0.46661764336916606,4.9473888062224205,-0.07887661846599472,6678.35
P,6675.0,0.0191780821917808,36.55,41.44231741883468,-0.53338235663083,4.892317418834686,-0.07887661846599472,6678.35
C,6680.0,0.0191780821917808,36.85,41.9480445684612,0.3992972351357859,5.098044568461198,-0.07887661846599472,6678.35
P,6680.0,0.0191780821917808,38.5,43.60054241598853,-0.6007027648642074,5.100542415988528,-0.07887661846599472,6678.35
C,6685.0,0.0191780821917808,34.0,39.179265778802424,0.38812851311887697,5.179265778802424,-0.07887661846599472,6678.35
P,6685.0,0.0191780821917808,40.65,45.83933286124632,-0.6118714868811134,5.189332861246321,-0.07887661846599472,6678.35
C,6690.0,0.0191780821917808,31.25,36.36000003544973,0.37808240170043594,5.11000003544973,-0.07887661846599472,6678.35
P,6690.0,0.0191780821917808,43.0,48.02763635280836,-0.6219175982995766,5.027636352808358,-0.07887661846599472,6678.35
C,6695.0,0.0191780821917808,28.65,33.46994991518771,0.3692237882757011,4.819949915187713,-0.07887661846599472,6678.35
P,6695.0,0.0191780821917808,45.3,50.145155467463134,-0.6307762117242857,4.845155467463137,-0.07887661846599472,6678.35
C,6700.0,0.0191780821917808,26.15,30.701615771044466,0.30706386372941386,4.551615771044467,-0.07887661846599472,6678.35
P,6700.0,0.0191780821917808,48.0,52.384390558235744,-0.6929361362706048,4.384390558235744,-0.07887661846599472,6678.35
C,6705.0,0.0191780821917808,23.75,28.156065589532997,0.294801860120827,4.4060655895329965,-0.07887661846599472,6678.35
P,6705.0,0.0191780821917808,51.0,54.846409611639864,-0.7051981398791628,3.8464096116398636,-0.07887661846599472,6678.35
C,6710.0,0.0191780821917808,21.55,25.696516925386195,0.2823390329189681,4.146516925386194,-0.07887661846599472,6678.35
P,6710.0,0.0191780821917808,54.0,57.39443018240847,-0.717660967081024,3.3944301824084704,-0.07887661846599472,6678.35
C,6715.0,0.0191780821917808,18.4,23.170802862256853,0.2712908624283145,4.770802862256854,-0.07887661846599472,6678.35
P,6715.0,0.0191780821917808,57.0,59.87628535419479,-0.7287091375716774,2.876285354194792,-0.07887661846599472,6678.35
C,6720.0,0.0191780821917808,17.5,20.690142538114937,0.26055459641274004,3.1901425381149373,-0.07887661846599472,6678.35
P,6720.0,0.0191780821917808,60.0,62.4031942649675,-0.7394454035872416,2.403194264967503,-0.07887661846599472,6678.35
C,6725.0,0.0191780821917808,15.7,18.395592492968596,0.204063150714063,2.695592492968597,-0.07887661846599472,6678.35
P,6725.0,0.0191780821917808,63.0,65.11621345473799,-0.7959368492859249,2.116213454737988,-0.07887661846599472,6678.35
C,6730.0,0.0191780821917808,14.0,16.27284490657863,0.19084379908631782,2.27284490657863,-0.07887661846599472,6678.35
P,6730.0,0.0191780821917808,66.0,68.0010351032647,-0.8091562009136783,2.001035103264698,-0.07887661846599472,6678.35
C,6735.0,0.0191780821917808,12.4,14.244044557044429,0.17744289041524908,1.8440445570444286,-0.07887661846599472,6678.35
P,6735.0,0.0191780821917808,69.0,70.97980398864567,-0.8225571095847433,1.9798039886456706,-0.07887661846599472,6678.35
C,6740.0,0.0191780821917808,11.0,12.223362818068948,0.16502761296255175,1.2233628180689475,-0.07887661846599472,6678.35
P,6740.0,0.0191780821917808,72.0,73.96669148458636,-0.8349723870374388,1.966691484586363,-0.07887661846599472,6678.35
C,6745.0,0.0191780821917808,9.65,10.325580950085875,0.15261881529773363,0.6755809500858749,-0.07887661846599472,6678.35
P,6745.0,0.0191780821917808,75.0,77.07647885152005,-0.8473811847022787,2.0764788515200507,-0.07887661846599472,6678.35
C,6750.0,0.0191780821917808,7.699999999999999,8.653383526261019,0.10841150706061785,0.9533835262610193,-0.07887661846599472,6678.35
P,6750.0,0.0191780821917808,78.75,80.41185066260957,-0.8915884929393698,1.6618506626095666,-0.07887661846599472,6678.35
C,6755.0,0.0191780821917808,7.4,7.140148509494671,0.09576926485877102,-0.2598514905053291,-0.07887661846599472,6678.35
P,6755.0,0.0191780821917808,84.0,83.90618488075866,-0.9042307351412269,-0.09381511924134145,-0.07887661846599472,6678.35
C,6760.0,0.0191780821917808,6.449999999999999,5.73952336477936,0.08301420656962533,-0.7104766352206395,-0.07887661846599472,6678.35
P,6760.0,0.0191780821917808,86.25,87.51312897095868,-0.9169857934303727,1.2631289709586753,-0.07887661846599472,6678.35
C,6615.0,0.021917808219178,87.0,90.09503010382235,0.6375100028281295,3.095030103822353,-0.06355194663502502,6679.15
P,6615.0,0.021917808219178,23.25,25.855612064106,-0.3624899971718621,2.605612064106001,-0.06355194663502502,6679.15
C,6620.0,0.021917808219178,84.0,86.62451012672435,0.6302610650311411,2.6245101267243456,-0.06355194663502502,6679.15
P,6620.0,0.021917808219178,24.25,27.39206153671342,-0.3697389349688588,3.1420615367134204,-0.06355194663502502,6679.15
C,6625.0,0.021917808219178,78.0,83.0855073278891,0.6241142471598256,5.085507327889104,-0.06355194663502502,6679.15
P,6625.0,0.021917808219178,25.45,28.860028187583627,-0.3758857528401808,3.4100281875836274,-0.06355194663502502,6679.15
C,6630.0,0.021917808219178,75.0,79.64144075403978,0.5721508026431342,4.6414407540397775,-0.06355194663502502,6679.15
P,6630.0,0.021917808219178,26.6,30.42293106344042,-0.42784919735685917,3.822931063440418,-0.06355194663502502,6679.15
C,6635.0,0.021917808219178,72.0,76.40313740109212,0.5631479768406614,4.403137401092124,-0.06355194663502502,6679.15
P,6635.0,0.021917808219178,27.85,32.19159716019818,-0.4368520231593499,4.341597160198177,-0.06355194663502502,6679.15
C,6640.0,0.021917808219178,69.0,73.23139582445569,0.5540905260739984,4.231395824455689,-0.06355194663502502,6679.15
P,6640.0,0.021917808219178,29.2,34.026825033267514,-0.4459094739260042,4.826825033267514,-0.06355194663502502,6679.15
C,6645.0,0.021917808219178,63.0,69.94960134092437,0.5466592272739733,6.949601340924374,-0.06355194663502502,6679.15
P,6645.0,0.021917808219178,30.45,35.75199999944224,-0.45334077272601053,5.301999999442241,-0.06355194663502502,6679.15
C,6650.0,0.021917808219178,60.0,66.67019645780998,0.53955796991029,6.670196457809979,-0.06355194663502502,6679.15
P,6650.0,0.021917808219178,31.950000000000003,37.479564566032366,-0.46044203008969636,5.529564566032363,-0.06355194663502502,6679.15
C,6655.0,0.021917808219178,57.55,63.56506217632647,0.48555005811512214,6.015062176326474,-0.06355194663502502,6679.15
P,6655.0,0.021917808219178,33.45,39.38139973425383,-0.514449941884876,5.93139973425383,-0.06355194663502502,6679.15
C,6660.0,0.021917808219178,54.15,60.60074758185588,0.4756893245622949,6.450747581855879,-0.06355194663502502,6679.15
P,6660.0,0.021917808219178,35.099999999999994,41.42405458948884,-0.5243106754376935,6.324054589488846,-0.06355194663502502,6679.15
C,6665.0,0.021917808219178,43.6,57.67900882866728,0.46616715340657744,14.079008828667277,-0.06355194663502502,6679.15
P,6665.0,0.021917808219178,36.9,43.509285286005216,-0.5338328465934269,6.609285286005218,-0.06355194663502502,6679.15
C,6670.0,0.021917808219178,40.5,54.615736042670775,0.4581026265363188,14.115736042670775,-0.06355194663502502,6679.15
P,6670.0,0.021917808219178,38.7,45.452981949714484,-0.5418973734636789,6.752981949714481,-0.06355194663502502,6679.15
C,6675.0,0.021917808219178,44.65,51.60495748791698,0.45005654755593344,6.954957487916978,-0.06355194663502502,6679.15
P,6675.0,0.021917808219178,40.65,47.449172844666144,-0.5499434524440562,6.7991728446661455,-0.06355194663502502,6679.15
C,6680.0,0.021917808219178,41.65,48.83630360992765,0.39621900578490404,7.1863036099276485,-0.06355194663502502,6679.15
P,6680.0,0.021917808219178,42.5,49.6874884163813,-0.6037809942150947,7.187488416381299,-0.06355194663502502,6679.15
C,6685.0,0.021917808219178,38.75,46.15480817018626,0.38573879325009264,7.404808170186257,-0.06355194663502502,6679.15
P,6685.0,0.021917808219178,45.0,52.0129624263465,-0.6142612067498959,7.012962426346498,-0.06355194663502502,6679.15
C,6690.0,0.021917808219178,36.0,43.44911629553643,0.37601941379544807,7.449116295536427,-0.06355194663502502,6679.15
P,6690.0,0.021917808219178,46.8,54.31424000140186,-0.6239805862045488,7.514240001401866,-0.06355194663502502,6679.15
C,6695.0,0.021917808219178,33.3,40.67742055298557,0.3670293285334026,7.377420552985576,-0.06355194663502502,6679.15
P,6695.0,0.021917808219178,48.0,56.54951370855674,-0.6329706714665908,8.549513708556738,-0.06355194663502502,6679.15
C,6700.0,0.021917808219178,30.75,38.021052884520486,0.3179179130193992,7.271052884520486,-0.06355194663502502,6679.15
P,6700.0,0.021917808219178,51.55,58.90011548979711,-0.6820820869806067,7.350115489797112,-0.06355194663502502,6679.15
C,6705.0,0.021917808219178,28.3,35.55606948705621,0.30687975218780467,7.256069487056212,-0.06355194663502502,6679.15
P,6705.0,0.021917808219178,54.0,61.44210154203784,-0.6931202478121814,7.44210154203784,-0.06355194663502502,6679.15
C,6710.0,0.021917808219178,25.95,33.1942555344131,0.2961082753725972,7.244255534413103,-0.06355194663502502,6679.15
P,6710.0,0.021917808219178,57.0,64.08725703909981,-0.7038917246273904,7.087257039099811,-0.06355194663502502,6679.15
C,6715.0,0.021917808219178,23.75,30.76688302095108,0.2862456374389589,7.016883020951081,-0.06355194663502502,6679.15
P,6715.0,0.021917808219178,60.0,66.66685397534324,-0.7137543625610314,6.666853975343244,-0.06355194663502502,6679.15
C,6720.0,0.021917808219178,21.700000000000003,28.365082793672553,0.2765149464270653,6.66508279367255,-0.06355194663502502,6679.15
P,6720.0,0.021917808219178,63.0,69.27202319777042,-0.72348505357293,6.272023197770423,-0.06355194663502502,6679.15
C,6725.0,0.021917808219178,19.7,26.123426015841222,0.23219375728736136,6.423426015841223,-0.06355194663502502,6679.15
P,6725.0,0.021917808219178,66.0,72.03733586964451,-0.7678062427126418,6.037335869644508,-0.06355194663502502,6679.15
C,6730.0,0.021917808219178,17.85,24.038889899959734,0.22132769232636093,6.188889899959733,-0.06355194663502502,6679.15
P,6730.0,0.021917808219178,69.0,74.95976920346928,-0.7786723076736581,5.959769203469278,-0.06355194663502502,6679.15
C,6735.0,0.021917808219178,15.15,22.060397268517807,0.21086072036804734,6.910397268517807,-0.06355194663502502,6679.15
P,6735.0,0.021917808219178,72.0,77.98824602173231,-0.7891392796319522,5.988246021732309,-0.06355194663502502,6679.15
C,6740.0,0.021917808219178,14.55,20.033981507990045,0.20107190373154957,5.483981507990045,-0.06355194663502502,6679.15
P,6740.0,0.021917808219178,75.0,80.96879971090961,-0.7989280962684384,5.968799710909607,-0.06355194663502502,6679.15
C,6745.0,0.021917808219178,13.05,18.084885317000044,0.19117673110566885,5.034885317000043,-0.06355194663502502,6679.15
P,6745.0,0.021917808219178,78.0,84.02667296962532,-0.8088232688943211,6.026672969625324,-0.06355194663502502,6679.15
C,6750.0,0.021917808219178,11.6,16.316829960752916,0.15437410120348918,4.716829960752916,-0.06355194663502502,6679.15
P,6750.0,0.021917808219178,84.0,87.26558706308235,-0.845625898796505,3.26558706308235,-0.06355194663502502,6679.15
C,6755.0,0.021917808219178,10.35,14.705123990313023,0.14472111140492303,4.355123990313023,-0.06355194663502502,6679.15
P,6755.0,0.021917808219178,87.0,90.66085054235025,-0.8552788885950997,3.6608505423502464,-0.06355194663502502,6679.15
C,6760.0,0.021917808219178,9.15,13.179718408937067,0.13550633188943564,4.029718408937066,-0.06355194663502502,6679.15
P,6760.0,0.021917808219178,90.0,94.14241441067894,-0.8644936681105736,4.1424144106789385,-0.06355194663502502,6679.15
C,6615.0,0.0246575342465753,91.5,94.85832489502273,0.6198687969724477,3.358324895022733,-0.05284760470902385,6679.75
P,6615.0,0.0246575342465753,26.700000000000003,30.02389471425528,-0.3801312030275676,3.323894714255278,-0.05284760470902385,6679.75
C,6620.0,0.0246575342465753,87.0,91.50707377298112,0.6127757242730351,4.507073772981116,-0.05284760470902385,6679.75
P,6620.0,0.0246575342465753,27.95,31.67916329729343,-0.38722427572696383,3.7291632972934323,-0.05284760470902385,6679.75
C,6625.0,0.0246575342465753,84.0,88.09647846933571,0.606562710133562,4.0964784693357075,-0.05284760470902385,6679.75
P,6625.0,0.0246575342465753,29.0,33.27508769872639,-0.39343728986643894,4.275087698726388,-0.05284760470902385,6679.75
C,6630.0,0.0246575342465753,81.0,84.7847233296875,0.5610137592846766,3.7847233296874947,-0.05284760470902385,6679.75
P,6630.0,0.0246575342465753,30.2,34.96985226415793,-0.43898624071532216,4.7698522641579295,-0.05284760470902385,6679.75
C,6635.0,0.0246575342465753,75.0,81.65959096426703,0.5524595233186935,6.659590964267025,-0.05284760470902385,6679.75
P,6635.0,0.0246575342465753,31.5,36.851239603815785,-0.4475404766813206,5.351239603815785,-0.05284760470902385,6679.75
C,6640.0,0.0246575342465753,72.0,78.6093047574477,0.5440246001368864,6.609304757447703,-0.05284760470902385,6679.75
P,6640.0,0.0246575342465753,32.900000000000006,38.80747310207588,-0.45597539986310326,5.907473102075876,-0.05284760470902385,6679.75
C,6645.0,0.0246575342465753,69.0,75.4789081139646,0.5369913809581505,6.478908113964593,-0.05284760470902385,6679.75
P,6645.0,0.0246575342465753,34.3,40.68359616367086,-0.4630086190418417,6.383596163670866,-0.05284760470902385,6679.75
C,6650.0,0.0246575342465753,65.6,72.3595303903956,0.5301535749997179,6.759530390395611,-0.05284760470902385,6679.75
P,6650.0,0.0246575342465753,35.8,42.57073814518118,-0.46984642500025453,6.770738145181184,-0.05284760470902385,6679.75
C,6655.0,0.0246575342465753,55.2,69.4026199460506,0.4836865031973008,14.202619946050604,-0.05284760470902385,6679.75
P,6655.0,0.0246575342465753,37.35,44.62034740591451,-0.5163134968026941,7.270347405914507,-0.05284760470902385,6679.75
C,6660.0,0.0246575342465753,57.7,66.57746300782419,0.4747561930708376,8.87746300782419,-0.05284760470902385,6679.75
P,6660.0,0.0246575342465753,39.05,46.80171017276606,-0.5252438069291756,7.75171017276606,-0.05284760470902385,6679.75
C,6665.0,0.0246575342465753,54.0,63.81543160150012,0.46638057327011917,9.815431601500123,-0.05284760470902385,6679.75
P,6665.0,0.0246575342465753,40.75,49.04619847152133,-0.5336194267298864,8.296198471521329,-0.05284760470902385,6679.75
C,6670.0,0.0246575342465753,51.35,60.95147249275171,0.4591847916336952,9.60147249275171,-0.05284760470902385,6679.75
P,6670.0,0.0246575342465753,42.55,51.18875906785178,-0.5408152083663302,8.63875906785178,-0.05284760470902385,6679.75
C,6675.0,0.0246575342465753,48.65,58.14433537728569,0.4519440551785987,9.494335377285694,-0.05284760470902385,6679.75
P,6675.0,0.0246575342465753,44.400000000000006,53.38814165746468,-0.5480559448213973,8.988141657464674,-0.05284760470902385,6679.75
C,6680.0,0.0246575342465753,46.15,55.55409485989661,0.40630059250731304,9.40409485989661,-0.05284760470902385,6679.75
P,6680.0,0.0246575342465753,46.4,55.804420845154,-0.5936994074926772,9.404420845154,-0.05284760470902385,6679.75
C,6685.0,0.0246575342465753,43.15,53.057910797890344,0.3974504573213946,9.907910797890345,-0.05284760470902385,6679.75
P,6685.0,0.0246575342465753,47.9,58.31475648822685,-0.6025495426786003,10.41475648822685,-0.05284760470902385,6679.75
C,6690.0,0.0246575342465753,40.400000000000006,50.56571410886394,0.38946398285150147,10.165714108863938,-0.05284760470902385,6679.75
P,6690.0,0.0246575342465753,50.6,60.829079504279086,-0.6105360171485049,10.229079504279085,-0.05284760470902385,6679.75
C,6695.0,0.0246575342465753,37.6,48.0299244795241,0.3820830911093724,10.429924479524097,-0.05284760470902385,6679.75
P,6695.0,0.0246575342465753,53.35,63.299809580018106,-0.6179169088906304,9.949809580018105,-0.05284760470902385,6679.75
C,6700.0,0.0246575342465753,35.05,45.600971196351274,0.3405670767104887,10.550971196351277,-0.05284760470902385,6679.75
P,6700.0,0.0246575342465753,54.0,65.87737600192405,-0.6594329232895098,11.877376001924048,-0.05284760470902385,6679.75
C,6705.0,0.0246575342465753,32.5,43.3420368488826,0.3316150763047517,10.8420368488826,-0.05284760470902385,6679.75
P,6705.0,0.0246575342465753,56.35,68.62496135953396,-0.6683849236952365,12.274961359533954,-0.05284760470902385,6679.75
C,6710.0,0.0246575342465753,30.1,41.19719053996767,0.3232286218057888,11.09719053996767,-0.05284760470902385,6679.75
P,6710.0,0.0246575342465753,60.0,71.4866347556976,-0.6767713781942105,11.486634755697594,-0.05284760470902385,6679.75
C,6715.0,0.0246575342465753,27.85,39.00053811204393,0.31580134073990646,11.150538112043925,-0.05284760470902385,6679.75
P,6715.0,0.0246575342465753,63.0,74.29650203285276,-0.6841986592600899,11.296502032852757,-0.05284760470902385,6679.75
C,6720.0,0.0246575342465753,25.65,36.818866459668605,0.308529816086857,11.168866459668607,-0.05284760470902385,6679.75
P,6720.0,0.0246575342465753,66.0,77.12135008555612,-0.6914701839131417,11.121350085556116,-0.05284760470902385,6679.75
C,6725.0,0.0246575342465753,23.55,34.77551273586924,0.27072184656214027,11.225512735869241,-0.05284760470902385,6679.75
P,6725.0,0.0246575342465753,67.19999999999999,80.08451606683495,-0.7292781534378543,12.884516066834962,-0.05284760470902385,6679.75
C,6730.0,0.0246575342465753,21.6,32.866663660693646,0.2624524815788184,11.266663660693645,-0.05284760470902385,6679.75
P,6730.0,0.0246575342465753,72.0,83.18218669673966,-0.7375475184211938,11.182186696739663,-0.05284760470902385,6679.75
C,6735.0,0.0246575342465753,19.75,31.06721640573497,0.2548392317267989,11.317216405734971,-0.05284760470902385,6679.75
P,6735.0,0.0246575342465753,75.0,86.38925914685967,-0.7451607682731982,11.389259146859672,-0.05284760470902385,6679.75
C,6740.0,0.0246575342465753,18.05,29.200757229976418,0.24802207127509032,11.150757229976417,-0.05284760470902385,6679.75
P,6740.0,0.0246575342465753,78.0,89.52931967617909,-0.7519779287248916,11.529319676179085,-0.05284760470902385,6679.75
C,6745.0,0.0246575342465753,16.4,27.383242294292813,0.24117679714798593,10.983242294292815,-0.05284760470902385,6679.75
P,6745.0,0.0246575342465753,81.0,92.71832444557465,-0.7588232028520039,11.718324445574652,-0.05284760470902385,6679.75
C,6750.0,0.0246575342465753,14.9,25.717854837418976,0.20817452231898634,10.817854837418976,-0.05284760470902385,6679.75
P,6750.0,0.0246575342465753,84.0,96.0594566937799,-0.7918254776810189,12.059456693779893,-0.05284760470902385,6679.75
C,6755.0,0.0246575342465753,12.55,24.174792453740828,0.20103306228633308,11.624792453740827,-0.05284760470902385,6679.75
P,6755.0,0.0246575342465753,90.0,99.52291401518072,-0.7989669377136852,9.522914015180717,-0.05284760470902385,6679.75
C,6760.0,0.0246575342465753,11.9,22.692353032862417,0.19440285972552385,10.792353032862417,-0.05284760470902385,6679.75
P,6760.0,0.0246575342465753,93.0,103.04699429938083,-0.8055971402744829,10.046994299380827,-0.05284760470902385,6679.75
C,6615.0,0.0273972602739726,96.4,100.45388497533826,0.6158939110314445,4.053884975338249,-0.033904709069021675,6682.25
P,6615.0,0.0273972602739726,30.1,33.1413876877495,-0.3841060889685627,3.0413876877494985,-0.033904709069021675,6682.25
C,6620.0,0.0273972602739726,93.2,97.21962132253118,0.6093450754620403,4.019621322531179,-0.033904709069021675,6682.25
P,6620.0,0.0273972602739726,31.25,34.91177067342424,-0.39065492453796147,3.6617706734242432,-0.033904709069021675,6682.25
C,6625.0,0.0273972602739726,89.19999999999999,93.93834019551048,0.6036040012909503,4.738340195510489,-0.033904709069021675,6682.25
P,6625.0,0.0273972602739726,32.7,36.63513618488745,-0.3963959987090312,3.9351361848874475,-0.033904709069021675,6682.25
C,6630.0,0.0273972602739726,85.4,90.75365217439192,0.5624526681116809,5.353652174391911,-0.033904709069021675,6682.25
P,6630.0,0.0273972602739726,33.65,38.45509480225136,-0.437547331888311,4.805094802251361,-0.033904709069021675,6682.25
C,6635.0,0.0273972602739726,81.55,87.74286377267714,0.5546655867706507,6.192863772677143,-0.033904709069021675,6682.25
P,6635.0,0.0273972602739726,34.95,40.44895303901817,-0.4453344132293659,5.4989530390181685,-0.033904709069021675,6682.25
C,6640.0,0.0273972602739726,78.30000000000001,84.80914760401406,0.5471051468468693,6.509147604014046,-0.033904709069021675,6682.25
P,6640.0,0.0273972602739726,36.35,42.519883508837836,-0.4528948531531559,6.1698835088378345,-0.033904709069021675,6682.25
C,6645.0,0.0273972602739726,74.45,81.81647839552627,0.5408842299372466,7.366478395526272,-0.033904709069021675,6682.25
P,6645.0,0.0273972602739726,38.8,44.531860938833205,-0.4591157700627422,5.731860938833208,-0.033904709069021675,6682.25
C,6650.0,0.0273972602739726,71.44999999999999,78.83342561032183,0.534830323550752,7.3834256103218365,-0.033904709069021675,6682.25
P,6650.0,0.0273972602739726,39.25,46.55345479210997,-0.46516967644926444,7.303454792109967,-0.033904709069021675,6682.25
C,6655.0,0.0273972602739726,68.0,76.00161026128761,0.4931599571056989,8.00161026128761,-0.033904709069021675,6682.25
P,6655.0,0.0273972602739726,40.8,48.7262860815593,-0.5068400428942921,7.926286081559304,-0.033904709069021675,6682.25
C,6660.0,0.0273972602739726,64.65,73.29181060577041,0.4853082482822026,8.641810605770402,-0.033904709069021675,6682.25
P,6660.0,0.0273972602739726,42.45,51.021133064523724,-0.5146917517178061,8.571133064523721,-0.033904709069021675,6682.25
C,6665.0,0.0273972602739726,61.35,70.64793783588874,0.4780903052039102,9.297937835888739,-0.033904709069021675,6682.25
P,6665.0,0.0273972602739726,44.15,53.381906933124604,-0.5219096947961009,9.231906933124606,-0.033904709069021675,6682.25
C,6670.0,0.0273972602739726,58.15,67.9207447143539,0.47198167118122164,9.770744714353903,-0.033904709069021675,6682.25
P,6670.0,0.0273972602739726,45.85,55.65936045007356,-0.5280183288187807,9.809360450073555,-0.033904709069021675,6682.25
C,6675.0,0.0273972602739726,55.0,65.23029169136662,0.46579379459799886,10.230291691366617,-0.033904709069021675,6682.25
P,6675.0,0.0273972602739726,47.75,57.97355406556851,-0.5342062054019892,10.223554065568507,-0.033904709069021675,6682.25
C,6680.0,0.0273972602739726,51.95,62.73850670641082,0.42480876469025775,10.788506706410814,-0.033904709069021675,6682.25
P,6680.0,0.0273972602739726,49.7,60.4864157190947,-0.575191235309745,10.786415719094698,-0.033904709069021675,6682.25
C,6685.0,0.0273972602739726,48.85,60.333659739518936,0.4172339336751049,11.483659739518934,-0.033904709069021675,6682.25
P,6685.0,0.0273972602739726,51.75,63.08621539068563,-0.5827660663249122,11.33621539068563,-0.033904709069021675,6682.25
C,6690.0,0.0273972602739726,45.8,57.936177652472026,0.4105262984274798,12.136177652472028,-0.033904709069021675,6682.25
P,6690.0,0.0273972602739726,53.8,65.69337994212111,-0.589473701572528,11.893379942121115,-0.033904709069021675,6682.25
C,6695.0,0.0273972602739726,43.35,55.49381732472729,0.40440231734479787,12.143817324727287,-0.033904709069021675,6682.25
P,6695.0,0.0273972602739726,56.0,68.25566625285944,-0.5955976826552049,12.255666252859442,-0.033904709069021675,6682.25
C,6700.0,0.0273972602739726,40.65,53.13742566400638,0.36670421400810915,12.48742566400638,-0.033904709069021675,6682.25
P,6700.0,0.0273972602739726,58.25,70.90392123062092,-0.6332957859918974,12.653921230620924,-0.033904709069021675,6682.25
C,6705.0,0.0273972602739726,38.0,50.935052911566885,0.3590457922541309,12.935052911566885,-0.033904709069021675,6682.25
P,6705.0,0.0273972602739726,61.599999999999994,73.70619511666388,-0.6409542077458599,12.106195116663883,-0.033904709069021675,6682.25
C,6710.0,0.0273972602739726,35.45,48.831912362058326,0.35191551824331946,13.381912362058323,-0.033904709069021675,6682.25
P,6710.0,0.0273972602739726,63.85,76.6077012056376,-0.6480844817566785,12.757701205637595,-0.033904709069021675,6682.25
C,6715.0,0.0273972602739726,33.05,46.68442096259567,0.34576444247893673,13.63442096259567,-0.033904709069021675,6682.25
P,6715.0,0.0273972602739726,66.45,79.46485644465744,-0.6542355575210643,13.01485644465744,-0.033904709069021675,6682.25
C,6720.0,0.0273972602739726,30.75,44.540344879530984,0.3397779450434363,13.790344879530984,-0.033904709069021675,6682.25
P,6720.0,0.0273972602739726,68.9,82.3254270000759,-0.660222054956569,13.4254270000759,-0.033904709069021675,6682.25
C,6725.0,0.0273972602739726,28.55,42.52117370323182,0.30462905260740836,13.971173703231816,-0.033904709069021675,6682.25
P,6725.0,0.0273972602739726,72.19999999999999,85.31090246225861,-0.6953709473925899,13.110902462258622,-0.033904709069021675,6682.25
C,6730.0,0.0273972602739726,26.45,40.622275008371176,0.2975430837068649,14.172275008371177,-0.033904709069021675,6682.25
P,6730.0,0.0273972602739726,75.1,88.41665040588175,-0.702456916293147,13.31665040588176,-0.033904709069021675,6682.25
C,6735.0,0.0273972602739726,24.45,38.81156856591204,0.29101531335969816,14.361568565912041,-0.033904709069021675,6682.25
P,6735.0,0.0273972602739726,77.3,91.6105906019047,-0.7089846866402865,14.310590601904707,-0.033904709069021675,6682.25
C,6740.0,0.0273972602739726,22.55,36.940284158841,0.28537721657346676,14.390284158841002,-0.033904709069021675,6682.25
P,6740.0,0.0273972602739726,80.6,94.74395283331594,-0.7146227834265312,14.14395283331595,-0.033904709069021675,6682.25
C,6745.0,0.0273972602739726,20.75,35.10468342088336,0.2797261931797513,14.354683420883362,-0.033904709069021675,6682.25
P,6745.0,0.0273972602739726,83.44999999999999,97.91299873384129,-0.7202738068202511,14.462998733841303,-0.033904709069021675,6682.25
C,6750.0,0.0273972602739726,19.05,33.41184361027075,0.24789897249364515,14.36184361027075,-0.033904709069021675,6682.25
P,6750.0,0.0273972602739726,87.15,101.2248055617113,-0.7521010275063592,14.074805561711301,-0.033904709069021675,6682.25
C,6755.0,0.0273972602739726,17.45,31.821358468630386,0.2416417275194397,14.371358468630387,-0.033904709069021675,6682.25
P,6755.0,0.0273972602739726,90.1,104.63896705855232,-0.758358272480555,14.53896705855233,-0.033904709069021675,6682.25
C,6760.0,0.0273972602739726,15.05,30.282399891413153,0.23589639828378026,15.232399891413152,-0.033904709069021675,6682.25
P,6760.0,0.0273972602739726,93.55,108.1046551198185,-0.7641036017162297,14.554655119818506,-0.033904709069021675,6682.25
C,6615.0,0.0356164383561643,102.0,113.4117925083484,0.6218922153085671,11.411792508348398,-0.023559628443822367,6682.85
P,6615.0,0.0356164383561643,33.85,45.504834997705416,-0.37810778469142886,11.654834997705414,-0.023559628443822367,6682.85
C,6620.0,0.0356164383561643,96.0,110.44662677466863,0.6170584891987866,14.44662677466863,-0.023559628443822367,6682.85
P,6620.0,0.0356164383561643,35.0,47.54386657505295,-0.38294151080123434,12.543866575052952,-0.023559628443822367,6682.85
C,6625.0,0.0356164383561643,94.55,108.06896857200829,0.6147461071569469,13.51896857200829,-0.023559628443822367,6682.85
P,6625.0,0.0356164383561643,36.349999999999994,50.170405683420846,-0.38525389284304373,13.820405683420852,-0.023559628443822367,6682.85
C,6630.0,0.0356164383561643,90.0,105.93866973062747,0.5840321320417737,15.938669730627467,-0.023559628443822367,6682.85
P,6630.0,0.0356164383561643,37.599999999999994,53.04430415306813,-0.41596786795821006,15.444304153068138,-0.023559628443822367,6682.85
C,6635.0,0.0356164383561643,87.0,103.36006077264075,0.5788752472494815,16.36006077264075,-0.023559628443822367,6682.85
P,6635.0,0.0356164383561643,38.95,55.4698925061079,-0.421124752750533,16.519892506107894,-0.023559628443822367,6682.85
C,6640.0,0.0356164383561643,81.0,100.67723859242997,0.5734123384659625,19.677238592429973,-0.023559628443822367,6682.85
P,6640.0,0.0356164383561643,40.3,57.791267636924694,-0.42658766153405303,17.491267636924697,-0.023559628443822367,6682.85
C,6645.0,0.0356164383561643,78.0,97.90407647168847,0.5690111998674154,19.90407647168847,-0.023559628443822367,6682.85
P,6645.0,0.0356164383561643,41.8,60.02230282721121,-0.43098880013257773,18.222302827211216,-0.023559628443822367,6682.85
C,6650.0,0.0356164383561643,75.0,96.92573641514906,0.569911519121289,21.92573641514906,-0.023559628443822367,6682.85
P,6650.0,0.0356164383561643,43.400000000000006,64.04816008169816,-0.4300884808787172,20.64816008169815,-0.023559628443822367,6682.85
C,6655.0,0.0356164383561643,72.0,94.97282421100847,0.5387032166071292,22.972824211008472,-0.023559628443822367,6682.85
P,6655.0,0.0356164383561643,44.9,67.09944518858521,-0.46129678339286473,22.19944518858521,-0.023559628443822367,6682.85
C,6660.0,0.0356164383561643,68.80000000000001,92.52647510222711,0.5331707163302263,23.7264751022271,-0.023559628443822367,6682.85
P,6660.0,0.0356164383561643,46.55,69.65729339083178,-0.4668292836697688,23.107293390831785,-0.023559628443822367,6682.85
C,6665.0,0.0356164383561643,66.0,90.08702768538701,0.5282606706991578,24.087027685387014,-0.023559628443822367,6682.85
P,6665.0,0.0356164383561643,48.3,72.22204328501923,-0.47173932930084356,23.922043285019228,-0.023559628443822367,6682.85
C,6670.0,0.0356164383561643,63.0,88.12275268100447,0.5257313014304971,25.12275268100447,-0.023559628443822367,6682.85
P,6670.0,0.0356164383561643,50.1,75.26196559166411,-0.47426869856951925,25.161965591664107,-0.023559628443822367,6682.85
C,6675.0,0.0356164383561643,60.0,88.2589225249624,0.5288557640023905,28.2589225249624,-0.023559628443822367,6682.85
P,6675.0,0.0356164383561643,52.0,80.4023327466496,-0.4711442359976,28.402332746649606,-0.023559628443822367,6682.85
C,6680.0,0.0356164383561643,56.8,86.32428637703515,0.49756071385881506,29.524286377035153,-0.023559628443822367,6682.85
P,6680.0,0.0356164383561643,53.95,83.47189390974972,-0.5024392861411701,29.52189390974972,-0.023559628443822367,6682.85
C,6685.0,0.0356164383561643,52.9,84.03828745529052,0.4921439443029548,31.138287455290516,-0.023559628443822367,6682.85
P,6685.0,0.0356164383561643,55.9,86.19009229903281,-0.5078560556970403,30.290092299032814,-0.023559628443822367,6682.85
C,6690.0,0.0356164383561643,50.05,81.71366832321812,0.4875477178515824,31.66366832321812,-0.023559628443822367,6682.85
P,6690.0,0.0356164383561643,57.0,88.8696704779876,-0.5124522821484185,31.869670477987597,-0.023559628443822367,6682.85
C,6695.0,0.0356164383561643,47.2,81.81565838056822,0.49004306668571096,34.61565838056822,-0.023559628443822367,6682.85
P,6695.0,0.0356164383561643,60.0,93.97585784636544,-0.509956933314292,33.97585784636544,-0.023559628443822367,6682.85
C,6700.0,0.0356164383561643,44.5,81.15064735869991,0.46455951211138813,36.65064735869991,-0.023559628443822367,6682.85
P,6700.0,0.0356164383561643,62.65,98.31504413552447,-0.5354404878886236,35.665044135524475,-0.023559628443822367,6682.85
C,6705.0,0.0356164383561643,41.849999999999994,78.9999121860731,0.45875502430972787,37.14991218607311,-0.023559628443822367,6682.85
P,6705.0,0.0356164383561643,66.0,101.16850627392496,-0.5412449756902682,35.16850627392496,-0.023559628443822367,6682.85
C,6710.0,0.0356164383561643,39.3,76.94100955054654,0.4539656557147958,37.64100955054654,-0.023559628443822367,6682.85
P,6710.0,0.0356164383561643,66.0,104.11380094942574,-0.5460343442852015,38.11380094942574,-0.023559628443822367,6682.85
C,6715.0,0.0356164383561643,36.849999999999994,74.69309739121303,0.4495663986991437,37.843097391213036,-0.023559628443822367,6682.85
P,6715.0,0.0356164383561643,69.0,106.87008610111941,-0.5504336013008508,37.87008610111941,-0.023559628443822367,6682.85
C,6720.0,0.0356164383561643,34.55,75.4611965992155,0.4533972983130366,40.9111965992155,-0.023559628443822367,6682.85
P,6720.0,0.0356164383561643,72.0,112.64238262014928,-0.5466027016869665,40.64238262014928,-0.023559628443822367,6682.85
C,6725.0,0.0356164383561643,32.3,74.0829243638442,0.4266716865945067,41.7829243638442,-0.023559628443822367,6682.85
P,6725.0,0.0356164383561643,75.0,116.26830769580587,-0.5733283134054981,41.26830769580587,-0.023559628443822367,6682.85
C,6730.0,0.0356164383561643,30.1,71.94987937317062,0.4207022184153258,41.849879373170616,-0.023559628443822367,6682.85
P,6730.0,0.0356164383561643,78.0,119.13946001616037,-0.5792977815846803,41.13946001616037,-0.023559628443822367,6682.85
C,6735.0,0.0356164383561643,28.049999999999997,69.96373684098018,0.4158859808139388,41.91373684098018,-0.023559628443822367,6682.85
P,6735.0,0.0356164383561643,81.0,122.15751479499696,-0.5841140191860446,41.157514794996956,-0.023559628443822367,6682.85
C,6740.0,0.0356164383561643,26.1,67.7887429718354,0.41145492119007776,41.6887429718354,-0.023559628443822367,6682.85
P,6740.0,0.0356164383561643,84.0,124.9867182368796,-0.5885450788099214,40.9867182368796,-0.023559628443822367,6682.85
C,6745.0,0.0356164383561643,24.15,68.73410962440542,0.41526582025470277,44.58410962440542,-0.023559628443822367,6682.85
P,6745.0,0.0356164383561643,87.0,130.9362822004773,-0.5847341797452918,43.93628220047731,-0.023559628443822367,6682.85
C,6750.0,0.0356164383561643,22.35,66.83089442185538,0.3875376031243118,44.480894421855375,-0.023559628443822367,6682.85
P,6750.0,0.0356164383561643,94.25,134.03726430895478,-0.612462396875691,39.787264308954775,-0.023559628443822367,6682.85
C,6755.0,0.0356164383561643,20.700000000000003,64.98509918660233,0.3825990932055479,44.285099186602324,-0.023559628443822367,6682.85
P,6755.0,0.0356164383561643,93.0,137.19566638472796,-0.617400906794448,44.19566638472796,-0.023559628443822367,6682.85
C,6760.0,0.0356164383561643,19.3,63.06732478370971,0.37784242490622794,43.76732478370971,-0.023559628443822367,6682.85
P,6760.0,0.0356164383561643,96.0,140.28208929286345,-0.6221575750937713,44.282089292863446,-0.023559628443822367,6682.85
C,6605.0,0.0383561643835616,111.0,124.8252686650623,0.6625040860150516,13.825268665062296,-0.02207186077120394,6682.8
P,6605.0,0.0383561643835616,34.55,46.95937592549364,-0.3374959139849542,12.409375925493642,-0.02207186077120394,6682.8
C,6610.0,0.0383561643835616,108.0,122.0419315116428,0.6319160807880158,14.041931511642801,-0.02207186077120394,6682.8
P,6610.0,0.0383561643835616,35.6,49.180273523973526,-0.36808391921198286,13.580273523973524,-0.02207186077120394,6682.8
C,6615.0,0.0383561643835616,105.0,119.02280624076673,0.6263445708204466,14.022806240766727,-0.02207186077120394,6682.8
P,6615.0,0.0383561643835616,37.0,51.16538300499778,-0.37365542917956573,14.165383004997778,-0.02207186077120394,6682.8
C,6620.0,0.0383561643835616,102.0,116.02691251222295,0.6216923282461458,14.02691251222295,-0.02207186077120394,6682.8
P,6620.0,0.0383561643835616,38.0,53.17372402835399,-0.3783076717538499,15.173724028353988,-0.02207186077120394,6682.8
C,6625.0,0.0383561643835616,96.0,113.98480039893634,0.6202863319699032,17.984800398936343,-0.02207186077120394,6682.8
P,6625.0,0.0383561643835616,39.349999999999994,56.13584666696897,-0.3797136680300945,16.78584666696898,-0.02207186077120394,6682.8
C,6630.0,0.0383561643835616,93.0,112.00574234405414,0.5920423353057023,19.00574234405414,-0.02207186077120394,6682.8
P,6630.0,0.0383561643835616,40.75,59.16102336398778,-0.4079576646942953,18.41102336398778,-0.02207186077120394,6682.8
C,6635.0,0.0383561643835616,90.0,109.34975823821964,0.5869329418587697,19.349758238219636,-0.02207186077120394,6682.8
P,6635.0,0.0383561643835616,41.95,61.50927401005319,-0.4130670581412351,19.559274010053187,-0.02207186077120394,6682.8
C,6640.0,0.0383561643835616,87.0,106.55707061460272,0.5814388721812007,19.557070614602722,-0.02207186077120394,6682.8
P,6640.0,0.0383561643835616,43.25,63.72082113833701,-0.4185611278188092,20.47082113833701,-0.02207186077120394,6682.8
C,6645.0,0.0383561643835616,84.0,103.71619106279725,0.5771320283439657,19.71619106279725,-0.02207186077120394,6682.8
P,6645.0,0.0383561643835616,44.8,65.88417633843139,-0.4228679716560259,21.08417633843139,-0.02207186077120394,6682.8
C,6650.0,0.0383561643835616,86.05,102.97808900838298,0.5784277097367388,16.928089008382983,-0.02207186077120394,6682.8
P,6650.0,0.0383561643835616,46.3,70.1503090359169,-0.42157229026326637,23.850309035916908,-0.02207186077120394,6682.8
C,6655.0,0.0383561643835616,75.0,100.95661018523465,0.5490513816742453,25.956610185234652,-0.02207186077120394,6682.8
P,6655.0,0.0383561643835616,48.0,73.13306496466902,-0.4509486183257493,25.133064964669018,-0.02207186077120394,6682.8
C,6660.0,0.0383561643835616,72.0,98.35428673753967,0.5432595361948734,26.354286737539667,-0.02207186077120394,6682.8
P,6660.0,0.0383561643835616,49.85,75.53497626887442,-0.4567404638051285,25.684976268874415,-0.02207186077120394,6682.8
C,6665.0,0.0383561643835616,69.0,95.83297385420744,0.5384438333211998,26.832973854207438,-0.02207186077120394,6682.8
P,6665.0,0.0383561643835616,51.5,78.01789813744266,-0.4615561666788106,26.517898137442657,-0.02207186077120394,6682.8
C,6670.0,0.0383561643835616,73.5,93.74298315809808,0.5357333805500721,20.242983158098085,-0.02207186077120394,6682.8
P,6670.0,0.0383561643835616,53.150000000000006,80.93214219323424,-0.46426661944994063,27.782142193234236,-0.02207186077120394,6682.8
C,6675.0,0.0383561643835616,70.45,93.50340325628359,0.5375554723448631,23.053403256283588,-0.02207186077120394,6682.8
P,6675.0,0.0383561643835616,55.0,85.69679704331999,-0.46244452765512895,30.69679704331999,-0.02207186077120394,6682.8
C,6680.0,0.0383561643835616,59.7,91.44172727313692,0.5075927179383436,31.741727273136917,-0.02207186077120394,6682.8
P,6680.0,0.0383561643835616,56.9,88.63935581207323,-0.49240728206165363,31.739355812073235,-0.02207186077120394,6682.8
C,6685.0,0.0383561643835616,56.75,89.04836776360757,0.5020263056844878,32.29836776360757,-0.02207186077120394,6682.8
P,6685.0,0.0383561643835616,58.95,91.25023105444471,-0.4979736943155143,32.30023105444471,-0.02207186077120394,6682.8
C,6690.0,0.0383561643835616,53.8,86.66653190599409,0.497504894083674,32.866531905994094,-0.02207186077120394,6682.8
P,6690.0,0.0383561643835616,61.1,93.87262994873157,-0.502495105916327,32.77262994873157,-0.02207186077120394,6682.8
C,6695.0,0.0383561643835616,51.0,86.18699856126868,0.498346064751803,35.18699856126868,-0.02207186077120394,6682.8
P,6695.0,0.0383561643835616,63.0,98.39733135590699,-0.5016539352481958,35.397331355906985,-0.02207186077120394,6682.8
C,6700.0,0.0383561643835616,48.65,85.20172359240445,0.4730524500918875,36.55172359240445,-0.02207186077120394,6682.8
P,6700.0,0.0383561643835616,58.4,102.41629113894243,-0.5269475499081119,44.01629113894243,-0.02207186077120394,6682.8
C,6705.0,0.0383561643835616,45.6,82.95742916949462,0.4669936901201405,37.357429169494615,-0.02207186077120394,6682.8
P,6705.0,0.0383561643835616,69.0,105.17623146793301,-0.533006309879851,36.17623146793301,-0.02207186077120394,6682.8
C,6710.0,0.0383561643835616,43.1,80.88233085494915,0.4623034525105707,37.782330854949144,-0.02207186077120394,6682.8
P,6710.0,0.0383561643835616,69.0,108.1053679052878,-0.5376965474894218,39.10536790528781,-0.02207186077120394,6682.8
C,6715.0,0.0383561643835616,40.6,78.61107512103409,0.4579877201891372,38.01107512103409,-0.02207186077120394,6682.8
P,6715.0,0.0383561643835616,72.0,110.83834692327338,-0.5420122798108685,38.83834692327338,-0.02207186077120394,6682.8
C,6720.0,0.0383561643835616,38.5,78.91892943661293,0.4602788102947093,40.41892943661293,-0.02207186077120394,6682.8
P,6720.0,0.0383561643835616,75.0,116.15043599075234,-0.5397211897052931,41.15043599075234,-0.02207186077120394,6682.8
C,6725.0,0.0383561643835616,36.2,77.4544896946553,0.43415606134010937,41.25448969465529,-0.02207186077120394,6682.8
P,6725.0,0.0383561643835616,78.0,119.69023100069496,-0.5658439386598937,41.690231000694965,-0.02207186077120394,6682.8
C,6730.0,0.0383561643835616,33.7,75.29228483909341,0.42812356077655855,41.59228483909341,-0.02207186077120394,6682.8
P,6730.0,0.0383561643835616,81.0,122.53226089703422,-0.5718764392234517,41.53226089703422,-0.02207186077120394,6682.8
C,6740.0,0.0383561643835616,29.549999999999997,71.11761605102362,0.4190685689002418,41.56761605102362,-0.02207186077120394,6682.8
P,6740.0,0.0383561643835616,89.9,128.36606161276524,-0.5809314310997534,38.46606161276523,-0.02207186077120394,6682.8
C,6750.0,0.0383561643835616,26.0,69.76650134501827,0.3944389355310067,43.76650134501827,-0.02207186077120394,6682.8
P,6750.0,0.0383561643835616,93.0,137.02341641056003,-0.6055610644689879,44.02341641056003,-0.02207186077120394,6682.8
C,6760.0,0.0383561643835616,22.299999999999997,65.99719498003356,0.3848788144927293,43.69719498003356,-0.02207186077120394,6682.8
P,6760.0,0.0383561643835616,99.0,143.26257954937617,-0.6151211855072762,44.26257954937617,-0.02207186077120394,6682.8
C,6770.0,0.0383561643835616,19.15,64.46874468072299,0.3625134587263959,45.31874468072299,-0.02207186077120394,6682.8
P,6770.0,0.0383561643835616,108.9,151.74259875386724,-0.6374865412735898,42.842598753867236,-0.02207186077120394,6682.8
C,6605.0,0.0410958904109589,118.65,131.23161634291637,0.6640183086361131,12.581616342916362,-0.01914397164379018,6683.2
P,6605.0,0.0410958904109589,38.85,52.97006917988136,-0.33598169136389444,14.120069179881355,-0.01914397164379018,6683.2
C,6610.0,0.0410958904109589,114.0,128.45815761285175,0.6356493526408509,14.45815761285175,-0.01914397164379018,6683.2
P,6610.0,0.0410958904109589,40.05,55.2005456904206,-0.3643506473591369,15.1505456904206,-0.01914397164379018,6683.2
C,6615.0,0.0410958904109589,108.0,125.3850361466044,0.629995576771383,17.385036146604406,-0.01914397164379018,6683.2
P,6615.0,0.0410958904109589,41.3,57.13135946477601,-0.3700044232285948,15.831359464776014,-0.01914397164379018,6683.2
C,6620.0,0.0410958904109589,105.0,122.3908788803762,0.6254793094685238,17.390878880376206,-0.01914397164379018,6683.2
P,6620.0,0.0410958904109589,42.4,59.141137439151265,-0.3745206905314716,16.741137439151267,-0.01914397164379018,6683.2
C,6625.0,0.0410958904109589,102.0,120.31868324656409,0.6239976812857657,18.318683246564092,-0.01914397164379018,6683.2
P,6625.0,0.0410958904109589,43.95,62.07287704594177,-0.376002318714243,18.12287704594177,-0.01914397164379018,6683.2
C,6630.0,0.0410958904109589,99.0,118.25999337562826,0.5976268420543159,19.259993375628255,-0.01914397164379018,6683.2
P,6630.0,0.0410958904109589,45.150000000000006,65.0181224156101,-0.402373157945689,19.868122415610088,-0.01914397164379018,6683.2
C,6635.0,0.0410958904109589,96.0,115.5146513532795,0.5924650483429611,19.514651353279504,-0.01914397164379018,6683.2
P,6635.0,0.0410958904109589,46.5,67.27671563386447,-0.40753495165704456,20.77671563386447,-0.01914397164379018,6683.2
C,6640.0,0.0410958904109589,90.2,112.63505065934665,0.5869221788495167,22.435050659346643,-0.01914397164379018,6683.2
P,6640.0,0.0410958904109589,47.849999999999994,69.4010501805354,-0.4130778211504932,21.551050180535412,-0.01914397164379018,6683.2
C,6645.0,0.0410958904109589,87.0,109.75271437976164,0.5826789780689258,22.752714379761642,-0.01914397164379018,6683.2
P,6645.0,0.0410958904109589,49.45,71.52264914155302,-0.4173210219310666,22.072649141553015,-0.01914397164379018,6683.2
C,6650.0,0.0410958904109589,84.0,108.66540542278321,0.5831807233439371,24.66540542278321,-0.01914397164379018,6683.2
P,6650.0,0.0410958904109589,51.0,75.4392754251784,-0.41681927665605234,24.439275425178394,-0.01914397164379018,6683.2
C,6655.0,0.0410958904109589,81.0,106.44244579145499,0.5552943505141383,25.442445791454986,-0.01914397164379018,6683.2
P,6655.0,0.0410958904109589,52.7,78.2202510344531,-0.4447056494858617,25.520251034453096,-0.01914397164379018,6683.2
C,6660.0,0.0410958904109589,78.0,103.66064042575236,0.5492349293490121,25.660640425752362,-0.01914397164379018,6683.2
P,6660.0,0.0410958904109589,54.25,80.4423809093536,-0.4507650706509904,26.192380909353602,-0.01914397164379018,6683.2
C,6665.0,0.0410958904109589,82.15,101.03695783023862,0.54443571083167,18.886957830238615,-0.01914397164379018,6683.2
P,6665.0,0.0410958904109589,55.95,82.8226335544433,-0.45556428916833486,26.872633554443297,-0.01914397164379018,6683.2
C,6670.0,0.0410958904109589,71.35,98.74214539541829,0.5414156326287947,27.392145395418297,-0.01914397164379018,6683.2
P,6670.0,0.0410958904109589,57.900000000000006,85.5317563602262,-0.4585843673712191,27.63175636022619,-0.01914397164379018,6683.2
C,6675.0,0.0410958904109589,69.0,97.91875382892827,0.5420303547671887,28.918753828928274,-0.01914397164379018,6683.2
P,6675.0,0.0410958904109589,59.75,89.71230003433975,-0.4579696452328037,29.962300034339748,-0.01914397164379018,6683.2
C,6680.0,0.0410958904109589,64.9,95.57857737153958,0.5130309005589628,30.678577371539575,-0.01914397164379018,6683.2
P,6680.0,0.0410958904109589,61.75,92.37605881755374,-0.4869690994410311,30.62605881755374,-0.01914397164379018,6683.2
C,6685.0,0.0410958904109589,61.9,92.97360112115548,0.5071982458103452,31.073601121155484,-0.01914397164379018,6683.2
P,6685.0,0.0410958904109589,63.7,94.7750178077737,-0.4928017541896478,31.07501780777369,-0.01914397164379018,6683.2
C,6690.0,0.0410958904109589,59.0,90.43461037410817,0.5025609979550191,31.434610374108175,-0.01914397164379018,6683.2
P,6690.0,0.0410958904109589,65.8,97.23996230132927,-0.4974390020449867,31.439962301329274,-0.01914397164379018,6683.2
C,6695.0,0.0410958904109589,56.15,89.43544854449816,0.5023804834872142,33.28544854449816,-0.01914397164379018,6683.2
P,6695.0,0.0410958904109589,61.8,101.24473571232348,-0.4976195165127952,39.44473571232348,-0.01914397164379018,6683.2
C,6700.0,0.0410958904109589,53.8,88.00729837060311,0.477189264474606,34.20729837060311,-0.01914397164379018,6683.2
P,6700.0,0.0410958904109589,69.9,104.8205207790309,-0.5228107355254049,34.920520779030895,-0.01914397164379018,6683.2
C,6705.0,0.0410958904109589,50.7,85.47874762665668,0.47067362480605357,34.77874762665668,-0.01914397164379018,6683.2
P,6705.0,0.0410958904109589,72.0,107.29590527568777,-0.5293263751939355,35.29590527568777,-0.01914397164379018,6683.2
C,6710.0,0.0410958904109589,48.35,83.20139706285276,0.4657648305039449,34.85139706285276,-0.01914397164379018,6683.2
P,6710.0,0.0410958904109589,75.0,110.02248995248733,-0.5342351694960545,35.022489952487334,-0.01914397164379018,6683.2
C,6720.0,0.0410958904109589,43.099999999999994,80.57510327851246,0.4625834706636868,37.475103278512464,-0.01914397164379018,6683.2
P,6720.0,0.0410958904109589,81.0,117.404066649353,-0.5374165293363119,36.404066649353,-0.01914397164379018,6683.2
C,6725.0,0.0410958904109589,41.1,78.83996617072792,0.4364420951948256,37.73996617072792,-0.01914397164379018,6683.2
P,6725.0,0.0410958904109589,84.0,120.6728647821719,-0.563557904805175,36.6728647821719,-0.01914397164379018,6683.2
C,6730.0,0.0410958904109589,38.8,76.48717897716358,0.43012051169516924,37.68717897716358,-0.01914397164379018,6683.2
P,6730.0,0.0410958904109589,84.0,123.32401282921128,-0.5698794883048371,39.324012829211284,-0.01914397164379018,6683.2
C,6740.0,0.0410958904109589,34.45,72.03527693459473,0.4207123024048966,37.58527693459473,-0.01914397164379018,6683.2
P,6740.0,0.0410958904109589,90.0,128.87998126784885,-0.5792876975950938,38.87998126784885,-0.01914397164379018,6683.2
C,6750.0,0.0410958904109589,30.4,70.30065831377061,0.3954890019372156,39.90065831377061,-0.01914397164379018,6683.2
P,6750.0,0.0410958904109589,96.0,137.15323312823165,-0.6045109980627866,41.15323312823165,-0.01914397164379018,6683.2
C,6760.0,0.0410958904109589,26.75,66.37899115840881,0.38571045906138224,39.62899115840881,-0.01914397164379018,6683.2
P,6760.0,0.0410958904109589,102.0,143.23943645407707,-0.6142895409386322,41.239436454077065,-0.01914397164379018,6683.2
C,6770.0,0.0410958904109589,23.4,64.72079000125497,0.36311474271463734,41.32079000125497,-0.01914397164379018,6683.2
P,6770.0,0.0410958904109589,111.0,151.58910577812895,-0.6368852572853627,40.58910577812895,-0.01914397164379018,6683.2
C,6775.0,0.0410958904109589,21.55,62.60462445443174,0.35609388250570423,41.054624454431746,-0.01914397164379018,6683.2
P,6775.0,0.0410958904109589,114.0,154.47687547190893,-0.6439061174942843,40.476875471908926,-0.01914397164379018,6683.2
C,6605.0,0.0438356164383561,120.7,136.39456613639481,0.6643219746457636,15.694566136394812,-0.015046259624713825,6684.05
P,6605.0,0.0438356164383561,41.849999999999994,57.29241055706791,-0.33567802535424507,15.442410557067916,-0.015046259624713825,6684.05
C,6610.0,0.0438356164383561,118.5,133.58844951668104,0.6374877594946724,15.088449516681038,-0.015046259624713825,6684.05
P,6610.0,0.0438356164383561,43.15,59.48959283547732,-0.3625122405053096,16.33959283547732,-0.015046259624713825,6684.05
C,6615.0,0.0438356164383561,114.0,130.45353057326338,0.6317105200719169,16.45353057326338,-0.015046259624713825,6684.05
P,6615.0,0.0438356164383561,44.4,61.35797279018246,-0.3682894799280754,16.95797279018246,-0.015046259624713825,6684.05
C,6620.0,0.0438356164383561,111.0,127.44173570588374,0.6272307178610999,16.441735705883744,-0.015046259624713825,6684.05
P,6620.0,0.0438356164383561,45.7,63.34947682092603,-0.37276928213889754,17.649476820926026,-0.015046259624713825,6684.05
C,6625.0,0.0438356164383561,105.0,125.30561824930882,0.6255956218921215,20.30561824930882,-0.015046259624713825,6684.05
P,6625.0,0.0438356164383561,47.05,66.21665826247472,-0.37440437810789917,19.166658262474726,-0.015046259624713825,6684.05
C,6630.0,0.0438356164383561,102.0,123.15523550928854,0.6005319343903295,21.155235509288545,-0.015046259624713825,6684.05
P,6630.0,0.0438356164383561,48.2,69.06957442057686,-0.39946806560968845,20.869574420576853,-0.015046259624713825,6684.05
C,6635.0,0.0438356164383561,99.0,120.32446272562568,0.5952853694048662,21.32446272562568,-0.015046259624713825,6684.05
P,6635.0,0.0438356164383561,49.15,71.24210053503806,-0.40471463059514706,22.092100535038064,-0.015046259624713825,6684.05
C,6640.0,0.0438356164383561,96.0,117.36542398817235,0.5896678396484528,21.365423988172353,-0.015046259624713825,6684.05
P,6640.0,0.0438356164383561,51.25,73.28636069570774,-0.41033216035155834,22.036360695707742,-0.015046259624713825,6684.05
C,6645.0,0.0438356164383561,93.0,114.43514897124909,0.5854188529831149,21.43514897124909,-0.015046259624713825,6684.05
P,6645.0,0.0438356164383561,52.6,75.35938457690803,-0.4145811470168825,22.759384576908026,-0.015046259624713825,6684.05
C,6650.0,0.0438356164383561,87.0,113.15753788931283,0.5855106946279486,26.157537889312835,-0.015046259624713825,6684.05
P,6650.0,0.0438356164383561,54.35,79.08507239309434,-0.41448930537205186,24.735072393094335,-0.015046259624713825,6684.05
C,6655.0,0.0438356164383561,81.35,110.80259743312563,0.5587879579547873,29.452597433125632,-0.015046259624713825,6684.05
P,6655.0,0.0438356164383561,55.95,81.73343083503042,-0.4412120420452051,25.783430835030416,-0.015046259624713825,6684.05
C,6660.0,0.0438356164383561,81.0,107.88964431565533,0.5525518553243935,26.88964431565533,-0.015046259624713825,6684.05
P,6660.0,0.0438356164383561,57.6,83.82377661568268,-0.44744814467561017,26.223776615682674,-0.015046259624713825,6684.05
C,6665.0,0.0438356164383561,78.0,105.18232123299553,0.5477537098502441,27.182321232995534,-0.015046259624713825,6684.05
P,6665.0,0.0438356164383561,59.35,86.11975243114635,-0.45224629014976697,26.76975243114635,-0.015046259624713825,6684.05
C,6670.0,0.0438356164383561,82.55,102.76889416781863,0.5445881290640692,20.218894167818632,-0.015046259624713825,6684.05
P,6670.0,0.0438356164383561,61.15,88.70962426409282,-0.45541187093594393,27.559624264092825,-0.015046259624713825,6684.05
C,6675.0,0.0438356164383561,72.0,101.6855846785505,0.5447007981742497,29.685584678550498,-0.015046259624713825,6684.05
P,6675.0,0.0438356164383561,62.8,92.62961367294787,-0.4552992018257443,29.829613672947872,-0.015046259624713825,6684.05
C,6680.0,0.0438356164383561,69.05,99.18444455389238,0.5166285796437686,30.13444455389238,-0.015046259624713825,6684.05
P,6680.0,0.0438356164383561,64.7,95.13177244641176,-0.4833714203562284,30.431772446411756,-0.015046259624713825,6684.05
C,6685.0,0.0438356164383561,66.0,96.44274234400027,0.5106746404049838,30.442742344000266,-0.015046259624713825,6684.05
P,6685.0,0.0438356164383561,66.95,97.39336913464406,-0.48932535959502255,30.44336913464406,-0.015046259624713825,6684.05
C,6690.0,0.0438356164383561,63.0,93.79651166807776,0.5060031376617344,30.796511668077756,-0.015046259624713825,6684.05
P,6690.0,0.0438356164383561,69.0,99.7504373568438,-0.49399686233826795,30.750437356843804,-0.015046259624713825,6684.05
C,6695.0,0.0438356164383561,60.099999999999994,92.54571795405879,0.5053834949163146,32.44571795405879,-0.015046259624713825,6684.05
P,6695.0,0.0438356164383561,72.0,103.50294254094814,-0.4946165050836912,31.50294254094814,-0.015046259624713825,6684.05
C,6700.0,0.0438356164383561,57.7,90.88944425621622,0.4806894740520437,33.18944425621622,-0.015046259624713825,6684.05
P,6700.0,0.0438356164383561,72.0,106.84996774122928,-0.5193105259479662,34.84996774122928,-0.015046259624713825,6684.05
C,6705.0,0.0438356164383561,54.85,88.18101259100851,0.4739524928795712,33.33101259100851,-0.015046259624713825,6684.05
P,6705.0,0.0438356164383561,80.2,109.14483497414506,-0.5260475071204206,28.944834974145053,-0.015046259624713825,6684.05
C,6710.0,0.0438356164383561,51.95,85.76909902328015,0.46898245911391184,33.819099023280145,-0.015046259624713825,6684.05
P,6710.0,0.0438356164383561,78.0,111.73622030453852,-0.5310175408860793,33.73622030453852,-0.015046259624713825,6684.05
C,6720.0,0.0438356164383561,46.900000000000006,82.70396309156759,0.4651736509277841,35.80396309156758,-0.015046259624713825,6684.05
P,6720.0,0.0438356164383561,84.0,118.67768216907248,-0.5348263490722153,34.67768216907248,-0.015046259624713825,6684.05
C,6725.0,0.0438356164383561,44.5,80.7624494511189,0.439297959120726,36.2624494511189,-0.015046259624713825,6684.05
P,6725.0,0.0438356164383561,87.0,121.73946742674755,-0.5607020408792704,34.73946742674755,-0.015046259624713825,6684.05
C,6730.0,0.0438356164383561,42.2,78.24087847332848,0.432792773639002,36.040878473328476,-0.015046259624713825,6684.05
P,6730.0,0.0438356164383561,87.0,124.22119534708034,-0.5672072263610058,37.22119534708034,-0.015046259624713825,6684.05
C,6740.0,0.0438356164383561,37.85,73.51114156873446,0.4231737869128879,35.66114156873446,-0.015046259624713825,6684.05
P,6740.0,0.0438356164383561,93.0,129.49805623873274,-0.576826213087107,36.498056238732744,-0.015046259624713825,6684.05
C,6750.0,0.0438356164383561,34.2,71.33600989156822,0.39748006082567056,37.13600989156822,-0.015046259624713825,6684.05
P,6750.0,0.0438356164383561,99.0,137.32952235781335,-0.6025199391743187,38.329522357813346,-0.015046259624713825,6684.05
C,6760.0,0.0438356164383561,30.05,67.17513346147781,0.38745362352372037,37.125133461477816,-0.015046259624713825,6684.05
P,6760.0,0.0438356164383561,105.0,143.17524372396872,-0.6125463764762821,38.17524372396872,-0.015046259624713825,6684.05
C,6770.0,0.0438356164383561,26.25,65.27327481442627,0.3645300413360882,39.02327481442627,-0.015046259624713825,6684.05
P,6770.0,0.0438356164383561,115.45,151.27998287316314,-0.6354699586638978,35.82998287316313,-0.015046259624713825,6684.05
C,6775.0,0.0438356164383561,24.6,63.07808749271894,0.35739688874778125,38.47808749271894,-0.015046259624713825,6684.05
P,6775.0,0.0438356164383561,114.0,154.08809444957876,-0.6426031112522066,40.08809444957876,-0.015046259624713825,6684.05
C,6655.0,0.0465753424657534,81.55,114.75790275312129,0.5616022629399674,33.20790275312129,-0.009664559082487718,6685.45
C,6655.0,0.0465753424657534,93.95,114.75790275312129,0.5616022629399674,20.807902753121283,-0.009664559082487718,6685.45
P,6655.0,0.0465753424657534,57.0,84.29419320477434,-0.43839773706003654,27.294193204774345,-0.009664559082487718,6685.45
P,6655.0,0.0465753424657534,58.25,84.29419320477434,-0.43839773706003654,26.044193204774345,-0.009664559082487718,6685.45
C,6660.0,0.0465753424657534,90.9,111.74017777830156,0.5552462956486773,20.840177778301552,-0.009664559082487718,6685.45
C,6660.0,0.0465753424657534,90.45,111.74017777830156,0.5552462956486773,21.290177778301555,-0.009664559082487718,6685.45
P,6660.0,0.0465753424657534,58.599999999999994,86.2787193873181,-0.44475370435133027,27.67871938731811,-0.009664559082487718,6685.45
P,6660.0,0.0465753424657534,59.95,86.2787193873181,-0.44475370435133027,26.328719387318102,-0.009664559082487718,6685.45
C,6665.0,0.0465753424657534,88.15,108.96283757628191,0.5504601901563623,20.812837576281908,-0.009664559082487718,6685.45
C,6665.0,0.0465753424657534,83.4,108.96283757628191,0.5504601901563623,25.562837576281908,-0.009664559082487718,6685.45
P,6665.0,0.0465753424657534,60.3,88.50363034266256,-0.4495398098436414,28.203630342662564,-0.009664559082487718,6685.45
P,6665.0,0.0465753424657534,61.650000000000006,88.50363034266256,-0.4495398098436414,26.853630342662555,-0.009664559082487718,6685.45
C,6670.0,0.0465753424657534,85.55,106.45896942659279,0.5472070680797964,20.90896942659279,-0.009664559082487718,6685.45
C,6670.0,0.0465753424657534,80.19999999999999,106.45896942659279,0.5472070680797964,26.2589694265928,-0.009664559082487718,6685.45
P,6670.0,0.0465753424657534,62.099999999999994,91.00201335033786,-0.45279293192020637,28.902013350337867,-0.009664559082487718,6685.45
P,6670.0,0.0465753424657534,63.55,91.00201335033786,-0.45279293192020637,27.452013350337864,-0.009664559082487718,6685.45
C,6675.0,0.0465753424657534,82.45,105.20208679872859,0.5470075422661271,22.752086798728584,-0.009664559082487718,6685.45
C,6675.0,0.0465753424657534,80.35,105.20208679872859,0.5470075422661271,24.852086798728592,-0.009664559082487718,6685.45
P,6675.0,0.0465753424657534,63.95,94.7473818798379,-0.4529924577338644,30.7973818798379,-0.009664559082487718,6685.45
P,6675.0,0.0465753424657534,65.25,94.7473818798379,-0.4529924577338644,29.497381879837903,-0.009664559082487718,6685.45
C,6680.0,0.0465753424657534,79.4,102.57920533643393,0.5197529698634024,23.179205336433924,-0.009664559082487718,6685.45
C,6680.0,0.0465753424657534,77.45,102.57920533643393,0.5197529698634024,25.129205336433927,-0.009664559082487718,6685.45
P,6680.0,0.0465753424657534,65.8,97.12675157490669,-0.48024703013659675,31.326751574906694,-0.009664559082487718,6685.45
P,6680.0,0.0465753424657534,67.15,97.12675157490669,-0.48024703013659675,29.976751574906686,-0.009664559082487718,6685.45
C,6685.0,0.0465753424657534,69.5,99.72952023199835,0.5137331625603282,30.22952023199835,-0.009664559082487718,6685.45
C,6685.0,0.0465753424657534,70.9,99.72952023199835,0.5137331625603282,28.829520231998345,-0.009664559082487718,6685.45
P,6685.0,0.0465753424657534,67.7,99.2793176278355,-0.48626683743967425,31.579317627835493,-0.009664559082487718,6685.45
P,6685.0,0.0465753424657534,69.05,99.2793176278355,-0.48626683743967425,30.2293176278355,-0.009664559082487718,6685.45
C,6690.0,0.0465753424657534,66.5,96.99628823320253,0.5090595617804535,30.496288233202534,-0.009664559082487718,6685.45
C,6690.0,0.0465753424657534,67.9,96.99628823320253,0.5090595617804535,29.09628823320253,-0.009664559082487718,6685.45
P,6690.0,0.0465753424657534,69.75,101.54833678640331,-0.4909404382195504,31.79833678640331,-0.009664559082487718,6685.45
P,6690.0,0.0465753424657534,71.25,101.54833678640331,-0.4909404382195504,30.29833678640331,-0.009664559082487718,6685.45
C,6695.0,0.0465753424657534,63.599999999999994,95.57305975609927,0.5081732732783388,31.973059756099275,-0.009664559082487718,6685.45
C,6695.0,0.0465753424657534,65.05,95.57305975609927,0.5081732732783388,30.523059756099272,-0.009664559082487718,6685.45
P,6695.0,0.0465753424657534,71.85,105.1273594666648,-0.49182672672166294,33.277359466664805,-0.009664559082487718,6685.45
P,6695.0,0.0465753424657534,73.35,105.1273594666648,-0.49182672672166294,31.777359466664805,-0.009664559082487718,6685.45
C,6700.0,0.0465753424657534,60.75,93.75520396231524,0.4840088987894032,33.005203962315235,-0.009664559082487718,6685.45
C,6700.0,0.0465753424657534,62.2,93.75520396231524,0.4840088987894032,31.555203962315233,-0.009664559082487718,6685.45
P,6700.0,0.0465753424657534,67.35,108.31175483024519,-0.5159911012106132,40.9617548302452,-0.009664559082487718,6685.45
P,6700.0,0.0465753424657534,71.69999999999999,108.31175483024519,-0.5159911012106132,36.611754830245204,-0.009664559082487718,6685.45
C,6705.0,0.0465753424657534,58.0,90.90651048779104,0.47714120906401686,32.90651048779104,-0.009664559082487718,6685.45
C,6705.0,0.0465753424657534,59.4,90.90651048779104,0.47714120906401686,31.50651048779104,-0.009664559082487718,6685.45
P,6705.0,0.0465753424657534,82.8,110.4653125130842,-0.5228587909359741,27.665312513084203,-0.009664559082487718,6685.45
P,6705.0,0.0465753424657534,77.45,110.4653125130842,-0.5228587909359741,33.0153125130842,-0.009664559082487718,6685.45
C,6710.0,0.0465753424657534,55.3,88.38725031651842,0.4721633920083549,33.08725031651842,-0.009664559082487718,6685.45
C,6710.0,0.0465753424657534,56.7,88.38725031651842,0.4721633920083549,31.687250316518416,-0.009664559082487718,6685.45
P,6710.0,0.0465753424657534,78.0,112.94830349917532,-0.5278366079916379,34.948303499175324,-0.009664559082487718,6685.45
P,6710.0,0.0465753424657534,80.75,112.94830349917532,-0.5278366079916379,32.198303499175324,-0.009664559082487718,6685.45
C,6715.0,0.0465753424657534,52.7,85.70731804162723,0.4675625892100206,33.00731804162723,-0.009664559082487718,6685.45
C,6715.0,0.0465753424657534,54.1,85.70731804162723,0.4675625892100206,31.60731804162723,-0.009664559082487718,6685.45
P,6715.0,0.0465753424657534,81.0,115.27062238164861,-0.5324374107899701,34.27062238164861,-0.009664559082487718,6685.45
P,6715.0,0.0465753424657534,82.05000000000001,115.27062238164861,-0.5324374107899701,33.220622381648596,-0.009664559082487718,6685.45
C,6720.0,0.0465753424657534,50.15,84.99709033572071,0.467979836936935,34.847090335720715,-0.009664559082487718,6685.45
C,6720.0,0.0465753424657534,51.5,84.99709033572071,0.467979836936935,33.49709033572071,-0.009664559082487718,6685.45
P,6720.0,0.0465753424657534,77.4,119.56264583310622,-0.532020163063058,42.16264583310621,-0.009664559082487718,6685.45
P,6720.0,0.0465753424657534,85.6,119.56264583310622,-0.532020163063058,33.96264583310622,-0.009664559082487718,6685.45
C,6725.0,0.0465753424657534,47.65,82.89465694725753,0.44245096814184703,35.24465694725753,-0.009664559082487718,6685.45
C,6725.0,0.0465753424657534,49.0,82.89465694725753,0.44245096814184703,33.89465694725753,-0.009664559082487718,6685.45
P,6725.0,0.0465753424657534,80.15,122.46246360200799,-0.5575490318581656,42.31246360200798,-0.009664559082487718,6685.45
P,6725.0,0.0465753424657534,88.1,122.46246360200799,-0.5575490318581656,34.36246360200799,-0.009664559082487718,6685.45
