cp,K,T,mid,price_fit,F,df,err,abs_err,price_bsm,bsm_err,bsm_abs_err
C,6615.0,0.01643835616438356,79.5,58.83019491657725,6677.45,1.0,-20.66980508342275,20.66980508342275,395.27199259678855,315.77199259678855,315.77199259678855
P,6615.0,0.01643835616438356,16.5,-3.6198050834225697,6677.45,1.0,-20.11980508342257,20.11980508342257,0.0,-16.5,16.5
C,6620.0,0.01643835616438356,75.0,56.98784538409285,6677.45,1.0,-18.01215461590715,18.01215461590715,377.916323511648,302.916323511648,302.916323511648
P,6620.0,0.01643835616438356,17.4,-0.46215461590696805,6677.45,1.0,-17.862154615906967,17.862154615906967,0.0,-17.4,17.4
C,6625.0,0.01643835616438356,72.0,55.14549585160845,6677.45,1.0,-16.85450414839155,16.85450414839155,359.89593193218434,287.89593193218434,287.89593193218434
P,6625.0,0.01643835616438356,18.299999999999997,2.6954958516086336,6677.45,1.0,-15.604504148391364,15.604504148391364,0.0,-18.299999999999997,18.299999999999997
C,6630.0,0.01643835616438356,66.0,53.30314631912405,6677.45,1.0,-12.696853680875947,12.696853680875947,341.1133090570843,275.1133090570843,275.1133090570843
P,6630.0,0.01643835616438356,19.299999999999997,5.853146319124235,6677.45,1.0,-13.446853680875762,13.446853680875762,0.0,-19.299999999999997,19.299999999999997
C,6635.0,0.01643835616438356,63.0,51.46079678663966,6677.45,1.0,-11.539203213360338,11.539203213360338,321.4444594923839,258.4444594923839,258.4444594923839
P,6635.0,0.01643835616438356,20.450000000000003,9.010796786639844,6677.45,1.0,-11.439203213360159,11.439203213360159,0.0,-20.450000000000003,20.450000000000003
C,6640.0,0.01643835616438356,60.0,49.61844725415527,6677.45,1.0,-10.38155274584473,10.38155274584473,300.7275769055077,240.7275769055077,240.7275769055077
P,6640.0,0.01643835616438356,21.65,12.168447254155453,6677.45,1.0,-9.481552745844546,9.481552745844546,263.2775765902211,241.62757659022108,241.62757659022108
P,6645.0,0.01643835616438356,22.9,15.326097721671054,6677.45,1.0,-7.573902278328944,7.573902278328944,246.29456224721662,223.3945622472166,223.3945622472166
P,6650.0,0.01643835616438356,24.25,18.483748189186656,6677.45,1.0,-5.766251810813344,5.766251810813344,227.73914647375204,203.48914647375204,203.48914647375204
P,6655.0,0.01643835616438356,25.7,21.641398656702265,6677.45,1.0,-4.058601343297735,4.058601343297735,207.156977999025,181.456977999025,181.456977999025
C,6660.0,0.01643835616438356,44.65,42.249049124217684,6677.45,1.0,-2.400950875782314,2.400950875782314,201.27054154498728,156.62054154498728,156.62054154498728
P,6660.0,0.01643835616438356,27.25,24.799049124217866,6677.45,1.0,-2.4509508757821337,2.4509508757821337,183.82054630466473,156.57054630466473,156.57054630466473
C,6665.0,0.01643835616438356,41.349999999999994,40.406699591733286,6677.45,1.0,-0.9433004082667082,0.9433004082667082,168.87255937626242,127.52255937626242,127.52255937626242
P,6665.0,0.01643835616438356,28.950000000000003,27.956699591733468,6677.45,1.0,-0.9933004082665349,0.9933004082665349,156.42256334789226,127.47256334789226,127.47256334789226
C,6670.0,0.01643835616438356,38.2,38.564350059248895,6677.45,1.0,0.36435005924889197,0.36435005924889197,129.5503477790803,91.35034777908031,91.35034777908031
P,6670.0,0.01643835616438356,30.65,31.114350059249077,6677.45,1.0,0.46435005924907813,0.46435005924907813,122.10034793861223,91.45034793861223,91.45034793861223
C,6675.0,0.01643835616438356,35.0,36.722000526764496,6677.45,1.0,1.7220005267644964,1.7220005267644964,73.38560324607033,38.38560324607033,38.38560324607033
P,6675.0,0.01643835616438356,32.55,34.27200052676468,6677.45,1.0,1.7220005267646812,1.7220005267646812,70.93560046131506,38.385600461315065,38.385600461315065
C,6680.0,0.01643835616438356,32.05,35.45643456076555,6677.45,1.0,3.406434560765554,3.406434560765554,72.35750554089691,40.30750554089691,40.30750554089691
P,6680.0,0.01643835616438356,34.65,35.45643456076555,6677.45,1.0,0.8064345607655525,0.8064345607655525,74.90750271657316,40.257502716573164,40.257502716573164
C,6685.0,0.01643835616438356,29.25,34.74503319786039,6677.45,1.0,5.495033197860387,5.495033197860387,122.96344277310072,93.71344277310072,93.71344277310072
P,6685.0,0.01643835616438356,36.85,34.74503319786039,6677.45,1.0,-2.1049668021396144,2.1049668021396144,130.5134396377348,93.6634396377348,93.6634396377348
C,6690.0,0.01643835616438356,26.55,34.03363183495522,6677.45,1.0,7.483631834955222,7.483631834955222,157.17768472262378,130.62768472262377,130.62768472262377
P,6690.0,0.01643835616438356,39.05,34.03363183495522,6677.45,1.0,-5.016368165044774,5.016368165044774,169.7276861938044,130.6776861938044,130.6776861938044
C,6695.0,0.01643835616438356,24.05,33.32223047205006,6677.45,1.0,9.272230472050058,9.272230472050058,184.57491879400186,160.52491879400185,160.52491879400185
C,6700.0,0.01643835616438356,21.65,32.610829109144895,6677.45,1.0,10.960829109144896,10.960829109144896,207.96199675786238,186.31199675786237,186.31199675786237
C,6705.0,0.01643835616438356,19.5,31.89942774623973,6677.45,1.0,12.39942774623973,12.39942774623973,228.62712088165063,209.12712088165063,209.12712088165063
C,6710.0,0.01643835616438356,17.35,31.188026383334563,6677.45,1.0,13.838026383334562,13.838026383334562,247.2889880221942,229.9389880221942,229.9389880221942
C,6715.0,0.01643835616438356,15.45,30.4766250204294,6677.45,1.0,15.0266250204294,15.0266250204294,0.0,-15.45,15.45
C,6720.0,0.01643835616438356,13.65,29.76522365752424,6677.45,1.0,16.11522365752424,16.11522365752424,0.0,-13.65,13.65
C,6725.0,0.01643835616438356,12.05,29.053822294619067,6677.45,1.0,17.003822294619066,17.003822294619066,0.0,-12.05,12.05
P,6725.0,0.01643835616438356,60.3,29.053822294619067,6677.45,1.0,-31.24617770538093,31.24617770538093,342.6277619779571,282.3277619779571,282.3277619779571
C,6730.0,0.01643835616438356,10.5,28.34242093171391,6677.45,1.0,17.84242093171391,17.84242093171391,0.0,-10.5,10.5
P,6730.0,0.01643835616438356,63.0,28.34242093171391,6677.45,1.0,-34.65757906828609,34.65757906828609,361.57680084596996,298.57680084596996,298.57680084596996
C,6735.0,0.01643835616438356,9.2,27.631019568808743,6677.45,1.0,18.431019568808743,18.431019568808743,0.0,-9.2,9.2
P,6735.0,0.01643835616438356,66.0,27.631019568808743,6677.45,1.0,-38.36898043119126,38.36898043119126,379.7746670415522,313.7746670415522,313.7746670415522
C,6740.0,0.01643835616438356,8.0,26.91961820590358,6677.45,1.0,18.91961820590358,18.91961820590358,0.0,-8.0,8.0
P,6740.0,0.01643835616438356,72.0,26.91961820590358,6677.45,1.0,-45.080381794096425,45.080381794096425,397.31801461298755,325.31801461298755,325.31801461298755
C,6745.0,0.01643835616438356,6.949999999999999,26.208216842998414,6677.45,1.0,19.258216842998415,19.258216842998415,0.0,-6.949999999999999,6.949999999999999
P,6745.0,0.01643835616438356,75.0,26.208216842998414,6677.45,1.0,-48.79178315700159,48.79178315700159,414.28447582149784,339.28447582149784,339.28447582149784
C,6750.0,0.01643835616438356,5.95,25.496815480093254,6677.45,1.0,19.546815480093255,19.546815480093255,0.0,-5.95,5.95
P,6750.0,0.01643835616438356,78.0,25.496815480093254,6677.45,1.0,-52.503184519906746,52.503184519906746,430.7375355971499,352.7375355971499,352.7375355971499
C,6755.0,0.01643835616438356,5.05,24.785414117188083,6677.45,1.0,19.735414117188082,19.735414117188082,0.0,-5.05,5.05
P,6755.0,0.01643835616438356,84.0,24.785414117188083,6677.45,1.0,-59.21458588281192,59.21458588281192,446.7298613426242,362.7298613426242,362.7298613426242
C,6760.0,0.01643835616438356,4.35,24.07401275428292,6677.45,1.0,19.724012754282917,19.724012754282917,0.0,-4.35,4.35
P,6760.0,0.01643835616438356,87.0,24.07401275428292,6677.45,1.0,-62.92598724571708,62.92598724571708,462.3057571208424,375.3057571208424,375.3057571208424
C,6615.0,0.019178082191780823,84.0,63.620653616909976,6678.35,1.0,-20.379346383090024,20.379346383090024,398.356454979486,314.356454979486,314.356454979486
P,6615.0,0.019178082191780823,19.65,0.27065361690961254,6678.35,1.0,-19.379346383090386,19.379346383090386,0.0,-19.65,19.65
C,6620.0,0.019178082191780823,78.0,61.801631870818326,6678.35,1.0,-16.198368129181674,16.198368129181674,381.1106566027188,303.1106566027188,303.1106566027188
P,6620.0,0.019178082191780823,20.7,3.4516318708179625,6678.35,1.0,-17.248368129182037,17.248368129182037,0.0,-20.7,20.7
C,6625.0,0.019178082191780823,75.0,59.98261012472669,6678.35,1.0,-15.01738987527331,15.01738987527331,363.21543457406233,288.21543457406233,288.21543457406233
P,6625.0,0.019178082191780823,21.8,6.632610124726327,6678.35,1.0,-15.167389875273674,15.167389875273674,0.0,-21.8,21.8
C,6630.0,0.019178082191780823,69.95,58.16358837863505,6678.35,1.0,-11.786411621364955,11.786411621364955,344.5771810918541,274.6271810918541,274.6271810918541
P,6630.0,0.019178082191780823,22.9,9.813588378634684,6678.35,1.0,-13.086411621365315,13.086411621365315,0.0,-22.9,22.9
C,6635.0,0.019178082191780823,66.0,56.344566632543405,6678.35,1.0,-9.655433367456595,9.655433367456595,325.0773577808918,259.0773577808918,259.0773577808918
P,6635.0,0.019178082191780823,24.1,12.994566632543041,6678.35,1.0,-11.10543336745696,11.10543336745696,281.727358341393,257.627358341393,257.627358341393
C,6640.0,0.019178082191780823,63.0,54.52554488645177,6678.35,1.0,-8.474455113548231,8.474455113548231,304.56204401213654,241.56204401213654,241.56204401213654
P,6640.0,0.019178082191780823,25.25,16.175544886451405,6678.35,1.0,-9.074455113548595,9.074455113548595,266.2120435978313,240.96204359783133,240.96204359783133
C,6645.0,0.019178082191780823,60.75,52.70652314036012,6678.35,1.0,-8.043476859639881,8.043476859639881,282.825109729803,222.075109729803,222.075109729803
P,6645.0,0.019178082191780823,26.55,19.356523140359755,6678.35,1.0,-7.193476859640246,7.193476859640246,249.47510898067821,222.9251089806782,222.9251089806782
P,6650.0,0.019178082191780823,28.049999999999997,22.53750139426812,6678.35,1.0,-5.512498605731878,5.512498605731878,231.2294334619969,203.1794334619969,203.1794334619969
C,6655.0,0.019178082191780823,46.05,49.06847964817684,6678.35,1.0,3.018479648176843,3.018479648176843,234.4038450010762,188.3538450010762,188.3538450010762
P,6655.0,0.019178082191780823,29.549999999999997,25.718479648176476,6678.35,1.0,-3.831520351823521,3.831520351823521,211.05384122526993,181.50384122526992,181.50384122526992
C,6660.0,0.019178082191780823,49.35,47.2494579020852,6678.35,1.0,-2.100542097914804,2.100542097914804,206.6345675817165,157.28456758171652,157.28456758171652
P,6660.0,0.019178082191780823,31.15,28.899457902084833,6678.35,1.0,-2.250542097915165,2.250542097915165,188.28457031873586,157.13457031873585,157.13457031873585
C,6665.0,0.019178082191780823,46.05,45.43043615599356,6678.35,1.0,-0.6195638440064357,0.6195638440064357,175.10827850647183,129.05827850647182,129.05827850647182
P,6665.0,0.019178082191780823,32.75,32.0804361559932,6678.35,1.0,-0.6695638440068024,0.6695638440068024,161.75827854691852,129.00827854691852,129.00827854691852
C,6670.0,0.019178082191780823,42.95,43.61141440990191,6678.35,1.0,0.6614144099019086,0.6614144099019086,137.39138154137117,94.44138154137117,94.44138154137117
P,6670.0,0.019178082191780823,34.55,35.26141440990155,6678.35,1.0,0.7114144099015505,0.7114144099015505,129.04137802544255,94.49137802544256,94.49137802544256
C,6675.0,0.019178082191780823,39.85,41.792392663810276,6678.35,1.0,1.9423926638102742,1.9423926638102742,86.05973420308555,46.20973420308555,46.20973420308555
P,6675.0,0.019178082191780823,36.55,38.44239266380991,6678.35,1.0,1.8923926638099147,1.8923926638099147,82.70973863273412,46.15973863273412,46.15973863273412
C,6680.0,0.019178082191780823,36.85,40.26835132324858,6678.35,1.0,3.4183513232485794,3.4183513232485794,58.405624329326656,21.555624329326655,21.555624329326655
P,6680.0,0.019178082191780823,38.5,40.26835132324858,6678.35,1.0,1.7683513232485808,1.7683513232485808,60.05562481726156,21.55562481726156,21.55562481726156
C,6685.0,0.019178082191780823,34.0,39.34320959391456,6678.35,1.0,5.343209593914558,5.343209593914558,115.621204600704,81.621204600704,81.621204600704
P,6685.0,0.019178082191780823,40.65,39.34320959391456,6678.35,1.0,-1.3067904060854403,1.3067904060854403,122.27120140499665,81.62120140499664,81.62120140499664
C,6690.0,0.019178082191780823,31.25,38.41806786458055,6678.35,1.0,7.16806786458055,7.16806786458055,151.6595776610243,120.40957766102429,120.40957766102429
P,6690.0,0.019178082191780823,43.0,38.41806786458055,6678.35,1.0,-4.58193213541945,4.58193213541945,163.3095829641802,120.30958296418021,120.30958296418021
C,6695.0,0.019178082191780823,28.65,37.492926135246535,6678.35,1.0,8.842926135246536,8.842926135246536,180.0040919144435,151.3540919144435,151.3540919144435
P,6695.0,0.019178082191780823,45.3,37.492926135246535,6678.35,1.0,-7.8070738647534625,7.8070738647534625,196.65409617623982,151.3540961762398,151.3540961762398
C,6700.0,0.019178082191780823,26.15,36.56778440591251,6678.35,1.0,10.417784405912514,10.417784405912514,203.99484082680874,177.84484082680873,177.84484082680873
C,6705.0,0.019178082191780823,23.75,35.6426426765785,6678.35,1.0,11.892642676578497,11.892642676578497,225.08754003421336,201.33754003421336,201.33754003421336
C,6710.0,0.019178082191780823,21.55,34.71750094724448,6678.35,1.0,13.16750094724448,13.16750094724448,244.0726159174069,222.52261591740688,222.52261591740688
C,6715.0,0.019178082191780823,18.4,33.792359217910466,6678.35,1.0,15.392359217910467,15.392359217910467,261.43608289701797,243.03608289701796,243.03608289701796
C,6720.0,0.019178082191780823,17.5,32.86721748857644,6678.35,1.0,15.367217488576443,15.367217488576443,0.0,-17.5,17.5
P,6720.0,0.019178082191780823,60.0,32.86721748857644,6678.35,1.0,-27.132782511423557,27.132782511423557,319.1520188022437,259.1520188022437,259.1520188022437
C,6725.0,0.019178082191780823,15.7,31.942075759242428,6678.35,1.0,16.24207575924243,16.24207575924243,0.0,-15.7,15.7
P,6725.0,0.019178082191780823,63.0,31.942075759242428,6678.35,1.0,-31.057924240757572,31.057924240757572,339.14934172789435,276.14934172789435,276.14934172789435
C,6730.0,0.019178082191780823,14.0,31.016934029908413,6678.35,1.0,17.016934029908413,17.016934029908413,0.0,-14.0,14.0
P,6730.0,0.019178082191780823,66.0,31.016934029908413,6678.35,1.0,-34.98306597009159,34.98306597009159,358.24683284053526,292.24683284053526,292.24683284053526
C,6735.0,0.019178082191780823,12.4,30.091792300574394,6678.35,1.0,17.69179230057439,17.69179230057439,0.0,-12.4,12.4
P,6735.0,0.019178082191780823,69.0,30.091792300574394,6678.35,1.0,-38.9082076994256,38.9082076994256,376.57317706274944,307.57317706274944,307.57317706274944
C,6740.0,0.019178082191780823,11.0,29.166650571240375,6678.35,1.0,18.166650571240375,18.166650571240375,0.0,-11.0,11.0
P,6740.0,0.019178082191780823,72.0,29.166650571240375,6678.35,1.0,-42.833349428759625,42.833349428759625,394.2291270112423,322.2291270112423,322.2291270112423
C,6745.0,0.019178082191780823,9.65,28.241508841906363,6678.35,1.0,18.59150884190636,18.59150884190636,0.0,-9.65,9.65
P,6745.0,0.019178082191780823,75.0,28.241508841906363,6678.35,1.0,-46.75849115809363,46.75849115809363,411.2953446724878,336.2953446724878,336.2953446724878
C,6750.0,0.019178082191780823,7.699999999999999,27.316367112572344,6678.35,1.0,19.616367112572345,19.616367112572345,0.0,-7.699999999999999,7.699999999999999
P,6750.0,0.019178082191780823,78.75,27.316367112572344,6678.35,1.0,-51.433632887427656,51.433632887427656,427.83757227864817,349.08757227864817,349.08757227864817
C,6755.0,0.019178082191780823,7.4,26.39122538323833,6678.35,1.0,18.99122538323833,18.99122538323833,0.0,-7.4,7.4
P,6755.0,0.019178082191780823,84.0,26.39122538323833,6678.35,1.0,-57.60877461676167,57.60877461676167,443.9102397291099,359.9102397291099,359.9102397291099
C,6760.0,0.019178082191780823,6.449999999999999,25.466083653904313,6678.35,1.0,19.016083653904314,19.016083653904314,0.0,-6.449999999999999,6.449999999999999
P,6760.0,0.019178082191780823,86.25,25.466083653904313,6678.35,1.0,-60.78391634609569,60.78391634609569,459.55900095289417,373.30900095289417,373.30900095289417
C,6615.0,0.021917808219178082,87.0,69.81115952794843,6679.15,1.0,-17.188840472051567,17.188840472051567,401.08289967171595,314.08289967171595,314.08289967171595
P,6615.0,0.021917808219178082,23.25,5.661159527948797,6679.15,1.0,-17.588840472051203,17.588840472051203,0.0,-23.25,23.25
C,6620.0,0.021917808219178082,84.0,68.01177475890097,6679.15,1.0,-15.98822524109903,15.98822524109903,383.93273073585533,299.93273073585533,299.93273073585533
P,6620.0,0.021917808219178082,24.25,8.861774758901333,6679.15,1.0,-15.388225241098667,15.388225241098667,0.0,-24.25,24.25
C,6625.0,0.021917808219178082,78.0,66.2123899898535,6679.15,1.0,-11.787610010146494,11.787610010146494,366.1462445536263,288.1462445536263,288.1462445536263
P,6625.0,0.021917808219178082,25.45,12.06238998985387,6679.15,1.0,-13.38761001014613,13.38761001014613,0.0,-25.45,25.45
C,6630.0,0.021917808219178082,75.0,64.41300522080604,6679.15,1.0,-10.586994779193958,10.586994779193958,347.63312794313333,272.63312794313333,272.63312794313333
P,6630.0,0.021917808219178082,26.6,15.263005220806406,6679.15,1.0,-11.336994779193596,11.336994779193596,298.48313327678534,271.8831332767853,271.8831332767853
C,6635.0,0.021917808219178082,72.0,62.613620451758585,6679.15,1.0,-9.386379548241415,9.386379548241415,328.2794102974044,256.2794102974044,256.2794102974044
P,6635.0,0.021917808219178082,27.85,18.46362045175895,6679.15,1.0,-9.386379548241052,9.386379548241052,284.12941362308675,256.2794136230867,256.2794136230867
C,6640.0,0.021917808219178082,69.0,60.81423568271113,6679.15,1.0,-8.185764317288871,8.185764317288871,307.9377386878309,238.93773868783092,238.93773868783092
P,6640.0,0.021917808219178082,29.2,21.664235682711492,6679.15,1.0,-7.535764317288507,7.535764317288507,268.7877400456714,239.5877400456714,239.5877400456714
C,6645.0,0.021917808219178082,63.0,59.014850913663665,6679.15,1.0,-3.9851490863363352,3.9851490863363352,286.4118423046307,223.41184230463068,223.41184230463068
P,6645.0,0.021917808219178082,30.45,24.86485091366403,6679.15,1.0,-5.585149086335971,5.585149086335971,252.26184648421076,221.81184648421078,221.81184648421078
C,6650.0,0.021917808219178082,60.0,57.21546614461621,6679.15,1.0,-2.784533855383792,2.784533855383792,263.43027218993484,203.43027218993484,203.43027218993484
P,6650.0,0.021917808219178082,31.950000000000003,28.065466144616572,6679.15,1.0,-3.884533855383431,3.884533855383431,234.28026716636805,202.33026716636806,202.33026716636806
C,6655.0,0.021917808219178082,57.55,55.416081375568744,6679.15,1.0,-2.133918624431253,2.133918624431253,238.59850649424925,181.04850649424924,181.04850649424924
P,6655.0,0.021917808219178082,33.45,31.266081375569108,6679.15,1.0,-2.183918624430895,2.183918624430895,214.4485018196997,180.9985018196997,180.9985018196997
C,6660.0,0.021917808219178082,54.15,53.61669660652129,6679.15,1.0,-0.533303393478711,0.533303393478711,211.3030197389653,157.1530197389653,157.1530197389653
P,6660.0,0.021917808219178082,35.099999999999994,34.46669660652165,6679.15,1.0,-0.633303393478343,0.633303393478343,192.1530202930212,157.0530202930212,157.0530202930212
C,6665.0,0.021917808219178082,43.6,51.81731183747383,6679.15,1.0,8.21731183747383,8.21731183747383,180.4902034426309,136.8902034426309,136.8902034426309
P,6665.0,0.021917808219178082,36.9,37.667311837474195,6679.15,1.0,0.7673118374741961,0.7673118374741961,166.34020342881468,129.44020342881467,129.44020342881467
C,6670.0,0.021917808219178082,40.5,50.01792706842637,6679.15,1.0,9.517927068426367,9.517927068426367,144.03401957083724,103.53401957083724,103.53401957083724
P,6670.0,0.021917808219178082,38.7,40.86792706842673,6679.15,1.0,2.167927068426728,2.167927068426728,134.88402504761189,96.18402504761188,96.18402504761188
C,6675.0,0.021917808219178082,44.65,48.21854229937891,6679.15,1.0,3.5685422993789118,3.5685422993789118,96.00130260367769,51.35130260367769,51.35130260367769
P,6675.0,0.021917808219178082,40.65,44.068542299379274,6679.15,1.0,3.4185422993792756,3.4185422993792756,91.8513039898744,51.2013039898744,51.2013039898744
C,6680.0,0.021917808219178082,41.65,46.52676790965456,6679.15,1.0,4.876767909654561,4.876767909654561,42.08764515327948,0.43764515327948317,0.43764515327948317
P,6680.0,0.021917808219178082,42.5,46.52676790965456,6679.15,1.0,4.026767909654559,4.026767909654559,42.937645279962,0.4376452799619983,0.4376452799619983
C,6685.0,0.021917808219178082,38.75,45.36038537191924,6679.15,1.0,6.610385371919243,6.610385371919243,108.63847169693508,69.88847169693508,69.88847169693508
C,6690.0,0.021917808219178082,36.0,44.19400283418393,6679.15,1.0,8.194002834183927,8.194002834183927,146.5577438797127,110.55774387971269,110.55774387971269
P,6690.0,0.021917808219178082,46.8,44.19400283418393,6679.15,1.0,-2.6059971658160705,2.6059971658160705,157.40773989054242,110.60773989054242,110.60773989054242
C,6695.0,0.021917808219178082,33.3,43.02762029644862,6679.15,1.0,9.72762029644862,9.72762029644862,175.82581240743366,142.52581240743365,142.52581240743365
C,6700.0,0.021917808219178082,30.75,41.861237758713294,6679.15,1.0,11.111237758713294,11.111237758713294,200.3906210126579,169.6406210126579,169.6406210126579
P,6700.0,0.021917808219178082,51.55,41.861237758713294,6679.15,1.0,-9.688762241286703,9.688762241286703,221.24062594223687,169.69062594223686,169.69062594223686
C,6705.0,0.021917808219178082,28.3,40.69485522097797,6679.15,1.0,12.39485522097797,12.39485522097797,221.88418716799242,193.5841871679924,193.5841871679924
C,6710.0,0.021917808219178082,25.95,39.52847268324266,6679.15,1.0,13.578472683242662,13.578472683242662,241.1695011002007,215.21950110020072,215.21950110020072
C,6715.0,0.021917808219178082,23.75,38.36209014550734,6679.15,1.0,14.612090145507338,14.612090145507338,258.7686600750362,235.01866007503622,235.01866007503622
P,6715.0,0.021917808219178082,60.0,38.36209014550734,6679.15,1.0,-21.637909854492662,21.637909854492662,294.61866421610466,234.61866421610466,234.61866421610466
C,6720.0,0.021917808219178082,21.700000000000003,37.19570760777202,6679.15,1.0,15.495707607772019,15.495707607772019,275.0259812206027,253.32598122060273,253.32598122060273
P,6720.0,0.021917808219178082,63.0,37.19570760777202,6679.15,1.0,-25.80429239222798,25.80429239222798,315.8759846538146,252.8759846538146,252.8759846538146
C,6725.0,0.021917808219178082,19.7,36.029325070036705,6679.15,1.0,16.329325070036706,16.329325070036706,0.0,-19.7,19.7
P,6725.0,0.021917808219178082,66.0,36.029325070036705,6679.15,1.0,-29.970674929963295,29.970674929963295,336.03271038412504,270.03271038412504,270.03271038412504
C,6730.0,0.021917808219178082,17.85,34.86294253230139,6679.15,1.0,17.012942532301388,17.012942532301388,0.0,-17.85,17.85
P,6730.0,0.021917808219178082,69.0,34.86294253230139,6679.15,1.0,-34.13705746769861,34.13705746769861,355.26564491557883,286.26564491557883,286.26564491557883
C,6735.0,0.021917808219178082,15.15,33.69655999456607,6679.15,1.0,18.546559994566074,18.546559994566074,0.0,-15.15,15.15
P,6735.0,0.021917808219178082,72.0,33.69655999456607,6679.15,1.0,-38.30344000543393,38.30344000543393,373.7089244690724,301.7089244690724,301.7089244690724
C,6740.0,0.021917808219178082,14.55,32.53017745683076,6679.15,1.0,17.980177456830756,17.980177456830756,0.0,-14.55,14.55
P,6740.0,0.021917808219178082,75.0,32.53017745683076,6679.15,1.0,-42.46982254316924,42.46982254316924,391.46715877175257,316.46715877175257,316.46715877175257
C,6745.0,0.021917808219178082,13.05,31.36379491909544,6679.15,1.0,18.31379491909544,18.31379491909544,0.0,-13.05,13.05
P,6745.0,0.021917808219178082,78.0,31.36379491909544,6679.15,1.0,-46.63620508090456,46.63620508090456,408.6238409784223,330.6238409784223,330.6238409784223
C,6750.0,0.021917808219178082,11.6,30.197412381360124,6679.15,1.0,18.597412381360122,18.597412381360122,0.0,-11.6,11.6
P,6750.0,0.021917808219178082,84.0,30.197412381360124,6679.15,1.0,-53.802587618639876,53.802587618639876,425.2468135434451,341.2468135434451,341.2468135434451
C,6755.0,0.021917808219178082,10.35,29.031029843624808,6679.15,1.0,18.681029843624806,18.681029843624806,0.0,-10.35,10.35
P,6755.0,0.021917808219178082,87.0,29.031029843624808,6679.15,1.0,-57.96897015637519,57.96897015637519,441.3921321813964,354.3921321813964,354.3921321813964
C,6760.0,0.021917808219178082,9.15,27.86464730588949,6679.15,1.0,18.714647305889493,18.714647305889493,0.0,-9.15,9.15
P,6760.0,0.021917808219178082,90.0,27.86464730588949,6679.15,1.0,-62.13535269411051,62.13535269411051,457.1067177378877,367.1067177378877,367.1067177378877
C,6615.0,0.024657534246575342,91.5,71.13863129336717,6679.75,1.0,-20.36136870663283,20.36136870663283,403.11845564412397,311.61845564412397,311.61845564412397
P,6615.0,0.024657534246575342,26.700000000000003,6.388631293367169,6679.75,1.0,-20.311368706632834,20.311368706632834,0.0,-26.700000000000003,26.700000000000003
C,6620.0,0.024657534246575342,87.0,69.30095900832539,6679.75,1.0,-17.699040991674607,17.699040991674607,386.0387890064221,299.0387890064221,299.0387890064221
P,6620.0,0.024657534246575342,27.95,9.550959008325393,6679.75,1.0,-18.399040991674607,18.399040991674607,0.0,-27.95,27.95
C,6625.0,0.024657534246575342,84.0,67.46328672328362,6679.75,1.0,-16.536713276716384,16.536713276716384,368.33235211033616,284.33235211033616,284.33235211033616
P,6625.0,0.024657534246575342,29.0,12.713286723283616,6679.75,1.0,-16.286713276716384,16.286713276716384,313.5823582357875,284.5823582357875,284.5823582357875
C,6630.0,0.024657534246575342,81.0,65.62561443824183,6679.75,1.0,-15.374385561758174,15.374385561758174,349.91119284171054,268.91119284171054,268.91119284171054
P,6630.0,0.024657534246575342,30.2,15.875614438241826,6679.75,1.0,-14.324385561758174,14.324385561758174,300.16119351736916,269.96119351736917,269.96119351736917
C,6635.0,0.024657534246575342,75.0,63.78794215320005,6679.75,1.0,-11.21205784679995,11.21205784679995,330.66459951596926,255.66459951596926,255.66459951596926
P,6635.0,0.024657534246575342,31.5,19.03794215320005,6679.75,1.0,-12.46205784679995,12.46205784679995,285.91460474508494,254.41460474508494,254.41460474508494
C,6640.0,0.024657534246575342,72.0,61.95026986815827,6679.75,1.0,-10.049730131841727,10.049730131841727,310.44989704923,238.44989704923,238.44989704923
P,6640.0,0.024657534246575342,32.900000000000006,22.200269868158273,6679.75,1.0,-10.699730131841733,10.699730131841733,270.69989665499224,237.79989665499224,237.79989665499224
C,6645.0,0.024657534246575342,69.0,60.11259758311648,6679.75,1.0,-8.887402416883518,8.887402416883518,289.07778238127,220.07778238127003,220.07778238127003
P,6645.0,0.024657534246575342,34.3,25.362597583116482,6679.75,1.0,-8.937402416883515,8.937402416883515,254.32777662730905,220.02777662730904,220.02777662730904
C,6650.0,0.024657534246575342,65.6,58.274925298074706,6679.75,1.0,-7.325074701925288,7.325074701925288,266.2877590673497,200.68775906734973,200.68775906734973
P,6650.0,0.024657534246575342,35.8,28.524925298074706,6679.75,1.0,-7.275074701925291,7.275074701925291,236.53775935681324,200.73775935681323,200.73775935681323
C,6655.0,0.024657534246575342,55.2,56.437253013032915,6679.75,1.0,1.2372530130329125,1.2372530130329125,241.70378473634082,186.50378473634083,186.50378473634083
P,6655.0,0.024657534246575342,37.35,31.687253013032915,6679.75,1.0,-5.662746986967086,5.662746986967086,216.95378025692662,179.60378025692663,179.60378025692663
C,6660.0,0.024657534246575342,57.7,54.59958072799114,6679.75,1.0,-3.100419272008864,3.100419272008864,214.7465431034716,157.0465431034716,157.0465431034716
P,6660.0,0.024657534246575342,39.05,34.84958072799114,6679.75,1.0,-4.200419272008858,4.200419272008858,194.99654758386941,155.9465475838694,155.9465475838694
P,6665.0,0.024657534246575342,40.75,38.01190844294936,6679.75,1.0,-2.7380915570506374,2.7380915570506374,169.68531357461325,128.93531357461325,128.93531357461325
P,6670.0,0.024657534246575342,42.55,41.17423615790758,6679.75,1.0,-1.375763842092418,1.375763842092418,139.08923883846637,96.53923883846637,96.53923883846637
P,6675.0,0.024657534246575342,44.400000000000006,44.336563872865796,6679.75,1.0,-0.0634361271342101,0.0634361271342101,98.11578568424738,53.71578568424738,53.71578568424738
C,6680.0,0.024657534246575342,46.15,47.294849398031516,6679.75,1.0,1.1448493980315178,1.1448493980315178,22.93089102509839,-23.21910897490161,23.21910897490161
P,6680.0,0.024657534246575342,46.4,47.294849398031516,6679.75,1.0,0.8948493980315178,0.8948493980315178,23.18089646094768,-23.21910353905232,23.21910353905232
C,6685.0,0.024657534246575342,43.15,46.37633331713964,6679.75,1.0,3.226333317139641,3.226333317139641,103.06331651113669,59.91331651113669,59.91331651113669
C,6690.0,0.024657534246575342,40.400000000000006,45.45781723624777,6679.75,1.0,5.0578172362477645,5.0578172362477645,142.5968025398215,102.1968025398215,102.1968025398215
C,6695.0,0.024657534246575342,37.6,44.53930115535589,6679.75,1.0,6.939301155355892,6.939301155355892,172.61567024601845,135.01567024601846,135.01567024601846
C,6700.0,0.024657534246575342,35.05,43.620785074464024,6679.75,1.0,8.570785074464027,8.570785074464027,197.63671354696135,162.58671354696133,162.58671354696133
C,6705.0,0.024657534246575342,32.5,42.70226899357215,6679.75,1.0,10.202268993572147,10.202268993572147,219.44486491675252,186.94486491675252,186.94486491675252
P,6705.0,0.024657534246575342,56.35,42.70226899357215,6679.75,1.0,-13.647731006427854,13.647731006427854,244.6948606764431,188.34486067644312,188.34486067644312
C,6710.0,0.024657534246575342,30.1,41.78375291268028,6679.75,1.0,11.683752912680276,11.683752912680276,238.96389978900834,208.86389978900834,208.86389978900834
P,6710.0,0.024657534246575342,60.0,41.78375291268028,6679.75,1.0,-18.216247087319722,18.216247087319722,269.2139033223675,209.2139033223675,209.2139033223675
C,6715.0,0.024657534246575342,27.85,40.86523683178841,6679.75,1.0,13.015236831788407,13.015236831788407,256.7455101845271,228.89551018452713,228.89551018452713
P,6715.0,0.024657534246575342,63.0,40.86523683178841,6679.75,1.0,-22.13476316821159,22.13476316821159,291.99550912220184,228.99550912220184,228.99550912220184
C,6720.0,0.024657534246575342,25.65,39.94672075089653,6679.75,1.0,14.296720750896533,14.296720750896533,273.1503679454959,247.50036794549587,247.50036794549587
P,6720.0,0.024657534246575342,66.0,39.94672075089653,6679.75,1.0,-26.05327924910347,26.05327924910347,313.40037253510127,247.40037253510127,247.40037253510127
C,6725.0,0.024657534246575342,23.55,39.02820467000466,6679.75,1.0,15.478204670004661,15.478204670004661,288.4295955284447,264.87959552844467,264.87959552844467
P,6725.0,0.024657534246575342,67.19999999999999,39.02820467000466,6679.75,1.0,-28.171795329995327,28.171795329995327,333.6795964113762,266.47959641137624,266.47959641137624
C,6730.0,0.024657534246575342,21.6,38.10968858911279,6679.75,1.0,16.50968858911279,16.50968858911279,0.0,-21.6,21.6
P,6730.0,0.024657534246575342,72.0,38.10968858911279,6679.75,1.0,-33.89031141088721,33.89031141088721,353.01635688838405,281.01635688838405,281.01635688838405
C,6735.0,0.024657534246575342,19.75,37.191172508220916,6679.75,1.0,17.441172508220916,17.441172508220916,0.0,-19.75,19.75
P,6735.0,0.024657534246575342,75.0,37.191172508220916,6679.75,1.0,-37.808827491779084,37.808827491779084,371.5490778116091,296.5490778116091,296.5490778116091
C,6740.0,0.024657534246575342,18.05,36.272656427329046,6679.75,1.0,18.222656427329046,18.222656427329046,0.0,-18.05,18.05
P,6740.0,0.024657534246575342,78.0,36.272656427329046,6679.75,1.0,-41.727343572670954,41.727343572670954,389.38543526301464,311.38543526301464,311.38543526301464
C,6745.0,0.024657534246575342,16.4,35.35414034643717,6679.75,1.0,18.95414034643717,18.95414034643717,0.0,-16.4,16.4
P,6745.0,0.024657534246575342,81.0,35.35414034643717,6679.75,1.0,-45.64585965356283,45.64585965356283,406.6110914131068,325.6110914131068,325.6110914131068
C,6750.0,0.024657534246575342,14.9,34.4356242655453,6679.75,1.0,19.5356242655453,19.5356242655453,0.0,-14.9,14.9
P,6750.0,0.024657534246575342,84.0,34.4356242655453,6679.75,1.0,-49.5643757344547,49.5643757344547,423.29557236611527,339.29557236611527,339.29557236611527
C,6755.0,0.024657534246575342,12.55,33.51710818465343,6679.75,1.0,20.96710818465343,20.96710818465343,0.0,-12.55,12.55
P,6755.0,0.024657534246575342,90.0,33.51710818465343,6679.75,1.0,-56.48289181534657,56.48289181534657,439.49617048116943,349.49617048116943,349.49617048116943
C,6760.0,0.024657534246575342,11.9,32.598592103761554,6679.75,1.0,20.698592103761555,20.698592103761555,0.0,-11.9,11.9
P,6760.0,0.024657534246575342,93.0,32.598592103761554,6679.75,1.0,-60.401407896238446,60.401407896238446,455.2607955842641,362.2607955842641,362.2607955842641
C,6615.0,0.0273972602739726,96.4,78.54640235182237,6682.25,1.0,-17.85359764817764,17.85359764817764,411.51686268909907,315.1168626890991,315.1168626890991
P,6615.0,0.0273972602739726,30.1,11.296402351822366,6682.25,1.0,-18.803597648177636,18.803597648177636,0.0,-30.1,30.1
C,6620.0,0.0273972602739726,93.2,76.76987500902723,6682.25,1.0,-16.43012499097277,16.43012499097277,394.72031206760084,301.52031206760086,301.52031206760086
P,6620.0,0.0273972602739726,31.25,14.519875009027231,6682.25,1.0,-16.73012499097277,16.73012499097277,332.4703066313209,301.2203066313209,301.2203066313209
C,6625.0,0.0273972602739726,89.19999999999999,74.9933476662321,6682.25,1.0,-14.206652333767892,14.206652333767892,377.3342932739365,288.1342932739365,288.1342932739365
P,6625.0,0.0273972602739726,32.7,17.743347666232097,6682.25,1.0,-14.956652333767906,14.956652333767906,320.0842970800727,287.3842970800727,287.3842970800727
C,6630.0,0.0273972602739726,85.4,73.21682032343696,6682.25,1.0,-12.183179676563043,12.183179676563043,359.2798201038845,273.8798201038845,273.8798201038845
P,6630.0,0.0273972602739726,33.65,20.966820323436963,6682.25,1.0,-12.683179676563036,12.683179676563036,307.02981984619464,273.37981984619466,273.37981984619466
C,6635.0,0.0273972602739726,81.55,71.44029298064183,6682.25,1.0,-10.109707019358169,10.109707019358169,340.45844905704826,258.90844905704824,258.90844905704824
P,6635.0,0.0273972602739726,34.95,24.19029298064183,6682.25,1.0,-10.759707019358174,10.759707019358174,293.2084544744339,258.2584544744339,258.2584544744339
C,6640.0,0.0273972602739726,78.30000000000001,69.6637656378467,6682.25,1.0,-8.636234362153317,8.636234362153317,320.74489135346903,242.44489135346902,242.44489135346902
P,6640.0,0.0273972602739726,36.35,27.413765637846694,6682.25,1.0,-8.936234362153307,8.936234362153307,278.494887310324,242.14488731032398,242.14488731032398
C,6645.0,0.0273972602739726,74.45,67.88723829505156,6682.25,1.0,-6.562761704948443,6.562761704948443,299.97541781746395,225.52541781746396,225.52541781746396
P,6645.0,0.0273972602739726,38.8,30.63723829505156,6682.25,1.0,-8.162761704948437,8.162761704948437,262.725418774457,223.925418774457,223.925418774457
C,6650.0,0.0273972602739726,71.44999999999999,66.11071095225643,6682.25,1.0,-5.339289047743563,5.339289047743563,277.929092254396,206.479092254396,206.479092254396
P,6650.0,0.0273972602739726,39.25,33.860710952256426,6682.25,1.0,-5.389289047743574,5.389289047743574,245.67909074900444,206.42909074900444,206.42909074900444
C,6655.0,0.0273972602739726,68.0,64.33418360946129,6682.25,1.0,-3.6658163905387084,3.6658163905387084,254.2950041676554,186.2950041676554,186.2950041676554
P,6655.0,0.0273972602739726,40.8,37.08418360946129,6682.25,1.0,-3.7158163905387056,3.7158163905387056,227.04500251898344,186.24500251898343,186.24500251898343
C,6660.0,0.0273972602739726,64.65,62.55765626666614,6682.25,1.0,-2.0923437333338626,2.0923437333338626,228.61076792325412,163.9607679232541,163.9607679232541
P,6660.0,0.0273972602739726,42.45,40.30765626666614,6682.25,1.0,-2.1423437333338597,2.1423437333338597,206.36076216664287,163.91076216664288,163.91076216664288
C,6665.0,0.0273972602739726,61.35,60.78112892387101,6682.25,1.0,-0.5688710761289926,0.5688710761289926,200.13325118027205,138.78325118027206,138.78325118027206
P,6665.0,0.0273972602739726,44.15,43.53112892387101,6682.25,1.0,-0.6188710761289897,0.6188710761289897,182.88325128836277,138.73325128836277,138.73325128836277
C,6670.0,0.0273972602739726,58.15,59.004601581075875,6682.25,1.0,0.854601581075876,0.854601581075876,167.519261770713,109.369261770713,109.369261770713
P,6670.0,0.0273972602739726,45.85,46.754601581075875,6682.25,1.0,0.9046015810758732,0.9046015810758732,155.26926114906883,109.41926114906883,109.41926114906883
C,6675.0,0.0273972602739726,55.0,57.22807423828074,6682.25,1.0,2.2280742382807404,2.2280742382807404,127.79484496891882,72.79484496891882,72.79484496891882
P,6675.0,0.0273972602739726,47.75,49.97807423828074,6682.25,1.0,2.2280742382807404,2.2280742382807404,120.54485009462087,72.79485009462087,72.79485009462087
C,6680.0,0.0273972602739726,51.95,55.451546895485606,6682.25,1.0,3.5015468954856033,3.5015468954856033,70.30260325544259,18.352603255442588,18.352603255442588
P,6680.0,0.0273972602739726,49.7,53.201546895485606,6682.25,1.0,3.5015468954856033,3.5015468954856033,68.05260267319682,18.352602673196813,18.352602673196813
C,6685.0,0.0273972602739726,48.85,53.97854314199874,6682.25,1.0,5.12854314199874,5.12854314199874,75.11897245554746,26.268972455547463,26.268972455547463
P,6685.0,0.0273972602739726,51.75,53.97854314199874,6682.25,1.0,2.228543141998742,2.228543141998742,77.86897773814917,26.11897773814917,26.11897773814917
C,6690.0,0.0273972602739726,45.8,52.7538768706732,6682.25,1.0,6.953876870673206,6.953876870673206,124.57882135313457,78.77882135313457,78.77882135313457
P,6690.0,0.0273972602739726,53.8,52.7538768706732,6682.25,1.0,-1.0461231293267943,1.0461231293267943,132.32882100098686,78.52882100098687,78.52882100098687
C,6695.0,0.0273972602739726,43.35,51.529210599347664,6682.25,1.0,8.179210599347662,8.179210599347662,158.43611593473133,115.08611593473134,115.08611593473134
P,6695.0,0.0273972602739726,56.0,51.529210599347664,6682.25,1.0,-4.470789400652336,4.470789400652336,171.18611257225757,115.18611257225757,115.18611257225757
C,6700.0,0.0273972602739726,40.65,50.30454432802212,6682.25,1.0,9.65454432802212,9.65454432802212,185.64565002254585,144.99565002254585,144.99565002254585
P,6700.0,0.0273972602739726,58.25,50.30454432802212,6682.25,1.0,-7.945455671977882,7.945455671977882,203.3956452190023,145.1456452190023,145.1456452190023
C,6705.0,0.0273972602739726,38.0,49.07987805669658,6682.25,1.0,11.079878056696579,11.079878056696579,208.91372162445396,170.91372162445396,170.91372162445396
P,6705.0,0.0273972602739726,61.599999999999994,49.07987805669658,6682.25,1.0,-12.520121943303415,12.520121943303415,231.66372738746622,170.06372738746623,170.06372738746623
C,6710.0,0.0273972602739726,35.45,47.85521178537104,6682.25,1.0,12.405211785371037,12.405211785371037,229.49553959682908,194.0455395968291,194.0455395968291
P,6710.0,0.0273972602739726,63.85,47.85521178537104,6682.25,1.0,-15.994788214628961,15.994788214628961,257.2455402555456,193.39554025554563,193.39554025554563
C,6715.0,0.0273972602739726,33.05,46.630545514045494,6682.25,1.0,13.580545514045497,13.580545514045497,248.09537041502153,215.04537041502152,215.04537041502152
P,6715.0,0.0273972602739726,66.45,46.630545514045494,6682.25,1.0,-19.81945448595451,19.81945448595451,280.8453710576132,214.3953710576132,214.3953710576132
C,6720.0,0.0273972602739726,30.75,45.405879242719955,6682.25,1.0,14.655879242719955,14.655879242719955,265.1552715774392,234.40527157743918,234.40527157743918
P,6720.0,0.0273972602739726,68.9,45.405879242719955,6682.25,1.0,-23.49412075728005,23.49412075728005,302.9052655101068,234.0052655101068,234.0052655101068
C,6725.0,0.0273972602739726,28.55,44.18121297139441,6682.25,1.0,15.631212971394408,15.631212971394408,280.97424622350445,252.42424622350444,252.42424622350444
P,6725.0,0.0273972602739726,72.19999999999999,44.18121297139441,6682.25,1.0,-28.01878702860558,28.01878702860558,323.72424706394986,251.52424706394987,251.52424706394987
C,6730.0,0.0273972602739726,26.45,42.95654670006887,6682.25,1.0,16.50654670006887,16.50654670006887,295.7657217861365,269.3157217861365,269.3157217861365
P,6730.0,0.0273972602739726,75.1,42.95654670006887,6682.25,1.0,-32.143453299931124,32.143453299931124,343.5157288742121,268.41572887421205,268.41572887421205
C,6735.0,0.0273972602739726,24.45,41.73188042874333,6682.25,1.0,17.28188042874333,17.28188042874333,0.0,-24.45,24.45
P,6735.0,0.0273972602739726,77.3,41.73188042874333,6682.25,1.0,-35.568119571256666,35.568119571256666,362.43835474924026,285.13835474924025,285.13835474924025
C,6740.0,0.0273972602739726,22.55,40.50721415741779,6682.25,1.0,17.95721415741779,17.95721415741779,0.0,-22.55,22.55
P,6740.0,0.0273972602739726,80.6,40.50721415741779,6682.25,1.0,-40.0927858425822,40.0927858425822,380.61384234207117,300.01384234207114,300.01384234207114
C,6745.0,0.0273972602739726,20.75,39.282547886092246,6682.25,1.0,18.532547886092246,18.532547886092246,0.0,-20.75,20.75
P,6745.0,0.0273972602739726,83.44999999999999,39.282547886092246,6682.25,1.0,-44.16745211390774,44.16745211390774,398.1380106981801,314.6880106981801,314.6880106981801
C,6750.0,0.0273972602739726,19.05,38.05788161476671,6682.25,1.0,19.007881614766706,19.007881614766706,0.0,-19.05,19.05
P,6750.0,0.0273972602739726,87.15,38.05788161476671,6682.25,1.0,-49.0921183852333,49.0921183852333,415.08786755929077,327.9378675592908,327.9378675592908
C,6755.0,0.0273972602739726,17.45,36.83321534344117,6682.25,1.0,19.38321534344117,19.38321534344117,0.0,-17.45,17.45
P,6755.0,0.0273972602739726,90.1,36.83321534344117,6682.25,1.0,-53.266784656558826,53.266784656558826,431.52642867462055,341.4264286746205,341.4264286746205
C,6760.0,0.0273972602739726,15.05,35.60854907211562,6682.25,1.0,20.55854907211562,20.55854907211562,0.0,-15.05,15.05
P,6760.0,0.0273972602739726,93.55,35.60854907211562,6682.25,1.0,-57.941450927884375,57.941450927884375,447.50600826953405,353.95600826953404,353.95600826953404
C,6615.0,0.03561643835616438,102.0,81.50593059528745,6682.85,1.0,-20.494069404712548,20.494069404712548,413.51309817476067,311.51309817476067,311.51309817476067
P,6615.0,0.03561643835616438,33.85,13.655930595287089,6682.85,1.0,-20.194069404712913,20.194069404712913,0.0,-33.85,33.85
C,6620.0,0.03561643835616438,96.0,79.69684170224366,6682.85,1.0,-16.30315829775634,16.30315829775634,396.78205171777336,300.78205171777336,300.78205171777336
P,6620.0,0.03561643835616438,35.0,16.846841702243296,6682.85,1.0,-18.153158297756704,18.153158297756704,333.932052976822,298.932052976822,298.932052976822
C,6625.0,0.03561643835616438,94.55,77.88775280919988,6682.85,1.0,-16.662247190800116,16.662247190800116,379.46995291835174,284.9199529183517,284.9199529183517
P,6625.0,0.03561643835616438,36.349999999999994,20.037752809199517,6682.85,1.0,-16.312247190800477,16.312247190800477,321.61996082134465,285.2699608213446,285.2699608213446
C,6630.0,0.03561643835616438,90.0,76.07866391615609,6682.85,1.0,-13.921336083843912,13.921336083843912,361.4997607483565,271.4997607483565,271.4997607483565
P,6630.0,0.03561643835616438,37.599999999999994,23.228663916155725,6682.85,1.0,-14.37133608384427,14.37133608384427,308.64975685618583,271.0497568561858,271.0497568561858
C,6635.0,0.03561643835616438,87.0,74.26957502311231,6682.85,1.0,-12.73042497688769,12.73042497688769,342.7756891930976,255.7756891930976,255.7756891930976
P,6635.0,0.03561643835616438,38.95,26.419575023111946,6682.85,1.0,-12.530424976888057,12.530424976888057,294.9256823672945,255.9756823672945,255.9756823672945
C,6640.0,0.03561643835616438,81.0,72.46048613006852,6682.85,1.0,-8.539513869931483,8.539513869931483,323.1761668817617,242.17616688176167,242.17616688176167
P,6640.0,0.03561643835616438,40.3,29.610486130068153,6682.85,1.0,-10.689513869931844,10.689513869931844,280.3261679444172,240.02616794441718,240.02616794441718
C,6645.0,0.03561643835616438,78.0,70.65139723702472,6682.85,1.0,-7.3486027629752755,7.3486027629752755,302.5428986012985,224.54289860129848,224.54289860129848
P,6645.0,0.03561643835616438,41.8,32.80139723702436,6682.85,1.0,-8.998602762975636,8.998602762975636,264.6928989249386,222.8928989249386,222.8928989249386
C,6650.0,0.03561643835616438,75.0,68.84230834398095,6682.85,1.0,-6.157691656019054,6.157691656019054,280.6631504786128,205.6631504786128,205.6631504786128
P,6650.0,0.03561643835616438,43.400000000000006,35.99230834398058,6682.85,1.0,-7.4076916560194235,7.4076916560194235,247.81314626343556,204.41314626343555,204.41314626343555
C,6655.0,0.03561643835616438,72.0,67.03321945093717,6682.85,1.0,-4.9667805490628325,4.9667805490628325,257.23926135689953,185.23926135689953,185.23926135689953
P,6655.0,0.03561643835616438,44.9,39.183219450936804,6682.85,1.0,-5.716780549063195,5.716780549063195,229.38925627264598,184.48925627264597,184.48925627264597
C,6660.0,0.03561643835616438,68.80000000000001,65.22413055789337,6682.85,1.0,-3.5758694421066366,3.5758694421066366,231.8319018214679,163.0319018214679,163.0319018214679
P,6660.0,0.03561643835616438,46.55,42.37413055789301,6682.85,1.0,-4.175869442106986,4.175869442106986,208.9819012883304,162.43190128833038,162.43190128833038
C,6665.0,0.03561643835616438,66.0,63.41504166484958,6682.85,1.0,-2.584958335150418,2.584958335150418,203.74265568876535,137.74265568876535,137.74265568876535
P,6665.0,0.03561643835616438,48.3,45.56504166484922,6682.85,1.0,-2.734958335150779,2.734958335150779,185.8926570257713,137.5926570257713,137.5926570257713
C,6670.0,0.03561643835616438,63.0,61.605952771805796,6682.85,1.0,-1.3940472281942036,1.3940472281942036,171.7307161351473,108.7307161351473,108.7307161351473
P,6670.0,0.03561643835616438,50.1,48.75595277180543,6682.85,1.0,-1.3440472281945688,1.3440472281945688,158.8807110962839,108.78071109628391,108.78071109628391
C,6675.0,0.03561643835616438,60.0,59.79686387876202,6682.85,1.0,-0.20313612123798208,0.20313612123798208,133.1356213537524,73.13562135375241,73.13562135375241
P,6675.0,0.03561643835616438,52.0,51.946863878761654,6682.85,1.0,-0.05313612123834588,0.05313612123834588,125.28562675544072,73.28562675544072,73.28562675544072
P,6680.0,0.03561643835616438,53.95,55.13777498571786,6682.85,1.0,1.1877749857178586,1.1877749857178586,76.43472951734384,22.484729517343837,22.484729517343837
C,6685.0,0.03561643835616438,52.9,56.632868413927284,6682.85,1.0,3.732868413927285,3.732868413927285,66.5618501521767,13.661850152176704,13.661850152176704
P,6685.0,0.03561643835616438,55.9,56.632868413927284,6682.85,1.0,0.7328684139272852,0.7328684139272852,68.71184514386823,12.811845143868233,12.811845143868233
C,6690.0,0.03561643835616438,50.05,55.880017477285634,6682.85,1.0,5.830017477285637,5.830017477285637,119.80718837222412,69.75718837222412,69.75718837222412
C,6695.0,0.03561643835616438,47.2,55.12716654064399,6682.85,1.0,7.927166540643988,7.927166540643988,154.8126812850569,107.6126812850569,107.6126812850569
P,6695.0,0.03561643835616438,60.0,55.12716654064399,6682.85,1.0,-4.872833459356009,4.872833459356009,166.96268207502953,106.96268207502953,106.96268207502953
C,6700.0,0.03561643835616438,44.5,54.37431560400234,6682.85,1.0,9.87431560400234,9.87431560400234,182.63114429117059,138.13114429117059,138.13114429117059
P,6700.0,0.03561643835616438,62.65,54.37431560400234,6682.85,1.0,-8.275684395997658,8.275684395997658,199.78114520631516,137.13114520631515,137.13114520631515
C,6705.0,0.03561643835616438,41.849999999999994,53.6214646673607,6682.85,1.0,11.771464667360704,11.771464667360704,206.29103399813584,164.44103399813585,164.44103399813585
P,6705.0,0.03561643835616438,66.0,53.6214646673607,6682.85,1.0,-12.378535332639302,12.378535332639302,228.44103486916765,162.44103486916765,162.44103486916765
C,6710.0,0.03561643835616438,39.3,52.86861373071904,6682.85,1.0,13.568613730719044,13.568613730719044,227.1519260788,187.85192607879998,187.85192607879998
P,6710.0,0.03561643835616438,66.0,52.86861373071904,6682.85,1.0,-13.13138626928096,13.13138626928096,254.30193190626778,188.30193190626778,188.30193190626778
C,6715.0,0.03561643835616438,36.849999999999994,52.11576279407739,6682.85,1.0,15.265762794077396,15.265762794077396,245.96350194044908,209.11350194044908,209.11350194044908
P,6715.0,0.03561643835616438,69.0,52.11576279407739,6682.85,1.0,-16.88423720592261,16.88423720592261,278.1134966965751,209.1134966965751,209.1134966965751
C,6720.0,0.03561643835616438,34.55,51.36291185743575,6682.85,1.0,16.81291185743575,16.81291185743575,263.1911312345442,228.64113123454416,228.64113123454416
P,6720.0,0.03561643835616438,72.0,51.36291185743575,6682.85,1.0,-20.637088142564252,20.637088142564252,300.3411321929434,228.3411321929434,228.3411321929434
C,6725.0,0.03561643835616438,32.3,50.6100609207941,6682.85,1.0,18.3100609207941,18.3100609207941,279.1472333237284,246.8472333237284,246.8472333237284
P,6725.0,0.03561643835616438,75.0,50.6100609207941,6682.85,1.0,-24.389939079205902,24.389939079205902,321.2972394951612,246.2972394951612,246.2972394951612
C,6730.0,0.03561643835616438,30.1,49.85720998415245,6682.85,1.0,19.757209984152446,19.757209984152446,294.0535269461416,263.95352694614155,263.95352694614155
P,6730.0,0.03561643835616438,78.0,49.85720998415245,6682.85,1.0,-28.142790015847552,28.142790015847552,341.20352738335987,263.20352738335987,263.20352738335987
C,6735.0,0.03561643835616438,28.049999999999997,49.1043590475108,6682.85,1.0,21.0543590475108,21.0543590475108,308.0741165198265,280.02411651982646,280.02411651982646
P,6735.0,0.03561643835616438,81.0,49.1043590475108,6682.85,1.0,-31.895640952489202,31.895640952489202,360.22411668993163,279.22411668993163,279.22411668993163
C,6740.0,0.03561643835616438,26.1,48.35150811086915,6682.85,1.0,22.251508110869146,22.251508110869146,0.0,-26.1,26.1
P,6740.0,0.03561643835616438,84.0,48.35150811086915,6682.85,1.0,-35.64849188913085,35.64849188913085,378.48446783655436,294.48446783655436,294.48446783655436
C,6745.0,0.03561643835616438,24.15,47.5986571742275,6682.85,1.0,23.4486571742275,23.4486571742275,0.0,-24.15,24.15
P,6745.0,0.03561643835616438,87.0,47.5986571742275,6682.85,1.0,-39.4013428257725,39.4013428257725,396.0830725084179,309.0830725084179,309.0830725084179
C,6750.0,0.03561643835616438,22.35,46.845806237585855,6682.85,1.0,24.495806237585853,24.495806237585853,0.0,-22.35,22.35
P,6750.0,0.03561643835616438,94.25,46.845806237585855,6682.85,1.0,-47.404193762414145,47.404193762414145,413.09891506501435,318.84891506501435,318.84891506501435
C,6755.0,0.03561643835616438,20.700000000000003,46.092955300944205,6682.85,1.0,25.3929553009442,25.3929553009442,0.0,-20.700000000000003,20.700000000000003
P,6755.0,0.03561643835616438,93.0,46.092955300944205,6682.85,1.0,-46.907044699055795,46.907044699055795,429.5964921305863,336.5964921305863,336.5964921305863
C,6760.0,0.03561643835616438,19.3,45.34010436430256,6682.85,1.0,26.04010436430256,26.04010436430256,0.0,-19.3,19.3
P,6760.0,0.03561643835616438,96.0,45.34010436430256,6682.85,1.0,-50.65989563569744,50.65989563569744,445.629262803192,349.629262803192,349.629262803192
C,6605.0,0.038356164383561646,111.0,91.58602465543767,6682.8,1.0,-19.41397534456233,19.41397534456233,445.3168424624537,334.3168424624537,334.3168424624537
P,6605.0,0.038356164383561646,34.55,13.786024655437487,6682.8,1.0,-20.76397534456251,20.76397534456251,0.0,-34.55,34.55
C,6610.0,0.038356164383561646,108.0,89.69627087234339,6682.8,1.0,-18.30372912765661,18.30372912765661,429.56495016098097,321.56495016098097,321.56495016098097
P,6610.0,0.038356164383561646,35.6,16.89627087234321,6682.8,1.0,-18.703729127656793,18.703729127656793,0.0,-35.6,35.6
C,6615.0,0.038356164383561646,105.0,87.8065170892491,6682.8,1.0,-17.1934829107509,17.1934829107509,413.34703105260314,308.34703105260314,308.34703105260314
P,6615.0,0.038356164383561646,37.0,20.006517089248916,6682.8,1.0,-16.993482910751084,16.993482910751084,345.54703043367,308.54703043367,308.54703043367
C,6620.0,0.038356164383561646,102.0,85.91676330615482,6682.8,1.0,-16.08323669384518,16.08323669384518,396.6105534292301,294.6105534292301,294.6105534292301
P,6620.0,0.038356164383561646,38.0,23.11676330615464,6682.8,1.0,-14.883236693845362,14.883236693845362,333.810561843728,295.810561843728,295.810561843728
C,6625.0,0.038356164383561646,96.0,84.02700952306053,6682.8,1.0,-11.972990476939472,11.972990476939472,379.2923457019024,283.2923457019024,283.2923457019024
P,6625.0,0.038356164383561646,39.349999999999994,26.227009523060346,6682.8,1.0,-13.122990476939648,13.122990476939648,321.492339568666,282.142339568666,282.142339568666
C,6630.0,0.038356164383561646,93.0,82.13725573996624,6682.8,1.0,-10.862744260033764,10.862744260033764,361.31516952179027,268.31516952179027,268.31516952179027
P,6630.0,0.038356164383561646,40.75,29.337255739966054,6682.8,1.0,-11.412744260033946,11.412744260033946,308.5151751221583,267.7651751221583,267.7651751221583
C,6635.0,0.038356164383561646,90.0,80.24750195687196,6682.8,1.0,-9.752498043128043,9.752498043128043,342.5830550159194,252.5830550159194,252.5830550159194
P,6635.0,0.038356164383561646,41.95,32.447501956871776,6682.8,1.0,-9.502498043128227,9.502498043128227,294.7830557456905,252.8330557456905,252.8330557456905
C,6640.0,0.038356164383561646,87.0,78.35774817377768,6682.8,1.0,-8.64225182622232,8.64225182622232,322.974119218276,235.97411921827597,235.97411921827597
P,6640.0,0.038356164383561646,43.25,35.5577481737775,6682.8,1.0,-7.692251826222503,7.692251826222503,280.17411832595917,236.92411832595917,236.92411832595917
C,6645.0,0.038356164383561646,84.0,76.4679943906834,6682.8,1.0,-7.532005609316599,7.532005609316599,302.3296233715764,218.32962337157642,218.32962337157642
P,6645.0,0.038356164383561646,44.8,38.66799439068322,6682.8,1.0,-6.132005609316778,6.132005609316778,264.5296239217937,219.7296239217937,219.7296239217937
C,6650.0,0.038356164383561646,86.05,74.57824060758911,6682.8,1.0,-11.471759392410888,11.471759392410888,280.43615036104575,194.38615036104574,194.38615036104574
P,6650.0,0.038356164383561646,46.3,41.77824060758893,6682.8,1.0,-4.52175939241107,4.52175939241107,247.6361509578055,201.3361509578055,201.3361509578055
C,6655.0,0.038356164383561646,75.0,72.68848682449482,6682.8,1.0,-2.3115131755051834,2.3115131755051834,256.99499215209244,181.99499215209244,181.99499215209244
P,6655.0,0.038356164383561646,48.0,44.888486824494635,6682.8,1.0,-3.1115131755053653,3.1115131755053653,229.1949849643297,181.1949849643297,181.1949849643297
C,6660.0,0.038356164383561646,72.0,70.79873304140054,6682.8,1.0,-1.2012669585994615,1.2012669585994615,231.5649317483958,159.5649317483958,159.5649317483958
P,6660.0,0.038356164383561646,49.85,47.99873304140036,6682.8,1.0,-1.8512669585996449,1.8512669585996449,208.76493194545537,158.91493194545538,158.91493194545538
C,6665.0,0.038356164383561646,69.0,68.90897925830626,6682.8,1.0,-0.09102074169373964,0.09102074169373964,203.44400363320165,134.44400363320165,134.44400363320165
P,6665.0,0.038356164383561646,51.5,51.10897925830608,6682.8,1.0,-0.39102074169392154,0.39102074169392154,185.6439977212899,134.1439977212899,134.1439977212899
C,6670.0,0.038356164383561646,73.5,67.01922547521197,6682.8,1.0,-6.480774524788032,6.480774524788032,171.38328167280542,97.88328167280542,97.88328167280542
P,6670.0,0.038356164383561646,53.150000000000006,54.219225475211786,6682.8,1.0,1.0692254752117805,1.0692254752117805,158.58328255112565,105.43328255112564,105.43328255112564
C,6675.0,0.038356164383561646,70.45,65.12947169211768,6682.8,1.0,-5.320528307882327,5.320528307882327,132.698064172273,62.248064172273004,62.248064172273004
P,6675.0,0.038356164383561646,55.0,57.329471692117494,6682.8,1.0,2.329471692117494,2.329471692117494,124.89806899421137,69.89806899421137,69.89806899421137
C,6680.0,0.038356164383561646,59.7,63.23971790902339,6682.8,1.0,3.5397179090233877,3.5397179090233877,78.5734933020849,18.873493302084896,18.873493302084896
P,6680.0,0.038356164383561646,56.9,60.43971790902321,6682.8,1.0,3.53971790902321,3.53971790902321,75.77348909191232,18.873489091912326,18.873489091912326
C,6685.0,0.038356164383561646,56.75,61.746996406173686,6682.8,1.0,4.996996406173686,4.996996406173686,67.31876412969086,10.568764129690862,10.568764129690862
P,6685.0,0.038356164383561646,58.95,61.746996406173686,6682.8,1.0,2.796996406173683,2.796996406173683,69.51875765002569,10.568757650025688,10.568757650025688
C,6690.0,0.038356164383561646,53.8,60.75958871454443,6682.8,1.0,6.959588714544431,6.959588714544431,120.21275994132475,66.41275994132475,66.41275994132475
P,6690.0,0.038356164383561646,61.1,60.75958871454443,6682.8,1.0,-0.3404112854555734,0.3404112854555734,127.41275938512035,66.31275938512036,66.31275938512036
C,6695.0,0.038356164383561646,51.0,59.77218102291518,6682.8,1.0,8.772181022915177,8.772181022915177,155.11828230774245,104.11828230774245,104.11828230774245
P,6695.0,0.038356164383561646,63.0,59.77218102291518,6682.8,1.0,-3.227818977084823,3.227818977084823,167.31828177185253,104.31828177185253,104.31828177185253
C,6700.0,0.038356164383561646,48.65,58.78477333128591,6682.8,1.0,10.134773331285913,10.134773331285913,182.8845481896724,134.23454818967238,134.23454818967238
P,6700.0,0.038356164383561646,58.4,58.78477333128591,6682.8,1.0,0.3847733312859134,0.3847733312859134,200.084547453283,141.684547453283,141.684547453283
C,6705.0,0.038356164383561646,45.6,57.79736563965666,6682.8,1.0,12.19736563965666,12.19736563965666,206.51109520084174,160.91109520084174,160.91109520084174
P,6705.0,0.038356164383561646,69.0,57.79736563965666,6682.8,1.0,-11.202634360343339,11.202634360343339,228.71109470324245,159.71109470324245,159.71109470324245
C,6710.0,0.038356164383561646,43.1,56.80995794802741,6682.8,1.0,13.709957948027409,13.709957948027409,227.34833926043666,184.24833926043667,184.24833926043667
P,6710.0,0.038356164383561646,69.0,56.80995794802741,6682.8,1.0,-12.19004205197259,12.19004205197259,254.5483445826917,185.5483445826917,185.5483445826917
C,6715.0,0.038356164383561646,40.6,55.82255025639815,6682.8,1.0,15.22255025639815,15.22255025639815,246.1420235563378,205.5420235563378,205.5420235563378
P,6715.0,0.038356164383561646,72.0,55.82255025639815,6682.8,1.0,-16.177449743601848,16.177449743601848,278.3420176402333,206.34201764023328,206.34201764023328
C,6720.0,0.038356164383561646,38.5,54.83514256476889,6682.8,1.0,16.335142564768887,16.335142564768887,263.3555126995411,224.85551269954112,224.85551269954112
P,6720.0,0.038356164383561646,75.0,54.83514256476889,6682.8,1.0,-20.164857435231113,20.164857435231113,300.5555128228225,225.5555128228225,225.5555128228225
C,6725.0,0.038356164383561646,36.2,53.84773487313963,6682.8,1.0,17.647734873139626,17.647734873139626,279.3000614138041,243.1000614138041,243.1000614138041
P,6725.0,0.038356164383561646,78.0,53.84773487313963,6682.8,1.0,-24.15226512686037,24.15226512686037,321.50006598434857,243.50006598434857,243.50006598434857
C,6730.0,0.038356164383561646,33.7,52.86032718151038,6682.8,1.0,19.160327181510375,19.160327181510375,294.19670702217763,260.49670702217765,260.49670702217765
P,6730.0,0.038356164383561646,81.0,52.86032718151038,6682.8,1.0,-28.139672818489622,28.139672818489622,341.3967043211055,260.3967043211055,260.3967043211055
C,6740.0,0.038356164383561646,29.549999999999997,50.88551179825187,6682.8,1.0,21.335511798251872,21.335511798251872,321.46227627295684,291.91227627295683,291.91227627295683
P,6740.0,0.038356164383561646,89.9,50.88551179825187,6682.8,1.0,-39.01448820174814,39.01448820174814,378.6622838294006,288.76228382940064,288.76228382940064
C,6750.0,0.038356164383561646,26.0,48.91069641499335,6682.8,1.0,22.910696414993353,22.910696414993353,0.0,-26.0,26.0
P,6750.0,0.038356164383561646,93.0,48.91069641499335,6682.8,1.0,-44.08930358500665,44.08930358500665,413.26494349840686,320.26494349840686,320.26494349840686
C,6760.0,0.038356164383561646,22.299999999999997,46.935881031734844,6682.8,1.0,24.635881031734847,24.635881031734847,0.0,-22.299999999999997,22.299999999999997
P,6760.0,0.038356164383561646,99.0,46.935881031734844,6682.8,1.0,-52.064118968265156,52.064118968265156,445.78589365820335,346.78589365820335,346.78589365820335
C,6770.0,0.038356164383561646,19.15,44.96106564847633,6682.8,1.0,25.81106564847633,25.81106564847633,0.0,-19.15,19.15
P,6770.0,0.038356164383561646,108.9,44.96106564847633,6682.8,1.0,-63.93893435152368,63.93893435152368,476.62221950301455,367.72221950301457,367.72221950301457
C,6605.0,0.0410958904109589,118.65,93.08536723736897,6683.2,1.0,-25.564632762631035,25.564632762631035,446.57045199222557,327.9204519922256,327.9204519922256
P,6605.0,0.0410958904109589,38.85,14.885367237369152,6683.2,1.0,-23.96463276263085,23.96463276263085,0.0,-38.85,38.85
C,6610.0,0.0410958904109589,114.0,91.29147044639552,6683.2,1.0,-22.70852955360448,22.70852955360448,430.85344315181146,316.85344315181146,316.85344315181146
P,6610.0,0.0410958904109589,40.05,18.091470446395704,6683.2,1.0,-21.958529553604293,21.958529553604293,357.65343844853624,317.6034384485362,317.6034384485362
C,6615.0,0.0410958904109589,108.0,89.49757365542206,6683.2,1.0,-18.50242634457794,18.50242634457794,414.6742000887966,306.6742000887966,306.6742000887966
P,6615.0,0.0410958904109589,41.3,21.29757365542224,6683.2,1.0,-20.002426344577756,20.002426344577756,346.4742007989439,305.1742007989439,305.1742007989439
C,6620.0,0.0410958904109589,105.0,87.7036768644486,6683.2,1.0,-17.296323135551404,17.296323135551404,397.98095249074095,292.98095249074095,292.98095249074095
P,6620.0,0.0410958904109589,42.4,24.503676864448778,6683.2,1.0,-17.89632313555122,17.89632313555122,334.7809481676886,292.38094816768864,292.38094816768864
C,6625.0,0.0410958904109589,102.0,85.90978007347513,6683.2,1.0,-16.090219926524867,16.090219926524867,380.7114565404722,278.7114565404722,278.7114565404722
P,6625.0,0.0410958904109589,43.95,27.709780073475315,6683.2,1.0,-16.240219926524688,16.240219926524688,322.511454750736,278.561454750736,278.561454750736
C,6630.0,0.0410958904109589,99.0,84.11588328250167,6683.2,1.0,-14.88411671749833,14.88411671749833,362.78979106778115,263.78979106778115,263.78979106778115
P,6630.0,0.0410958904109589,45.150000000000006,30.915883282501852,6683.2,1.0,-14.234116717498154,14.234116717498154,309.589786254568,264.43978625456805,264.43978625456805
C,6635.0,0.0410958904109589,96.0,82.32198649152821,6683.2,1.0,-13.678013508471793,13.678013508471793,344.12166711755845,248.12166711755845,248.12166711755845
P,6635.0,0.0410958904109589,46.5,34.12198649152839,6683.2,1.0,-12.37801350847161,12.37801350847161,295.9216659588801,249.4216659588801,249.4216659588801
C,6640.0,0.0410958904109589,90.2,80.52808970055474,6683.2,1.0,-9.671910299445258,9.671910299445258,324.5876278823198,234.3876278823198,234.3876278823198
P,6640.0,0.0410958904109589,47.849999999999994,37.328089700554926,6683.2,1.0,-10.521910299445068,10.521910299445068,281.38763431561665,233.53763431561666,233.53763431561666
C,6645.0,0.0410958904109589,87.0,78.7341929095813,6683.2,1.0,-8.265807090418704,8.265807090418704,304.03241500088325,217.03241500088325,217.03241500088325
P,6645.0,0.0410958904109589,49.45,40.53419290958148,6683.2,1.0,-8.915807090418525,8.915807090418525,265.8324086713005,216.38240867130054,216.38240867130054
C,6650.0,0.0410958904109589,84.0,76.94029611860785,6683.2,1.0,-7.059703881392153,7.059703881392153,282.2478766355425,198.24787663554253,198.24787663554253
P,6650.0,0.0410958904109589,51.0,43.74029611860803,6683.2,1.0,-7.259703881391971,7.259703881391971,249.04788138654976,198.04788138654976,198.04788138654976
C,6655.0,0.0410958904109589,81.0,75.14639932763438,6683.2,1.0,-5.853600672365616,5.853600672365616,258.9437332964121,177.94373329641212,177.94373329641212
P,6655.0,0.0410958904109589,52.7,46.946399327634566,6683.2,1.0,-5.753600672365437,5.753600672365437,230.74374026571877,178.04374026571878,178.04374026571878
C,6660.0,0.0410958904109589,78.0,73.35250253666092,6683.2,1.0,-4.647497463339079,4.647497463339079,233.69334855003808,155.69334855003808,155.69334855003808
P,6660.0,0.0410958904109589,54.25,50.1525025366611,6683.2,1.0,-4.097497463338897,4.097497463338897,210.49335523904347,156.24335523904347,156.24335523904347
C,6665.0,0.0410958904109589,82.15,71.55860574568746,6683.2,1.0,-10.591394254312547,10.591394254312547,205.82265006993384,123.67265006993384,123.67265006993384
P,6665.0,0.0410958904109589,55.95,53.35860574568764,6683.2,1.0,-2.5913942543123625,2.5913942543123625,187.62265462068308,131.6726546206831,131.6726546206831
C,6670.0,0.0410958904109589,71.35,69.764708954714,6683.2,1.0,-1.5852910452859987,1.5852910452859987,174.14548714860575,102.79548714860576,102.79548714860576
P,6670.0,0.0410958904109589,57.900000000000006,56.56470895471418,6683.2,1.0,-1.3352910452858282,1.3352910452858282,160.94549540298476,103.04549540298476,103.04549540298476
C,6675.0,0.0410958904109589,69.0,67.97081216374053,6683.2,1.0,-1.0291878362594673,1.0291878362594673,136.1625845071767,67.16258450717669,67.16258450717669
P,6675.0,0.0410958904109589,59.75,59.770812163740715,6683.2,1.0,0.020812163740714595,0.020812163740714595,127.96258438729501,68.21258438729501,68.21258438729501
C,6680.0,0.0410958904109589,64.9,66.17691537276707,6683.2,1.0,1.2769153727670641,1.2769153727670641,84.10399233609587,19.203992336095865,19.203992336095865
P,6680.0,0.0410958904109589,61.75,62.97691537276725,6683.2,1.0,1.2269153727672517,1.2269153727672517,80.90399289150037,19.153992891500366,19.153992891500366
C,6685.0,0.0410958904109589,61.9,64.62736273021041,6683.2,1.0,2.727362730210409,2.727362730210409,60.98740314346878,-0.9125968565312164,0.9125968565312164
P,6685.0,0.0410958904109589,63.7,64.62736273021041,6683.2,1.0,0.9273627302104046,0.9273627302104046,62.7874079530402,-0.9125920469598015,0.9125920469598015
C,6690.0,0.0410958904109589,59.0,63.5121996848391,6683.2,1.0,4.5121996848391035,4.5121996848391035,116.92497285055651,57.924972850556514,57.924972850556514
P,6690.0,0.0410958904109589,65.8,63.5121996848391,6683.2,1.0,-2.2878003151608937,2.2878003151608937,123.72497357580687,57.924973575806874,57.924973575806874
C,6695.0,0.0410958904109589,56.15,62.397036639467785,6683.2,1.0,6.247036639467787,6.247036639467787,152.6541282530966,96.50412825309658,96.50412825309658
P,6695.0,0.0410958904109589,61.8,62.397036639467785,6683.2,1.0,0.5970366394677882,0.5970366394677882,164.45412369572432,102.65412369572432,102.65412369572432
C,6700.0,0.0410958904109589,53.8,61.281873594096474,6683.2,1.0,7.481873594096477,7.481873594096477,180.84582896319353,127.04582896319353,127.04582896319353
P,6700.0,0.0410958904109589,69.9,61.281873594096474,6683.2,1.0,-8.618126405903531,8.618126405903531,197.6458231907086,127.74582319070859,127.74582319070859
C,6705.0,0.0410958904109589,50.7,60.16671054872515,6683.2,1.0,9.466710548725146,9.466710548725146,204.7427961291164,154.04279612911643,154.04279612911643
P,6705.0,0.0410958904109589,72.0,60.16671054872515,6683.2,1.0,-11.833289451274851,11.833289451274851,226.5427908367369,154.5427908367369,154.5427908367369
C,6710.0,0.0410958904109589,48.35,59.05154750335383,6683.2,1.0,10.70154750335383,10.70154750335383,225.77129268095587,177.42129268095587,177.42129268095587
P,6710.0,0.0410958904109589,75.0,59.05154750335383,6683.2,1.0,-15.94845249664617,15.94845249664617,252.57128838714698,177.57128838714698,177.57128838714698
C,6720.0,0.0410958904109589,43.099999999999994,56.82122141261121,6683.2,1.0,13.721221412611214,13.721221412611214,262.03692101012393,218.93692101012394,218.93692101012394
P,6720.0,0.0410958904109589,81.0,56.82122141261121,6683.2,1.0,-24.17877858738879,24.17877858738879,298.83691515810415,217.83691515810415,217.83691515810415
C,6725.0,0.0410958904109589,41.1,55.70605836723989,6683.2,1.0,14.60605836723989,14.60605836723989,278.0744661371723,236.9744661371723,236.9744661371723
P,6725.0,0.0410958904109589,84.0,55.70605836723989,6683.2,1.0,-28.29394163276011,28.29394163276011,319.8744657834436,235.8744657834436,235.8744657834436
C,6730.0,0.0410958904109589,38.8,54.59089532186859,6683.2,1.0,15.79089532186859,15.79089532186859,293.04881656590715,254.24881656590713,254.24881656590713
P,6730.0,0.0410958904109589,84.0,54.59089532186859,6683.2,1.0,-29.409104678131413,29.409104678131413,339.84881550295677,255.84881550295677,255.84881550295677
C,6740.0,0.0410958904109589,34.45,52.36056923112595,6683.2,1.0,17.910569231125947,17.910569231125947,320.43786850868537,285.9878685086854,285.9878685086854
P,6740.0,0.0410958904109589,90.0,52.36056923112595,6683.2,1.0,-37.63943076887405,37.63943076887405,377.2378746307468,287.2378746307468,287.2378746307468
C,6750.0,0.0410958904109589,30.4,50.13024314038332,6683.2,1.0,19.730243140383322,19.730243140383322,0.0,-30.4,30.4
P,6750.0,0.0410958904109589,96.0,50.13024314038332,6683.2,1.0,-45.86975685961668,45.86975685961668,411.93518081038746,315.93518081038746,315.93518081038746
C,6760.0,0.0410958904109589,26.75,47.89991704964069,6683.2,1.0,21.149917049640692,21.149917049640692,0.0,-26.75,26.75
P,6760.0,0.0410958904109589,102.0,47.89991704964069,6683.2,1.0,-54.10008295035931,54.10008295035931,444.5316512021932,342.5316512021932,342.5316512021932
C,6770.0,0.0410958904109589,23.4,45.66959095889806,6683.2,1.0,22.269590958898064,22.269590958898064,0.0,-23.4,23.4
P,6770.0,0.0410958904109589,111.0,45.66959095889806,6683.2,1.0,-65.33040904110194,65.33040904110194,475.4300469507839,364.4300469507839,364.4300469507839
C,6775.0,0.0410958904109589,21.55,44.554427913526744,6683.2,1.0,23.004427913526744,23.004427913526744,0.0,-21.55,21.55
P,6775.0,0.0410958904109589,114.0,44.554427913526744,6683.2,1.0,-69.44557208647325,69.44557208647325,490.33598892361533,376.33598892361533,376.33598892361533
C,6605.0,0.043835616438356165,120.7,93.08536723736897,6684.05,1.0,-27.614632762631032,27.614632762631032,449.22571225642923,328.52571225642924,328.52571225642924
P,6605.0,0.043835616438356165,41.849999999999994,14.035367237368789,6684.05,1.0,-27.814632762631206,27.814632762631206,370.175718741184,328.325718741184,328.325718741184
C,6610.0,0.043835616438356165,118.5,91.29147044639552,6684.05,1.0,-27.20852955360448,27.20852955360448,433.5819153019829,315.0819153019829,315.0819153019829
P,6610.0,0.043835616438356165,43.15,17.24147044639534,6684.05,1.0,-25.90852955360466,25.90852955360466,359.5319114406807,316.3819114406807,316.3819114406807
C,6615.0,0.043835616438356165,114.0,89.49757365542206,6684.05,1.0,-24.50242634457794,24.50242634457794,417.4837791889222,303.4837791889222,303.4837791889222
P,6615.0,0.043835616438356165,44.4,20.447573655421877,6684.05,1.0,-23.95242634457812,23.95242634457812,348.4337855717513,304.0337855717513,304.0337855717513
C,6620.0,0.043835616438356165,111.0,87.7036768644486,6684.05,1.0,-23.296323135551404,23.296323135551404,400.88108159418425,289.88108159418425,289.88108159418425
P,6620.0,0.043835616438356165,45.7,23.653676864448414,6684.05,1.0,-22.04632313555159,22.04632313555159,336.83108161705195,291.13108161705196,291.13108161705196
C,6625.0,0.043835616438356165,105.0,85.90978007347513,6684.05,1.0,-19.090219926524867,19.090219926524867,383.7135518956088,278.7135518956088,278.7135518956088
P,6625.0,0.043835616438356165,47.05,26.85978007347495,6684.05,1.0,-20.190219926525046,20.190219926525046,324.66355170721135,277.61355170721134,277.61355170721134
C,6630.0,0.043835616438356165,102.0,84.11588328250167,6684.05,1.0,-17.88411671749833,17.88411671749833,365.90784408129093,263.90784408129093,263.90784408129093
P,6630.0,0.043835616438356165,48.2,30.06588328250149,6684.05,1.0,-18.134116717498515,18.134116717498515,311.8578434741471,263.6578434741471,263.6578434741471
C,6635.0,0.043835616438356165,99.0,82.32198649152821,6684.05,1.0,-16.678013508471793,16.678013508471793,347.3732249155473,248.37322491554733,248.37322491554733
P,6635.0,0.043835616438356165,49.15,33.271986491528025,6684.05,1.0,-15.878013508471973,15.878013508471973,298.3232261235444,249.17322612354437,249.17322612354437
C,6640.0,0.043835616438356165,96.0,80.52808970055474,6684.05,1.0,-15.471910299445256,15.471910299445256,327.99511958588664,231.99511958588664,231.99511958588664
P,6640.0,0.043835616438356165,51.25,36.47808970055456,6684.05,1.0,-14.771910299445437,14.771910299445437,283.9451191023554,232.69511910235542,232.69511910235542
C,6645.0,0.043835616438356165,93.0,78.7341929095813,6684.05,1.0,-14.265807090418704,14.265807090418704,307.62530924317207,214.62530924317207,214.62530924317207
P,6645.0,0.043835616438356165,52.6,39.684192909581114,6684.05,1.0,-12.915807090418888,12.915807090418888,268.5753088823885,215.97530888238853,215.97530888238853
C,6650.0,0.043835616438356165,87.0,76.94029611860785,6684.05,1.0,-10.059703881392153,10.059703881392153,286.06626328182165,199.06626328182165,199.06626328182165
P,6650.0,0.043835616438356165,54.35,42.890296118607665,6684.05,1.0,-11.459703881392336,11.459703881392336,252.01626777126194,197.66626777126194,197.66626777126194
C,6655.0,0.043835616438356165,81.35,75.14639932763438,6684.05,1.0,-6.20360067236561,6.20360067236561,263.04453342527177,181.69453342527177,181.69453342527177
P,6655.0,0.043835616438356165,55.95,46.0963993276342,6684.05,1.0,-9.8536006723658,9.8536006723658,233.99453452110583,178.04453452110585,178.04453452110585
C,6660.0,0.043835616438356165,81.0,73.35250253666092,6684.05,1.0,-7.647497463339079,7.647497463339079,238.16226529030791,157.16226529030791,157.16226529030791
P,6660.0,0.043835616438356165,57.6,49.30250253666074,6684.05,1.0,-8.297497463339262,8.297497463339262,214.11226581998062,156.51226581998063,156.51226581998063
C,6665.0,0.043835616438356165,78.0,71.55860574568746,6684.05,1.0,-6.4413942543125415,6.4413942543125415,210.79970208893928,132.79970208893928,132.79970208893928
P,6665.0,0.043835616438356165,59.35,52.50860574568728,6684.05,1.0,-6.841394254312725,6.841394254312725,191.74970266803575,132.39970266803576,132.39970266803576
C,6670.0,0.043835616438356165,82.55,69.764708954714,6684.05,1.0,-12.785291045286002,12.785291045286002,179.8899551305267,97.33995513052669,97.33995513052669
P,6670.0,0.043835616438356165,61.15,55.714708954713814,6684.05,1.0,-5.435291045286185,5.435291045286185,165.83995868748434,104.68995868748434,104.68995868748434
C,6675.0,0.043835616438356165,72.0,67.97081216374053,6684.05,1.0,-4.029187836259467,4.029187836259467,143.27091085613847,71.27091085613847,71.27091085613847
P,6675.0,0.043835616438356165,62.8,58.92081216374035,6684.05,1.0,-3.8791878362596464,3.8791878362596464,134.22090498365742,71.42090498365742,71.42090498365742
C,6680.0,0.043835616438356165,69.05,66.17691537276707,6684.05,1.0,-2.8730846272329273,2.8730846272329273,94.84690472112743,25.796904721127433,25.796904721127433
P,6680.0,0.043835616438356165,64.7,62.12691537276689,6684.05,1.0,-2.573084627233115,2.573084627233115,90.79691013268939,26.096910132689388,26.096910132689388
C,6685.0,0.043835616438356165,66.0,64.62736273021041,6684.05,1.0,-1.3726372697895926,1.3726372697895926,44.48563128565593,-21.514368714344073,21.514368714344073
P,6685.0,0.043835616438356165,66.95,64.62736273021041,6684.05,1.0,-2.3226372697895954,2.3226372697895954,45.43562925742208,-21.514370742577924,21.514370742577924
C,6690.0,0.043835616438356165,63.0,63.5121996848391,6684.05,1.0,0.5121996848391035,0.5121996848391035,109.57990469064089,46.57990469064089,46.57990469064089
P,6690.0,0.043835616438356165,69.0,63.5121996848391,6684.05,1.0,-5.4878003151608965,5.4878003151608965,115.52990360671174,46.52990360671174,46.52990360671174
C,6695.0,0.043835616438356165,60.099999999999994,62.397036639467785,6684.05,1.0,2.297036639467791,2.297036639467791,147.26338948705416,87.16338948705416,87.16338948705416
P,6695.0,0.043835616438356165,72.0,62.397036639467785,6684.05,1.0,-9.602963360532215,9.602963360532215,158.21338964934057,86.21338964934057,86.21338964934057
C,6700.0,0.043835616438356165,57.7,61.281873594096474,6684.05,1.0,3.5818735940964714,3.5818735940964714,176.42317267939598,118.72317267939597,118.72317267939597
P,6700.0,0.043835616438356165,72.0,61.281873594096474,6684.05,1.0,-10.718126405903526,10.718126405903526,192.37316686325585,120.37316686325585,120.37316686325585
C,6705.0,0.043835616438356165,54.85,60.16671054872515,6684.05,1.0,5.316710548725148,5.316710548725148,200.9241830110759,146.07418301107592,146.07418301107592
P,6705.0,0.043835616438356165,80.2,60.16671054872515,6684.05,1.0,-20.033289451274854,20.033289451274854,221.87418988166382,141.67418988166384,141.67418988166384
C,6710.0,0.043835616438356165,51.95,59.05154750335383,6684.05,1.0,7.101547503353828,7.101547503353828,222.3753878753805,170.42538787538052,170.42538787538052
P,6710.0,0.043835616438356165,78.0,59.05154750335383,6684.05,1.0,-18.94845249664617,18.94845249664617,248.32538829137593,170.32538829137593,170.32538829137593
C,6720.0,0.043835616438356165,46.900000000000006,56.82122141261121,6684.05,1.0,9.921221412611203,9.921221412611203,259.20718603577507,212.30718603577506,212.30718603577506
P,6720.0,0.043835616438356165,84.0,56.82122141261121,6684.05,1.0,-27.17877858738879,27.17877858738879,295.15717857530717,211.15717857530717,211.15717857530717
C,6725.0,0.043835616438356165,44.5,55.70605836723989,6684.05,1.0,11.20605836723989,11.20605836723989,275.4471662195974,230.94716621959742,230.94716621959742
P,6725.0,0.043835616438356165,87.0,55.70605836723989,6684.05,1.0,-31.29394163276011,31.29394163276011,316.3971613836061,229.3971613836061,229.3971613836061
C,6730.0,0.043835616438356165,42.2,54.59089532186859,6684.05,1.0,12.390895321868584,12.390895321868584,290.5902176932773,248.3902176932773,248.3902176932773
P,6730.0,0.043835616438356165,87.0,54.59089532186859,6684.05,1.0,-32.40910467813141,32.40910467813141,336.5402185545586,249.54021855455858,249.54021855455858
C,6740.0,0.043835616438356165,37.85,52.36056923112595,6684.05,1.0,14.510569231125949,14.510569231125949,318.2465390026291,280.3965390026291,280.3965390026291
P,6740.0,0.043835616438356165,93.0,52.36056923112595,6684.05,1.0,-40.63943076887405,40.63943076887405,374.19653866424915,281.19653866424915,281.19653866424915
C,6750.0,0.043835616438356165,34.2,50.13024314038332,6684.05,1.0,15.930243140383318,15.930243140383318,343.1480883289737,308.9480883289737,308.9480883289737
P,6750.0,0.043835616438356165,99.0,50.13024314038332,6684.05,1.0,-48.86975685961668,48.86975685961668,409.09808673318867,310.09808673318867,310.09808673318867
C,6760.0,0.043835616438356165,30.05,47.89991704964069,6684.05,1.0,17.84991704964069,17.84991704964069,0.0,-30.05,30.05
P,6760.0,0.043835616438356165,105.0,47.89991704964069,6684.05,1.0,-57.10008295035931,57.10008295035931,441.8571766995965,336.8571766995965,336.8571766995965
C,6770.0,0.043835616438356165,26.25,45.66959095889806,6684.05,1.0,19.419590958898063,19.419590958898063,0.0,-26.25,26.25
P,6770.0,0.043835616438356165,115.45,45.66959095889806,6684.05,1.0,-69.78040904110193,69.78040904110193,472.8890040062447,357.4390040062447,357.4390040062447
C,6775.0,0.043835616438356165,24.6,44.554427913526744,6684.05,1.0,19.954427913526743,19.954427913526743,0.0,-24.6,24.6
P,6775.0,0.043835616438356165,114.0,44.554427913526744,6684.05,1.0,-69.44557208647325,69.44557208647325,487.8532827344038,373.8532827344038,373.8532827344038
C,6655.0,0.04657534246575343,81.55,75.14639932763438,6685.45,1.0,-6.403600672365613,6.403600672365613,269.68470845912725,188.13470845912724,188.13470845912724
C,6655.0,0.04657534246575343,93.95,75.14639932763438,6685.45,1.0,-18.80360067236562,18.80360067236562,269.68470845912725,175.73470845912726,175.73470845912726
P,6655.0,0.04657534246575343,57.0,44.696399327634566,6685.45,1.0,-12.303600672365434,12.303600672365434,239.2347161887592,182.2347161887592,182.2347161887592
P,6655.0,0.04657534246575343,58.25,44.696399327634566,6685.45,1.0,-13.553600672365434,13.553600672365434,239.2347161887592,180.9847161887592,180.9847161887592
C,6660.0,0.04657534246575343,90.9,73.35250253666092,6685.45,1.0,-17.547497463339084,17.547497463339084,245.37143415600303,154.47143415600303,154.47143415600303
C,6660.0,0.04657534246575343,90.45,73.35250253666092,6685.45,1.0,-17.09749746333908,17.09749746333908,245.37143415600303,154.92143415600304,154.92143415600304
P,6660.0,0.04657534246575343,58.599999999999994,47.9025025366611,6685.45,1.0,-10.697497463338891,10.697497463338891,219.92143305064656,161.32143305064656,161.32143305064656
P,6660.0,0.04657534246575343,59.95,47.9025025366611,6685.45,1.0,-12.0474974633389,12.0474974633389,219.92143305064656,159.97143305064657,159.97143305064657
C,6665.0,0.04657534246575343,88.15,71.55860574568746,6685.45,1.0,-16.591394254312547,16.591394254312547,218.78271277323438,130.63271277323437,130.63271277323437
C,6665.0,0.04657534246575343,83.4,71.55860574568746,6685.45,1.0,-11.841394254312547,11.841394254312547,218.78271277323438,135.38271277323437,135.38271277323437
P,6665.0,0.04657534246575343,60.3,51.10860574568764,6685.45,1.0,-9.191394254312357,9.191394254312357,198.33271983264694,138.03271983264693,138.03271983264693
P,6665.0,0.04657534246575343,61.650000000000006,51.10860574568764,6685.45,1.0,-10.541394254312365,10.541394254312365,198.33271983264694,136.68271983264694,136.68271983264694
C,6670.0,0.04657534246575343,85.55,69.764708954714,6685.45,1.0,-15.785291045286002,15.785291045286002,189.0137927572091,103.4637927572091,103.4637927572091
C,6670.0,0.04657534246575343,80.19999999999999,69.764708954714,6685.45,1.0,-10.435291045285993,10.435291045285993,189.0137927572091,108.81379275720911,108.81379275720911
P,6670.0,0.04657534246575343,62.099999999999994,54.31470895471418,6685.45,1.0,-7.785291045285817,7.785291045285817,173.56378673438894,111.46378673438895,111.46378673438895
P,6670.0,0.04657534246575343,63.55,54.31470895471418,6685.45,1.0,-9.23529104528582,9.23529104528582,173.56378673438894,110.01378673438894,110.01378673438894
C,6675.0,0.04657534246575343,82.45,67.97081216374053,6685.45,1.0,-14.47918783625947,14.47918783625947,154.32990589085466,71.87990589085466,71.87990589085466
C,6675.0,0.04657534246575343,80.35,67.97081216374053,6685.45,1.0,-12.379187836259462,12.379187836259462,154.32990589085466,73.97990589085467,73.97990589085467
P,6675.0,0.04657534246575343,63.95,57.520812163740715,6685.45,1.0,-6.429187836259288,6.429187836259288,143.87991347476645,79.92991347476645,79.92991347476645
P,6675.0,0.04657534246575343,65.25,57.520812163740715,6685.45,1.0,-7.729187836259285,7.729187836259285,143.87991347476645,78.62991347476645,78.62991347476645
C,6680.0,0.04657534246575343,79.4,66.17691537276707,6685.45,1.0,-13.223084627232936,13.223084627232936,110.41096913639785,31.010969136397847,31.010969136397847
C,6680.0,0.04657534246575343,77.45,66.17691537276707,6685.45,1.0,-11.273084627232933,11.273084627232933,110.41096913639785,32.96096913639785,32.96096913639785
P,6680.0,0.04657534246575343,65.8,60.72691537276725,6685.45,1.0,-5.0730846272327454,5.0730846272327454,104.9609741510626,39.160974151062604,39.160974151062604
P,6680.0,0.04657534246575343,67.15,60.72691537276725,6685.45,1.0,-6.423084627232754,6.423084627232754,104.9609741510626,37.810974151062595,37.810974151062595
C,6685.0,0.04657534246575343,69.5,64.62736273021041,6685.45,1.0,-4.8726372697895926,4.8726372697895926,31.17026133425179,-38.32973866574821,38.32973866574821
C,6685.0,0.04657534246575343,70.9,64.62736273021041,6685.45,1.0,-6.272637269789598,6.272637269789598,31.17026133425179,-39.729738665748215,39.729738665748215
P,6685.0,0.04657534246575343,67.7,64.17736273021059,6685.45,1.0,-3.5226372697894135,3.5226372697894135,30.720260919220436,-36.97973908077957,36.97973908077957
P,6685.0,0.04657534246575343,69.05,64.17736273021059,6685.45,1.0,-4.872637269789408,4.872637269789408,30.720260919220436,-38.32973908077956,38.32973908077956
C,6690.0,0.04657534246575343,66.5,63.5121996848391,6685.45,1.0,-2.9878003151608965,2.9878003151608965,96.15312562544705,29.653125625447046,29.653125625447046
C,6690.0,0.04657534246575343,67.9,63.5121996848391,6685.45,1.0,-4.387800315160902,4.387800315160902,96.15312562544705,28.25312562544704,28.25312562544704
P,6690.0,0.04657534246575343,69.75,63.5121996848391,6685.45,1.0,-6.2378003151608965,6.2378003151608965,100.70312007835537,30.95312007835537,30.95312007835537
P,6690.0,0.04657534246575343,71.25,63.5121996848391,6685.45,1.0,-7.7378003151608965,7.7378003151608965,100.70312007835537,29.45312007835537,29.45312007835537
C,6695.0,0.04657534246575343,63.599999999999994,62.397036639467785,6685.45,1.0,-1.202963360532209,1.202963360532209,137.8679822121735,74.26798221217351,74.26798221217351
C,6695.0,0.04657534246575343,65.05,62.397036639467785,6685.45,1.0,-2.652963360532212,2.652963360532212,137.8679822121735,72.8179822121735,72.8179822121735
P,6695.0,0.04657534246575343,71.85,62.397036639467785,6685.45,1.0,-9.452963360532209,9.452963360532209,147.4179740686577,75.56797406865772,75.56797406865772
P,6695.0,0.04657534246575343,73.35,62.397036639467785,6685.45,1.0,-10.952963360532209,10.952963360532209,147.4179740686577,74.06797406865772,74.06797406865772
C,6700.0,0.04657534246575343,60.75,61.281873594096474,6685.45,1.0,0.5318735940964743,0.5318735940964743,168.8477007284373,108.0977007284373,108.0977007284373
C,6700.0,0.04657534246575343,62.2,61.281873594096474,6685.45,1.0,-0.9181264059035286,0.9181264059035286,168.8477007284373,106.6477007284373,106.6477007284373
P,6700.0,0.04657534246575343,67.35,61.281873594096474,6685.45,1.0,-6.06812640590352,6.06812640590352,183.3977009624673,116.0477009624673,116.0477009624673
P,6700.0,0.04657534246575343,71.69999999999999,61.281873594096474,6685.45,1.0,-10.418126405903514,10.418126405903514,183.3977009624673,111.69770096246731,111.69770096246731
C,6705.0,0.04657534246575343,58.0,60.16671054872515,6685.45,1.0,2.166710548725149,2.166710548725149,194.4421642716684,136.4421642716684,136.4421642716684
C,6705.0,0.04657534246575343,59.4,60.16671054872515,6685.45,1.0,0.7667105487251504,0.7667105487251504,194.4421642716684,135.04216427166838,135.04216427166838
P,6705.0,0.04657534246575343,82.8,60.16671054872515,6685.45,1.0,-22.633289451274848,22.633289451274848,213.99216222944506,131.19216222944505,131.19216222944505
P,6705.0,0.04657534246575343,77.45,60.16671054872515,6685.45,1.0,-17.283289451274854,17.283289451274854,213.99216222944506,136.54216222944507,136.54216222944507
C,6710.0,0.04657534246575343,55.3,59.05154750335383,6685.45,1.0,3.7515475033538337,3.7515475033538337,216.64279701022588,161.34279701022587,161.34279701022587
C,6710.0,0.04657534246575343,56.7,59.05154750335383,6685.45,1.0,2.351547503353828,2.351547503353828,216.64279701022588,159.9427970102259,159.9427970102259
P,6710.0,0.04657534246575343,78.0,59.05154750335383,6685.45,1.0,-18.94845249664617,18.94845249664617,241.1927972634976,163.1927972634976,163.1927972634976
P,6710.0,0.04657534246575343,80.75,59.05154750335383,6685.45,1.0,-21.69845249664617,21.69845249664617,241.1927972634976,160.4427972634976,160.4427972634976
C,6715.0,0.04657534246575343,52.7,57.93638445798253,6685.45,1.0,5.236384457982524,5.236384457982524,236.45263148514778,183.7526314851478,183.7526314851478
C,6715.0,0.04657534246575343,54.1,57.93638445798253,6685.45,1.0,3.8363844579825255,3.8363844579825255,236.45263148514778,182.35263148514778,182.35263148514778
P,6715.0,0.04657534246575343,81.0,57.93638445798253,6685.45,1.0,-23.063615542017473,23.063615542017473,266.002632457436,185.002632457436,185.002632457436
P,6715.0,0.04657534246575343,82.05000000000001,57.93638445798253,6685.45,1.0,-24.113615542017484,24.113615542017484,266.002632457436,183.95263245743598,183.95263245743598
C,6720.0,0.04657534246575343,50.15,56.82122141261121,6685.45,1.0,6.67122141261121,6.67122141261121,254.461170544354,204.31117054435398,204.31117054435398
C,6720.0,0.04657534246575343,51.5,56.82122141261121,6685.45,1.0,5.321221412611209,5.321221412611209,254.461170544354,202.961170544354,202.961170544354
P,6720.0,0.04657534246575343,77.4,56.82122141261121,6685.45,1.0,-20.578778587388797,20.578778587388797,289.01116522880466,211.61116522880465,211.61116522880465
P,6720.0,0.04657534246575343,85.6,56.82122141261121,6685.45,1.0,-28.778778587388786,28.778778587388786,289.01116522880466,203.41116522880466,203.41116522880466
C,6725.0,0.04657534246575343,47.65,55.70605836723989,6685.45,1.0,8.056058367239892,8.056058367239892,271.04973536745365,223.39973536745364,223.39973536745364
C,6725.0,0.04657534246575343,49.0,55.70605836723989,6685.45,1.0,6.706058367239891,6.706058367239891,271.04973536745365,222.04973536745365,222.04973536745365
P,6725.0,0.04657534246575343,80.15,55.70605836723989,6685.45,1.0,-24.443941632760115,24.443941632760115,310.5997345417468,230.44973454174678,230.44973454174678
P,6725.0,0.04657534246575343,88.1,55.70605836723989,6685.45,1.0,-32.393941632760104,32.393941632760104,310.5997345417468,222.4997345417468,222.4997345417468
